8
1 500 1000 200 42 777 13 99
3.011496
7.726995
2.692152
-3.291340
-2.378764
0.300727
-2.372840
3.479876
0.299200
-0.510115
-0.954269
-2.482316
7.567278
4.535247
6.838022
-0.398708
-0.843702
-0.654703
-0.673276
-1.324189
-2.008734
-1.421087
-2.526841
-2.780970
0.429533
0.389379
3.261442
2.272576
-3.306155
-2.377578
-2.375208
3.446352
-2.573540
-2.604831
0.034087
0.064092
0.293678
0.567038
-1.993173
-0.324341
-1.851181
-0.521115
0.064340
0.767994
-1.799526
-1.960694
0.294943
-0.548957
0.395701
0.121228
0.634490
-0.318429
-1.193111
-1.237290
-2.442740
0.565380
-1.487728
-1.314524
-1.885688
-3.294631
0.403388
-3.289694
-3.301215
-2.375208
-0.516110
3.861270
1.053971
1.011180
0.066964
0.906032
-0.804211
1.815991
0.022384
1.439146
-0.450915
-1.228846
1.546042
0.134449
0.601811
1.031120
0.293489
-1.588826
-0.690909
4.262074
1.170441
2.247076
0.843221
-1.010876
-2.631083
3.416001
0.349963
-1.636031
-3.291340
0.417438
-1.816771
-3.297923
1.707154
-3.297923
-2.377578
-2.379945
0.647769
-3.292986
-2.379945
-1.079273
-2.377578
-3.286402
-3.283111
-2.377578
-2.844498
-3.296279
-2.370473
-3.291340
-2.370473
-3.301215
-2.374024
-2.376391
-2.376391
-3.304507
-2.369287
-2.378764
-3.291340
-1.653035
-3.301215
-2.382313
-2.576109
-2.370473
-2.372840
2.015519
-0.924096
-2.370473
-2.375208
-2.377578
-3.291340
-3.286402
-2.376391
-3.297923
-3.297923
-3.301215
-2.569684
-3.296279
-3.294631
-3.297923
-3.291340
-2.372840
-3.296279
-2.378764
-2.376391
-0.767284
-2.369287
-3.297923
-2.382313
-1.655505
-2.376391
-3.286402
-2.379945
-2.378764
-2.377578
-2.371657
-2.365736
-2.372840
-3.288050
-2.372840
-3.297923
-3.289694
-2.370473
-3.605865
-2.378764
-2.371657
-2.379945
-2.370473
-3.281466
-2.368106
-2.375208
-2.372840
-2.376391
-3.284758
-3.294631
-2.376391
-2.370473
-2.366920
-3.291340
-2.370473
-2.374024
-2.368106
-3.292986
-2.376391
-2.374024
-3.296279
-2.374024
-2.376391
-3.294631
-3.292986
-2.378764
-2.378764
-2.376391
-2.376391
-2.379945
-3.294631
0.463904
-2.163232
-2.377578
-3.294631
-2.376391
-2.375208
-2.372840
-2.370473
-2.378764
-2.370473
-2.379945
-2.371657
-2.375208
-3.296279
-3.291340
-2.379945
-3.297923
-2.369287
-2.369287
-2.371657
-2.375208
-3.288050
-2.376391
-2.185114
-3.289694
-2.376391
-3.291340
-3.296279
-3.301215
-2.374024
0.528432
-2.372840
-2.375208
-2.371657
-2.510578
-2.371657
0.119799
-3.296279
-2.371657
-2.375208
-2.371657
-2.372840
-3.302859
-2.377578
-3.284758
-2.369287
-2.369287
-2.374024
-3.294631
-3.292986
-2.368106
-3.291340
-2.383498
-2.377578
-3.292986
-2.377578
-2.374024
0.528707
-3.292986
0.750963
-1.286843
0.955944
0.279749
-0.640035
0.354650
4.139948
2.858571
8.015486
4.672390
-0.981223
1.898184
-1.814983
-0.473693
-0.415190
-0.582772
-2.734711
0.639035
-1.260616
0.927116
-2.281782
3.109838
1.414833
-2.019178
0.931591
3.181538
-0.188959
0.156391
0.102127
1.830953
3.025202
0.297082
4.089797
-0.047667
-0.078912
-0.312129
1.639888
0.429760
-1.932634
0.237303
1.960763
1.254026
-3.970292
0.143253
-0.793538
2.169208
1.907984
1.813934
-0.660797
-1.256991
1.886658
-1.051430
3.466884
2.408862
-0.073456
0.717730
0.240243
-0.575464
1.657037
0.835377
4.067402
-0.378405
-1.116386
1.676757
-0.875419
-0.939770
-1.789870
-0.838764
-0.473255
0.137151
-0.041500
0.930569
1.476936
-1.905708
0.544595
-0.127398
2.742790
-0.002437
0.828207
0.106464
0.873064
2.332539
-2.181045
-0.165124
-3.191113
0.105717
0.229068
3.971073
-1.425896
3.503292
0.332285
2.963447
-0.483552
0.609420
2.655124
1.169943
-0.270229
4.065053
-1.896152
-1.588826
2.113493
-0.962234
4.851737
1.961474
4.717028
0.564918
0.736463
0.023124
1.681537
-0.488389
-2.892034
-0.194323
-0.453086
6.416292
-1.881737
-0.663767
-2.374024
0.342881
-0.484890
3.813790
-2.377578
-3.289694
-3.297923
-2.372840
-2.374024
-4.467653
-2.374024
-0.375095
-0.298530
-0.781784
-0.966711
-0.960432
-1.629151
0.104275
-0.273754
1.108831
0.485691
1.336034
1.807076
2.131757
0.214928
-1.325888
-1.628834
-2.538377
-0.279684
-2.044708
-0.402077
-0.246195
2.090686
1.342538
1.196663
2.335595
0.305274
-2.780038
1.730707
-0.324524
3.466226
-2.348400
-1.301055
4.798493
-1.597639
-3.289694
-0.326192
0.251487
-1.541930
4.006819
0.395804
-0.304304
-1.634937
4.768233
-2.819850
-1.642392
-2.621949
0.630546
-2.207041
-1.087098
-1.123377
-1.617572
-3.286402
1.587666
-1.178647
6.645991
-0.477005
-2.403296
3.179582
-1.335558
3.829919
0.814609
-1.405407
0.890838
0.499493
-2.124466
-0.440103
2.569700
-0.932662
0.087669
2.630481
3.259645
1.930862
3.341894
-0.394226
-0.156877
1.966866
-1.525122
-1.599697
0.693830
-1.150395
0.479203
-3.619545
0.036707
-2.501589
-0.103712
0.620953
0.503908
-1.299758
-0.769618
-0.242941
0.176165
-0.367787
0.557327
-2.322997
-2.378764
-2.193016
0.635981
1.653967
-1.169108
0.354007
2.391813
3.709521
-3.040738
0.375460
0.996373
0.111726
-1.576889
2.096042
-0.094764
1.051991
4.205465
0.717529
0.200761
-1.066109
-0.315240
2.427887
-1.579909
-3.264179
-0.799429
0.341962
0.395521
-0.725442
1.106160
-0.627058
-5.190620
-1.423294
-2.375208
-2.968373
-0.794132
-1.887157
0.168618
0.371113
0.570421
2.777156
-3.642724
0.375209
-0.609435
0.272904
-0.251912
-0.459568
3.098217
3.787828
1.597209
0.294909
-2.959825
2.433224
-2.930352
5.424891
-0.152161
0.065117
0.378369
-0.376332
1.238596
-0.049029
-1.081531
-1.109735
1.772381
3.273050
-2.375208
-1.046721
0.255583
-1.456325
-2.486169
-3.068771
0.240052
-1.094597
-1.570866
-1.324415
4.760970
-3.296279
-2.882445
-0.614987
-0.408488
4.011432
0.462698
0.054457
0.254987
3.929810
-1.731076
-2.190583
-0.862655
2.803269
0.512067
0.427653
0.469158
-1.715352
1.151323
-0.430155
0.817338
-0.991508
-0.381627
-1.493796
-0.648860
-1.756518
-3.317292
0.222327
5.045316
-1.037510
3.508708
-1.018705
1.604208
-1.660627
4.242086
0.110015
-0.764278
2.963960
1.230133
2.107885
0.293747
0.202821
-0.160750
-0.825529
-0.863518
0.220748
-0.532671
2.253070
-1.114514
-1.758928
-0.710508
-2.192765
0.747150
-1.349420
1.843591
-0.137370
-0.711586
-2.381131
0.825975
-0.502187
-2.692891
-0.376350
2.792695
-1.286660
-1.458717
0.355636
-1.621445
-1.022249
-0.008375
2.756807
0.321946
0.792158
-2.371657
-2.814421
1.073294
-1.456489
1.546822
-0.333314
-0.780581
-1.647270
4.229407
3.107942
-1.540985
1.208981
2.137581
0.486168
-0.906158
-0.524156
1.677746
-0.272097
2.574294
0.289425
0.781568
-1.704505
2.620344
-1.411375
0.374779
-2.145003
-0.220079
-1.543895
-1.386735
-1.815392
0.619059
2.859612
-0.046866
0.366784
0.260764
0.054167
-0.835834
-1.845740
-1.581415
1.503843
0.299987
-2.801728
-0.514111
-1.814271
-1.562746
-0.584499
-1.411937
-2.481030
0.015794
3.026943
1.937274
2.684924
-3.480296
0.186557
0.856810
2.733490
-1.571475
1.630803
-2.433537
-2.394632
0.302413
-0.925802
-0.391363
1.252516
-3.299570
0.414413
-0.364683
-2.233267
-1.377245
3.259513
-1.356136
-0.670046
-0.061910
-1.385326
-0.950997
-3.294631
-1.703043
-0.184835
-2.374024
-0.259157
-2.113185
-2.973764
-2.378764
0.332926
0.703644
0.846495
-0.940098
4.255440
0.479345
1.039936
-3.289694
-0.301451
1.926772
-0.997770
3.855236
1.097945
-2.376391
-2.056223
-0.996092
-0.869115
1.814441
0.102881
0.390177
2.257090
0.162326
-3.439877
-2.035764
-0.615821
-0.598459
-0.936185
1.386934
2.640085
-2.518824
-1.010312
1.697643
0.857522
-1.462286
0.009618
0.945015
0.784657
-1.696339
3.308719
-3.294631
0.856110
-2.527817
-1.977432
-1.511602
0.221270
2.901921
-1.153860
-0.145653
0.235906
-3.847045
0.067404
2.905938
-1.294728
0.230137
-0.079833
-2.768830
-2.285341
-3.456071
-1.691245
-0.692036
1.388134
-2.203887
-3.309564
-0.659548
-1.525828
0.038759
3.292387
4.678314
4.014143
1.727656
1.779167
-2.475893
1.817942
0.098671
-0.444086
-1.012538
-3.281466
-1.468040
0.931668
-1.668611
1.510731
-1.944806
-3.406962
-0.069332
-2.233432
-0.494596
-0.370221
-0.360770
0.891201
-2.481381
4.237095
-2.812314
-0.881487
0.302872
0.783075
-2.552476
-1.380328
1.273379
-0.508133
-1.688616
0.890222
-0.889007
-1.506275
-0.982453
-2.000957
-1.925458
5.337449
3.162392
-3.292986
0.304708
-0.296678
-1.982967
-0.911215
1.647426
-0.206473
-2.369287
-0.413605
-1.650564
0.285779
0.179965
-2.950904
-2.617451
0.192203
-2.892034
-1.632534
0.045426
-0.880019
-3.526174
0.423100
-0.597758
-2.448315
0.150907
-2.791242
-1.603752
0.120421
-2.592175
-3.401518
0.177620
1.211257
0.157074
2.415868
-0.708864
2.808707
1.302150
-0.486311
2.492137
-0.444680
-2.487452
-1.220902
-2.422022
-0.585813
-2.792519
-0.100671
-0.191218
1.148125
-1.243084
-0.986585
-1.035992
2.037319
-2.943037
0.851277
-2.069278
-1.132176
0.818645
-0.947106
0.908844
-0.805371
2.760043
2.764150
-1.488340
-2.371657
-1.241446
-1.653035
-1.112027
-1.356137
0.393915
0.084950
-1.350800
-1.335240
0.202522
2.139249
-0.370100
1.614337
-0.720952
-1.982738
-2.516816
-2.894954
-1.843323
-1.829666
-0.823960
0.406151
-1.826077
-0.977701
1.531562
-1.700136
-0.835313
-1.258201
1.984061
-0.122140
0.425855
0.939439
0.307802
-0.755377
-1.980260
0.320742
-3.142947
-3.419613
0.924659
1.170053
-0.768481
0.304248
-1.779071
0.291541
-2.370473
-1.850343
-0.787118
-0.832339
-2.711542
-0.980000
-2.201255
0.275983
-0.296471
-3.172134
-0.972913
-0.547771
-2.573540
0.803894
-1.396837
-2.775365
-1.649429
-1.445875
-2.283163
2.095228
-2.369287
-1.291421
0.188821
-2.370473
1.535758
-0.000912
-1.637465
-1.374215
0.048614
-2.415091
0.445048
-0.451028
1.272755
-0.159480
-2.189314
-0.406935
-2.375208
-2.423630
-1.409636
0.387582
-4.414925
-2.309169
-3.578879
-0.210983
-1.766091
0.170923
0.609134
-2.377578
-1.801344
-3.468491
-0.284617
1.082903
-1.128610
1.172379
4.667971
-1.114210
-2.419116
-0.933713
-0.457221
0.436215
0.639080
0.072975
-1.177529
-2.372840
3.034998
-0.064447
-0.977136
0.752782
-0.976189
0.272266
-0.421420
-0.260699
1.504907
-0.355472
-1.996426
-0.961438
-0.870134
1.988182
1.717920
4.059565
-3.291340
0.544661
0.026679
1.084017
-0.642359
0.537735
0.706807
-1.272530
-0.629911
-0.196140
0.156216
0.157165
-0.719162
-3.289694
1.326114
-1.557026
-2.624306
0.522120
0.745428
-0.372139
-0.913641
0.711663
0.396395
1.986503
-0.018466
-0.678767
-0.141654
3.692101
-0.841077
-3.299570
1.406802
0.336272
0.492073
-1.257886
1.245118
-0.617325
1.160772
-0.628650
-1.991409
-0.475621
-3.288050
-1.435656
-0.562711
-0.051675
-1.883646
-1.142307
-1.698696
1.332464
-0.374865
-0.220998
-0.872889
-2.371657
-1.407001
2.580032
-0.911558
-0.443305
1.549457
0.756464
-3.369159
-2.175209
-2.514436
-2.062593
0.971350
1.401547
-0.548474
-1.929015
-1.654819
-2.150018
1.352386
-0.252219
-1.382311
0.554862
-4.167531
-1.142009
-3.032274
0.037856
-0.061623
1.273345
-2.388704
0.426745
-1.631548
2.355106
-0.104013
-0.613562
-2.475893
-0.953937
-0.469476
-2.472848
-1.763643
1.952644
0.259309
-1.596977
1.379596
-3.215079
-1.255534
0.021421
-0.887457
-2.322673
2.010102
-3.127286
-1.194860
-3.027611
-3.292986
-2.194245
-0.330729
1.346618
0.827692
-1.584132
0.046598
-0.733564
-2.870288
-1.318806
2.145243
3.893834
-0.478882
-0.665934
2.393481
0.421091
0.364832
-1.070706
0.302258
1.390438
-0.802976
3.161361
-1.401998
-0.242313
-1.485797
-0.707394
0.723057
-1.026976
0.538522
-3.294631
-0.007930
-1.290066
-2.374024
-2.178523
-1.178964
-2.016862
-2.385780
-0.336962
-2.324635
2.914743
-0.341156
-3.291340
-3.292986
-2.915406
-3.016690
0.744748
0.101992
-1.988947
1.576894
-2.471255
-1.010337
0.827749
0.950729
0.943783
-0.124296
-2.374024
4.224886
-1.443408
-3.353983
-2.372840
1.157316
-1.169395
-2.610963
-1.184152
0.530890
0.762684
-0.447887
-3.977533
1.057140
-1.531213
-0.365316
-2.217982
-1.306852
-2.615347
0.670593
1.157273
0.291833
-3.116006
0.955809
-0.990744
-0.155034
-0.039096
-1.080353
1.535490
-3.289694
-0.691118
-0.114738
-3.007347
-1.967199
0.153582
0.174301
2.335183
-0.422259
-1.133081
0.770997
0.418696
0.208378
-2.371657
-1.500507
-0.646818
0.109546
-3.297923
-0.279101
-0.376194
-1.785020
-1.510437
-0.267670
-2.124192
-1.578340
0.196642
-1.538228
-1.850076
-3.001111
-0.742739
-2.201566
1.408666
-0.008377
-2.548783
-2.264234
0.678661
-1.235090
0.492845
-2.117927
-0.184876
-1.950530
-0.826891
1.746373
0.593368
-2.376391
-2.800224
-1.790303
-2.713769
-0.033897
0.838881
-1.378283
1.559080
-0.560199
1.813149
0.437633
0.253992
-1.888850
-2.762041
-1.450557
-2.396402
-1.361769
-1.272180
3.267434
0.178567
-1.363296
-0.304733
-0.115920
-0.807909
-2.881367
-3.063552
-1.870215
-2.369287
0.176712
-0.414414
-2.622663
-0.013777
-0.034591
-4.135991
0.094195
1.148392
-3.294631
1.030711
-3.142947
1.266538
-0.365132
-1.019847
-0.382431
-1.255945
-4.447259
1.631353
-2.375208
-1.696951
1.543466
-3.279822
-0.121078
1.981669
0.965151
-0.403219
-3.723006
-1.883053
-1.762966
-2.369287
-2.075093
0.295477
-2.372840
-3.299570
-1.930411
0.876642
-0.652932
-1.009038
0.745559
0.233614
-0.194690
-0.089636
-0.663267
-1.393042
0.329393
1.524222
-0.089217
1.045868
-1.826953
-0.968566
-2.547311
0.815558
-0.191987
0.804373
-1.642893
0.891345
-2.376391
1.432928
0.462064
0.272353
-1.420814
-1.070080
-3.073179
-2.996435
-1.359482
0.359306
-0.939051
0.602838
1.899312
-1.637483
0.224606
1.524114
-0.751354
1.009750
-1.048115
0.593841
0.743973
0.725900
-0.094127
-1.787005
-2.353186
-2.378764
-1.286041
-1.686283
-0.649304
0.281727
-1.926086
-0.165091
0.624404
0.096513
-3.008902
-1.352315
0.388253
-0.847087
-1.831840
-0.127620
-2.376391
0.674084
2.089811
1.053190
-0.712681
-2.831607
0.274220
-2.545702
-0.475501
-0.470310
0.219036
0.939782
0.225276
-2.772406
-0.155730
-2.568373
-1.152462
-3.304507
-0.067840
-0.248941
0.634297
-0.065153
0.297819
0.291850
-2.368106
-0.701449
2.786568
-1.648095
-1.657811
2.129341
-1.362841
0.146075
0.458220
-1.237005
-3.067655
0.273348
-0.338804
-3.380658
-1.420258
2.463043
-2.247343
-3.240229
-1.219410
0.160413
0.383302
3.008252
0.842607
-0.617445
1.559648
-0.785085
0.024615
-0.409225
2.266652
0.910888
-1.696339
-0.920542
0.733758
-1.011942
0.866159
-1.792994
0.326259
0.788799
-0.576931
1.212450
0.217485
-3.297923
3.895379
0.406156
-0.728522
-1.409822
-0.906478
-0.229955
-2.812344
0.851869
-1.355001
1.503497
0.114255
0.390007
-2.515722
0.408575
-2.884904
5.614307
-0.310684
-2.375208
-1.237238
-3.294631
-0.451443
0.428033
-3.299570
3.039555
-2.377578
-0.769024
-2.940348
0.009959
0.527744
0.607624
2.406945
-1.341381
0.453100
0.898162
-1.532725
-1.775535
-0.553585
1.429727
-0.409109
-0.840498
-0.772001
0.965186
-2.370473
1.808410
1.092262
-0.102832
1.621457
0.489214
-0.164081
-1.840109
-1.080353
-1.302150
-0.727613
3.125807
0.488688
2.369470
-1.264869
-1.549211
-2.266013
-1.292867
-1.697191
0.802179
0.294150
-2.245430
-1.402367
-2.372840
-0.183777
-1.695493
-0.346831
-1.032000
-0.382701
-0.788182
-2.691144
-2.150529
-2.435382
-1.450575
-0.129964
-1.705062
-2.388520
-0.514431
-1.623733
-1.375414
-0.044301
-2.155007
-0.365381
-1.383805
0.553480
0.796758
0.129044
-0.272504
1.235717
-3.286402
0.536316
-0.394867
0.489369
-2.921572
-1.081979
-1.705290
-3.171794
-0.383835
-1.418406
-3.301215
-0.870195
0.132468
-0.438073
-0.304137
0.483107
0.195243
-0.081397
0.859582
-0.103273
0.141864
-2.806129
0.735354
-0.063481
-2.371657
-0.328988
2.400998
-1.560958
-0.062730
1.538590
1.124564
-3.306817
3.305162
-1.027777
-2.713968
-3.360530
-1.618056
-2.372840
1.674867
-1.253542
-1.468928
-0.358090
2.101504
0.149411
-1.411267
-1.990971
-2.510636
-1.088370
-1.019244
1.488553
0.783929
-2.541599
-0.869461
-1.455909
4.162259
-0.757998
-0.218935
1.119198
0.908761
-0.648365
-0.522597
0.328343
-0.072210
0.126788
-2.569684
-1.026367
-0.764957
0.825074
-0.476098
2.409857
-2.222132
-0.670990
0.842324
-0.606524
0.794655
1.092447
-1.982121
2.712806
1.276673
-2.915428
-4.539618
1.738770
-2.147407
-0.720580
0.150991
-1.175106
4.126997
-1.088912
-0.540082
-2.311670
-1.749819
-0.433181
0.585704
-0.504537
1.627048
-1.590545
-1.748974
-2.580697
-3.363912
-2.506728
1.834835
1.251222
-0.368399
-0.925698
-1.790947
0.118523
-0.482022
2.470322
0.249727
-1.202781
0.501704
-2.797220
-0.003283
0.709502
0.064769
0.112973
-0.347194
-0.295892
-0.591032
0.291850
-2.797220
-2.271784
-0.996639
-1.143576
-0.909943
-0.879955
-1.266044
-0.338084
-0.930603
-0.939737
-0.429844
-0.828563
0.291787
-4.678029
-4.210889
-1.097821
0.814697
0.160355
0.561820
-1.881681
0.204655
-0.862217
-0.850427
-0.073476
-0.220567
-1.188030
-0.206760
1.372565
0.170894
2.639110
-3.002671
-0.657341
-1.272671
-3.209400
0.291771
0.868873
0.290702
-1.743220
-0.869996
-1.260918
-2.601923
-0.973968
-0.155610
0.501872
-0.895700
-1.609352
-4.801605
-1.190062
-0.548411
0.285126
-0.081792
-1.307814
-1.416883
0.308369
-1.013727
0.021719
0.293494
-0.586199
-1.458611
1.893567
-0.434968
0.539693
-1.050853
-1.433653
-1.166527
0.357721
0.804737
-1.122787
-0.079993
2.056039
1.472314
3.230456
0.530344
0.694638
-1.580384
-0.151991
1.070205
-0.672193
-1.287374
-0.948403
-2.428135
3.523154
-1.200912
0.869677
-0.439453
-3.291340
-0.428329
0.967513
-0.390234
0.489883
-0.539477
-0.373613
1.374328
-1.366065
-3.286402
-0.708020
-1.184168
-2.573540
-0.138608
-2.376391
-2.646084
0.907915
-1.419463
2.376982
-1.507483
-2.564544
-4.270107
-1.649416
0.628742
-0.175444
1.156193
-0.492611
-0.209475
-0.106755
0.412683
1.190744
-0.983856
-1.452882
-1.495134
-1.087246
0.833614
0.582795
-0.343869
1.122013
-2.442250
-1.018047
0.011519
1.073198
-2.011584
-0.807193
-2.447215
-1.869292
-2.233886
0.354206
0.096629
0.179522
-2.020102
-1.173812
-0.799353
-1.210673
-2.588750
-1.004798
-0.280874
-0.792691
-0.719765
-1.030750
-2.403950
-2.125194
-1.818143
-0.337954
-0.599724
-0.877519
-1.248302
-0.404251
1.611838
-0.768977
0.008071
-2.389201
-1.341820
-1.208045
-3.296279
0.976846
-1.037450
0.300269
-0.866375
-0.855671
-0.291770
-1.537904
-0.794950
-1.391846
0.093521
0.935447
-0.638219
0.867333
-0.932545
-0.103030
-2.370473
-2.576109
0.342859
-0.176419
-2.377578
1.473558
0.407203
-0.100706
-0.163732
0.133507
-0.000681
-0.730496
-2.490024
-2.369287
0.808451
1.796899
-2.378764
0.627832
-1.025888
-0.087744
-0.450229
0.211582
0.251988
-3.291178
-1.223239
0.913105
-0.586832
0.043012
-1.578616
4.045460
-0.517893
2.582594
-2.752127
-0.016105
-1.397104
-0.258868
0.212446
-0.276742
-1.337334
3.653230
-2.648418
-3.301215
-1.725859
-0.538092
-1.027931
-2.661482
-2.825594
0.464343
-1.228745
-1.206327
0.047970
3.667825
-1.501753
-0.011128
0.383234
-0.398887
1.812412
-0.399850
-1.925408
2.787765
1.959895
-0.837931
-1.310486
-2.629004
-2.375208
-2.076198
-3.291340
1.463573
-0.690433
-1.967529
-1.436329
-0.207249
-2.025466
0.804090
2.310707
-1.432242
0.238651
1.436167
1.450898
0.195365
-1.532055
-3.296279
1.313717
-0.814155
-0.132504
-2.070201
-0.465881
-2.372840
-0.408598
-0.323095
-0.990713
-1.674856
-0.829598
-0.727064
-3.093732
-1.467461
3.554471
-0.579307
-0.987013
-2.214752
0.172600
-0.991760
0.500059
-0.644163
-0.015757
-1.910481
-1.348235
0.404829
-0.945977
-1.537997
-1.901949
-3.289694
-3.302859
0.089639
2.165220
-0.625531
0.087049
-2.154651
-2.334963
-0.208212
-1.764681
-0.459986
0.386418
-0.323919
-0.934893
0.304098
-0.913875
-3.291340
-0.798429
-0.192445
-0.549556
-0.020036
-2.578325
-1.459759
-0.680463
-2.084969
-2.375208
-1.839097
0.305581
-0.769104
-2.893450
3.814322
3.103437
0.304862
0.482957
-1.988261
1.142264
0.304098
-1.126215
-1.492976
-2.564544
-0.500616
-0.406990
-1.157398
-0.173771
0.017530
1.436008
-1.606250
-1.800505
-0.291630
-3.001111
-2.115775
-2.440006
-0.382213
0.299539
-1.077109
-0.679204
0.302567
0.524337
-0.194931
-2.962156
-0.459677
1.286529
-0.225120
-0.816841
-2.324297
0.187785
-2.376391
-0.775918
-2.371657
-0.223653
-0.568654
-3.292986
1.713647
-2.745037
-1.143613
-1.157091
-0.883446
1.718566
-2.297960
-2.630915
-2.807892
-0.307130
-0.147495
0.137414
0.423308
-2.375208
0.514823
-3.367846
-1.252183
1.207567
-2.375208
-1.699738
0.275592
-0.962467
-2.154314
-2.862974
-1.837295
-0.537975
0.046817
-0.365886
-3.284758
-2.779056
-1.799115
-2.298448
-0.810603
-2.364566
1.786963
0.105114
-3.296279
-3.294719
-3.272428
-1.836585
-1.767741
-2.802882
-0.871750
-1.534287
-3.135373
-1.080353
-3.545020
-1.569539
-2.474794
1.045519
1.331163
-2.904502
3.852826
0.223359
-1.521418
1.954202
-1.991213
0.218410
-0.330686
1.069130
0.855187
-0.155978
-0.726164
1.316741
-2.827282
-0.340079
-0.381243
-1.124230
-0.675519
-2.081076
-0.482602
-0.485056
1.050864
-0.127719
0.347220
1.587303
0.366487
-2.954810
-1.330873
0.154866
0.351782
0.217495
-2.911521
-1.196418
-0.238017
2.491856
-2.377578
0.677083
-0.324525
-2.651317
0.325109
-1.687901
-1.135883
-2.377578
-3.333350
-0.222803
-1.096766
-1.939020
-1.505694
-2.371657
-0.522168
-0.799840
-2.377578
-0.566438
-0.601990
-1.772967
-1.549092
0.294521
0.139100
-2.159133
-1.365334
-1.597939
-0.792844
1.969130
-1.685926
1.193794
1.035134
-1.360924
2.661998
-2.370473
-2.509299
-1.395290
-1.547145
-1.817241
-2.916968
1.186575
-3.289694
-1.034042
-1.939040
-2.977735
-1.063691
0.091804
1.709565
-1.081435
-2.375208
-3.209990
-2.446339
-1.124577
0.484577
-2.219180
-0.634355
0.811877
-0.017420
-2.979114
0.142604
1.470047
0.327887
-0.760908
-0.050116
-0.417145
-2.374024
-3.301215
0.163900
1.254257
-2.060083
0.451653
-0.500710
-0.427228
-2.482316
0.328401
-1.573804
-3.015962
-0.256429
-1.985925
-1.076233
-0.885785
-0.549273
-1.970843
-2.370473
0.919946
-3.296279
-2.570969
-1.467955
-2.375208
-3.362586
-2.532424
-0.675002
-0.266183
-2.482143
-1.673081
-2.496448
-0.317720
-0.319406
-0.909172
0.693547
2.249384
-1.702920
0.419030
-2.455331
0.080808
1.546438
-1.543269
-2.574823
0.298431
0.432260
-3.004229
-0.514447
-0.189073
0.908843
-0.013172
3.642334
-2.513318
-3.074969
0.138313
-2.932550
-2.104356
-2.576109
-0.171789
-0.720258
-1.768013
-0.187886
-3.289694
-2.371657
-2.206252
-0.625459
-2.207373
0.075692
-0.040937
-1.468878
-0.549047
-2.101511
1.479243
0.100115
-1.838667
1.148679
-2.018826
-0.637878
0.654926
-1.576473
-1.697137
-2.356793
-1.773039
0.493985
-1.662365
0.467215
-3.291340
-1.649493
-3.291340
0.399712
-1.721526
-0.929051
0.391289
0.636728
-0.639965
0.251570
0.230877
-0.727572
-1.736222
-1.015407
-3.461489
-2.617388
-0.644851
-1.674057
0.292918
-1.715745
1.518848
0.358495
-0.493429
-0.287979
0.156731
-0.043822
-2.159087
-2.751704
-2.497735
-2.120612
-0.205884
-2.372840
0.184973
-0.010071
0.568457
-2.348245
-2.502052
0.395587
-1.442602
-1.887047
0.345018
-0.537772
-2.370473
0.043232
-0.342125
-0.049329
0.408357
-1.196779
-2.154070
0.339320
-0.206857
0.772284
-1.084027
-1.050846
-3.874780
-0.800619
-1.810979
-2.806614
-0.997268
-2.376391
-3.063393
0.224497
-1.584720
-0.063320
1.237095
-0.718460
1.486752
-0.816096
0.399811
-1.363672
-3.286402
0.191060
0.590845
-1.216364
-3.296279
-2.372840
-0.775646
-2.371657
-3.453464
-2.073647
-3.294631
-1.639911
-2.564934
-1.117876
0.695239
2.625964
1.712974
-0.850744
-0.057307
1.074692
-0.450543
-2.377578
-0.574089
0.242687
-2.302388
0.518838
-1.108134
-1.624887
-0.291521
-3.294631
-1.081435
-2.569684
-2.781183
-1.087287
-0.670535
-2.545271
-0.053089
-2.377578
-1.073224
-2.121949
-1.012090
2.103410
-0.356963
2.430358
-3.218668
-2.611397
-1.648095
-4.258520
0.271590
-2.055082
-1.519308
-0.755708
-2.045946
-0.003213
0.437693
-0.462477
-1.114848
0.196344
-2.869989
-0.104890
-0.138354
-0.107555
1.243724
-2.983968
-0.915179
0.499000
-1.843415
-2.378764
1.630416
1.020664
1.784757
-2.130673
-2.332130
-0.734411
-2.239097
0.333346
-1.045806
-1.116812
-0.232147
0.200347
-3.406513
-2.933267
-0.110271
0.170334
-1.818964
0.637677
0.527403
-2.038201
1.437201
0.336048
-1.889954
-0.752361
-1.634997
-3.301215
-1.460008
-1.316242
-1.970195
-0.743978
1.816225
0.076601
-1.140355
-2.479749
-0.085107
0.531439
1.751239
-1.189792
-0.565566
-2.372840
0.644732
-1.858756
-0.511489
0.300774
0.304031
0.204372
0.131602
-2.570969
-1.866927
0.281047
-1.547297
0.165845
-1.519541
-3.715253
-2.445152
-2.374024
4.233603
-2.372840
-0.199097
-2.367207
-2.091484
-1.788587
0.218635
-2.374024
-3.022346
-1.713200
-1.639445
2.293491
1.115588
-4.038041
-2.377578
-2.374024
-2.370473
-1.918739
-2.307575
0.114049
1.538365
-0.027948
-2.932550
-0.412068
-1.143545
-2.372840
-1.393297
-1.764943
-1.417150
0.415709
-2.377578
-2.377578
-2.999808
-1.084027
-2.071813
-0.523310
-1.058077
-2.854738
-1.130394
0.372214
-0.484011
-2.019615
-1.418729
-1.744775
-2.590107
-1.064777
-1.628724
-0.633741
-2.374024
-0.550880
1.161944
-2.543075
-0.924446
-0.613630
-0.614040
-1.372536
-3.289694
-3.914573
-1.631885
0.839713
-2.865546
0.328393
-0.746655
-1.132202
1.182973
-2.479483
0.229597
0.800149
-2.479749
-2.240692
-4.144380
-1.215867
-1.514732
-0.377321
-0.771700
-2.370473
-2.372840
-3.535677
0.303878
-1.001443
-0.172665
-0.220218
-2.376391
-2.946994
-1.445111
-0.355952
-2.043967
-0.766552
-0.877291
-2.172163
0.307904
-0.938963
-0.756752
-1.075142
-2.370473
-1.820117
-1.839470
-1.283712
-0.382055
-1.466476
-1.346772
-0.030830
-2.377578
-0.520127
-1.611984
-2.092954
0.005988
1.559770
-0.383780
-0.457940
-2.844404
-0.971254
-1.067496
0.151433
-1.698040
-0.120508
0.069589
-3.299570
0.182819
-0.220626
2.390858
-3.297923
-2.885350
-2.037853
-1.088831
0.386022
-0.350560
-1.345386
-3.299570
-0.926095
-1.514645
-0.871179
-0.516425
-1.878214
-0.410477
-1.815859
0.274587
-0.814719
-1.244196
-0.702537
-2.311614
-0.489418
-1.099896
-2.284794
-1.037708
-1.245480
-1.246572
-0.266597
2.388547
-1.351716
-0.705319
-0.778300
-2.377578
-2.281170
0.124959
-0.267139
-0.772279
0.300310
-2.167503
-3.288050
-0.570306
-1.921101
-1.913592
-0.964830
-0.522377
-1.356289
-0.819366
0.580864
-0.829938
-0.313943
-1.536911
-0.978796
-0.200637
1.282112
0.085631
-1.856782
-2.870288
-1.853565
-1.819350
-1.953080
0.536651
0.428033
0.295820
-2.329066
-2.449969
-1.829800
-1.289393
-0.990642
-3.299570
-3.301215
-1.384841
-0.170372
-1.920688
-3.294631
-1.539584
-1.517921
-1.324359
0.702926
0.765985
-0.756976
-1.009080
-0.644815
-2.477596
-1.476178
0.531163
0.627172
-2.395524
-2.094199
-1.342864
-0.070429
-2.577394
0.519989
-1.374555
-2.544345
-2.379945
-2.458875
-3.292986
0.669083
-1.079623
-1.487857
0.870170
-0.227740
-0.356143
-0.688912
-0.691630
-0.834713
0.777269
-3.765244
0.964522
-2.990203
-0.044207
1.158397
-0.620178
-1.577168
-0.765384
-2.056064
-2.376391
0.778256
-0.833559
-1.016056
0.001434
-0.292438
-1.725777
-2.692722
-0.271838
-1.028959
-1.967884
1.009921
-1.344609
-0.695526
0.670250
-0.145461
-2.125194
-1.879024
-1.210043
-1.308379
-1.954493
-0.236902
-0.125708
-1.562210
0.135629
-2.328750
0.275698
-2.031357
-0.683824
-0.373215
-2.368106
0.297370
1.506373
-0.057990
-0.773122
-1.658919
-0.839892
-1.817607
-1.493953
-0.718530
-0.690135
1.277277
-0.377901
-1.020614
-0.432552
2.070578
-0.646806
-2.001924
-0.819502
0.199923
-3.111401
-2.416225
0.052160
-1.918869
-0.435268
-1.463189
-2.382313
-0.354963
0.127720
-1.204565
-2.573540
-2.334304
1.237590
-1.186886
-0.578346
1.433951
-0.148962
-2.375208
-2.379945
-1.165067
-0.226783
-1.338593
-0.145136
-2.621024
1.869614
-2.596490
-0.034633
-2.878198
-1.232726
-1.323699
0.923391
0.304401
1.219619
-1.053617
0.025015
1.481840
-1.465626
0.373429
-0.094968
-1.075910
-0.683717
0.070398
0.199134
-1.559574
-1.152135
-0.243439
-1.261651
0.605011
-1.880387
-1.199110
0.592232
-2.810602
-2.064761
-1.006680
0.696472
-0.893505
-1.270813
0.937703
-1.097254
-1.311750
-2.376391
0.114207
-0.423179
-1.947869
-0.720223
0.007909
-2.500302
1.205609
-0.437735
1.499766
-0.802761
-1.644429
-2.371657
-3.291340
-1.504873
-0.603504
0.025705
-3.052532
0.425459
-0.294494
-1.210328
-0.060585
-0.394941
-1.414790
-1.908077
-1.095552
-1.226880
-0.303354
-1.600887
-2.780688
-1.912184
-1.232902
-1.340311
-0.341403
-1.508292
-1.609971
-2.087080
0.043948
-0.247286
-1.598485
-2.816137
-2.776486
-0.401335
0.951852
-3.293676
-2.052009
-1.012317
-2.466900
-1.011881
-0.700102
-2.318183
0.438910
1.782747
-2.988646
-3.302859
-1.096142
-1.971595
0.163929
-1.206007
-1.816129
-2.764403
-0.167931
-2.999550
-0.918691
0.303146
1.040010
0.430997
-3.292986
-0.336054
-1.798207
0.457311
-0.160275
-1.077456
-1.379244
-1.649937
-1.695493
-1.192562
0.524930
-1.548881
1.632262
-0.268718
-1.584013
-2.786748
-1.908626
-3.286402
-2.377578
-0.247305
-0.293431
-1.440540
-1.948679
-2.081900
-1.218120
-1.903072
-1.328535
-0.221032
-0.079210
-3.097508
0.362709
0.792983
-2.377578
-2.492596
-2.113365
-0.339129
-2.418817
-1.851861
1.062209
-2.301481
-2.218883
-1.783579
-1.704817
-2.462029
0.532325
-0.160875
-0.251777
-2.648131
-2.890667
-2.856375
-2.101030
0.366820
-0.949728
-2.050998
-0.890533
-2.889621
0.839246
-1.387622
-0.792603
-0.972012
-1.048523
0.268898
-3.302859
-2.060768
-2.371657
-2.062859
-4.397785
-2.338504
-1.355269
-0.870055
-1.957702
-3.294631
0.291691
-0.366062
-1.438316
-0.356066
-1.492585
0.145388
-0.209937
-2.368106
-2.369287
0.881989
-3.296279
-1.424047
-0.914122
-0.938468
-1.780506
-1.814949
-0.636472
-2.101508
-0.090502
-0.741116
-1.313566
-0.521577
-2.928943
-1.042497
-2.374024
-1.047769
-2.740153
-1.123797
-1.813128
-2.279668
-3.291340
-0.477163
-1.524578
-0.647269
1.014549
0.591636
1.335512
-1.738177
-3.288050
-2.369287
-2.376391
2.196748
-1.101169
-3.039244
-2.362184
-0.089398
-0.492117
-3.124341
-1.798679
-2.371397
0.650444
-0.017543
-1.190568
-3.477123
-1.222664
0.900998
-1.817441
-0.482689
-2.374024
-2.990203
-1.991824
-1.834038
-2.541156
-1.877824
-2.222726
0.263787
-0.519652
-1.031928
0.151659
-1.722856
-1.788745
-2.381131
0.474829
0.072325
-0.447912
-2.765006
-2.376391
-3.292986
-1.231237
0.405631
-0.828510
-0.252786
-0.676125
1.121623
-3.197493
-2.371657
-1.636955
-2.372840
-0.492069
-1.688701
-0.091525
-1.195969
0.188100
0.177864
-2.083733
1.138449
-1.766841
-0.862697
-2.297139
2.079604
-3.161985
-0.589174
-0.033481
-0.433206
-3.294631
-0.067823
-2.885748
-0.277824
-1.114789
0.524488
-2.752581
-1.639560
-0.678072
-1.598792
-0.583833
-1.642301
-1.695493
-0.660086
-0.431268
-0.827479
-1.155375
-0.040874
-0.513964
-0.349425
-2.106861
-0.953046
-3.302859
-1.826760
0.119375
2.351131
1.476472
-0.287967
-0.437394
-2.360707
1.092147
0.387386
-3.292986
1.128435
-1.800037
-2.572253
-2.351672
0.388468
-1.497557
-0.444167
0.305473
-2.399027
0.282727
-0.233272
-2.371657
-0.959697
-1.515779
-0.428237
-0.982415
-0.558874
-0.327066
1.157989
-3.215548
0.453213
-0.363547
-0.022118
-3.800878
-2.932285
-3.233634
-0.562738
-1.214659
-1.751381
-0.740129
-1.968601
0.306665
0.167442
-2.084458
-2.449076
-1.037576
-1.825199
0.640162
-0.156622
-0.292551
2.441908
-0.776979
1.896266
-2.327748
-3.297923
-1.614980
-0.934009
1.332994
-2.478462
0.011528
-2.222591
1.833865
-1.047992
-1.228292
0.013111
-0.751969
-1.837878
0.897637
-0.890223
-2.677008
-0.204760
-2.452764
-3.288050
1.562460
-0.217938
-2.899436
-2.368106
-1.568567
-0.909107
-2.678317
0.504057
-3.503853
-1.342943
-0.464339
-1.075876
0.101772
-0.037591
-2.554265
-2.370473
-0.799670
-1.710876
-1.374209
-1.141457
-2.446600
-0.985959
0.430192
-1.784387
0.353456
-0.476988
-1.676852
-3.021371
-2.990203
-0.293184
-2.695611
-2.033187
-1.046814
-0.683613
-1.707072
-2.462238
-1.870010
-1.648095
-3.294631
-1.400898
-0.130786
-2.376391
-1.049165
-2.371657
-2.230656
0.304962
-0.529372
-0.198720
-3.299570
-0.701804
-2.298701
0.746412
-2.574823
0.303180
-0.590715
-1.173357
0.050960
-0.499907
-0.292542
-2.460471
0.086896
-0.161439
-0.286712
-2.375208
1.159238
-0.188540
-1.853253
-0.568221
-1.522401
-1.860895
-0.810001
-1.612787
-3.300864
-1.353852
-3.294631
-2.369287
0.196581
-0.870477
0.003297
-2.644274
-0.175515
-2.266673
-2.103111
1.079885
-1.668498
0.935170
-3.289694
-2.929964
-3.302859
-2.669788
-0.017513
-0.331135
0.205845
0.184467
-0.722413
-1.126559
-0.956417
-0.917018
-0.079739
-1.658074
-0.772379
-1.827091
-1.578060
0.625579
0.431271
-1.784293
-1.145067
-1.061418
-2.958688
-1.422685
-2.875441
-2.376835
-0.247431
-1.300224
-1.686054
-1.768567
-1.788200
1.330098
0.619241
-1.922801
-1.745144
-2.370473
-1.077648
-2.256633
-0.493689
0.836315
-0.883247
-1.001078
-2.378764
-2.638364
-2.343654
0.829781
-2.244298
-2.366920
-1.411808
-2.343583
-0.734745
-2.372840
-0.758048
-0.624235
-0.623158
-0.500503
-0.323937
-1.096505
-1.560220
-1.361789
-2.577394
-1.694960
-2.374024
-3.289694
-0.449912
-2.760730
-1.252604
-0.865895
0.046864
-2.370473
-1.962920
-2.406589
0.196149
-2.376391
-3.299570
-0.648593
-2.979295
-0.745561
-1.638600
-1.659223
0.175530
-0.295321
0.475370
-0.039738
-0.318436
-1.386275
-3.302859
-0.241440
-3.302859
-2.448731
-0.548006
-2.372840
-0.130910
-3.245261
-1.166283
-1.144507
-0.781347
-1.590202
-3.288050
-1.068980
-3.117929
-0.884219
-1.362811
0.370959
-0.317226
-0.800349
-2.054627
-2.969762
0.076139
-1.835186
-0.016435
-2.846843
2.178072
0.918584
0.416650
-3.670627
0.046643
-1.049268
-2.487638
-1.549264
-0.155739
-0.809547
2.784559
1.013780
-0.716699
-3.297923
2.199652
-3.289694
-2.537183
-1.394513
1.503222
-2.019461
-1.984630
-0.760117
-0.647309
-1.779821
-2.555353
-0.805053
-0.540510
-1.912815
-2.831903
0.289944
-2.372840
-0.888620
-0.823960
-1.477135
-1.417895
-0.941935
-0.125505
1.219592
-2.067888
-2.381131
-3.288050
0.459655
-2.535575
-1.600856
-1.406152
-0.295785
-1.632491
-2.075542
0.019674
-1.591507
0.289159
0.786453
-0.648338
-1.496088
-3.281466
-3.296279
-0.730764
-0.855572
-2.464328
-0.562059
-2.174152
-2.858844
-2.280959
0.137572
0.736617
-1.658663
-0.571829
-0.368156
-0.662289
-3.291340
-1.135528
-0.057328
-2.424241
-0.946988
-0.210049
-0.842151
-0.629369
-2.375208
-1.946864
-0.405277
-1.035281
-1.902820
-1.267051
-0.272766
-3.292986
-1.135267
-0.937580
2.082317
-2.288325
0.095574
-0.915665
-1.006643
-2.615113
-0.142033
0.038478
-0.756793
-2.379945
-0.940900
0.304708
-0.275970
-2.112034
0.337986
-0.302906
-2.959723
-0.790767
0.051578
-2.415418
0.189784
0.170376
-1.873866
-0.538275
-0.903196
-2.619415
-0.932900
-1.242227
-1.079266
-0.781142
-1.411155
-1.571061
-3.288050
-1.952841
-1.042984
-0.851485
0.415517
-0.565080
0.261949
-1.217559
-0.563562
-0.358100
-2.798729
1.553233
-2.400085
-1.890341
1.861876
-3.302859
-0.807432
-0.292857
-2.098936
-0.558535
-1.666715
-1.633138
1.736190
-2.383498
1.225934
-2.215948
-3.331672
-0.287126
-3.289694
-2.513731
-1.003166
-1.683771
-2.043903
-1.311430
-0.568661
-1.590677
-0.039066
-1.994038
0.043966
-2.169557
-1.139580
-1.643220
2.294962
-1.147103
-0.579010
-1.541486
-2.235492
-0.210048
-1.380507
-1.652892
-1.399225
-2.988009
-1.064394
-0.383864
-0.357158
-1.317533
-2.720884
-1.039277
-3.029349
-2.377578
0.307129
-1.611159
-2.565828
-0.067493
-2.162764
-0.565300
-3.294631
-0.545051
0.308990
-1.146579
0.282253
-3.296279
0.047132
-1.340300
-2.150948
-0.020808
-1.147240
-1.649740
-1.985857
-1.171127
0.305115
-1.289852
-2.440881
3.534117
0.905884
-1.472534
-1.076396
-1.794848
-2.372840
-1.087805
-0.917529
-1.025879
-2.371657
-2.633049
-2.381131
-1.188949
-2.971502
-3.291340
-2.379945
0.678429
-0.639629
-0.333946
0.427388
-2.376391
1.226986
-2.370473
0.418487
-2.397902
-1.240034
-2.122466
-2.377578
-1.739060
-1.648095
-2.262246
-0.097960
-2.153397
-2.957544
-1.588052
-3.292986
0.967465
1.682121
-3.294631
-0.345302
-2.370473
0.653883
-0.408376
-3.283111
-0.821860
-2.178668
0.573946
-3.642938
0.428950
0.106542
0.412339
-0.995885
-0.955680
-1.067386
-2.022959
-2.210226
-0.169904
0.300422
-1.472059
-1.089390
-1.397470
-3.306155
-0.108706
-1.651387
-2.583123
0.906565
0.961128
-0.519603
1.220470
-1.454624
0.307441
-2.370473
-0.620809
-2.362184
-0.171403
-3.294631
0.926811
-3.528340
-0.821794
-2.136671
0.198023
-2.374024
-0.478242
0.367324
-1.367243
-1.632236
0.004137
-1.719586
0.306047
-0.456092
0.812505
-2.379945
-0.524079
-2.563566
-0.934958
-1.298241
-0.775563
0.663832
-0.463212
-0.745594
-2.369287
0.425885
-0.806462
-2.002257
-3.289694
-3.289694
-1.758742
-1.248093
-0.051518
0.581568
0.140359
-2.131827
-3.294631
-1.373636
-2.168808
-3.113855
-2.111792
-2.532557
1.307069
-2.371657
-2.291428
-0.966168
-1.112036
-0.742914
-1.126211
-0.777172
-0.419121
-2.578952
-2.377578
0.283056
0.428680
-2.108743
-0.787194
-1.696076
-1.164088
0.246714
-0.058841
0.232994
-2.793053
-3.291340
-1.390502
-0.664114
-2.212243
0.702159
-3.297923
-0.664131
-1.608124
-0.342971
-2.572253
-2.478462
1.579664
-0.485426
-2.195065
-0.973757
-1.306902
-2.424253
-3.292986
-3.286402
-3.292986
-0.075375
0.268543
-0.913689
-0.859473
-0.267746
-1.198992
2.342553
-3.112493
0.404433
-1.590648
-0.224567
0.184316
-0.098940
-1.710471
-1.184175
-0.401939
0.153159
-0.713883
-1.571614
0.058759
-1.697466
-2.371657
-1.488730
0.993785
-0.371565
-1.447430
-2.195251
-2.777173
0.182709
-0.257311
0.304538
-2.372396
-1.783130
-2.372840
0.762021
-2.562674
0.037739
-0.313317
-1.372846
-0.242466
-1.505759
0.015673
-2.375208
-1.619777
0.444092
-3.291340
0.044580
-3.505572
0.852856
-0.780770
0.104097
-1.769018
-0.940320
-0.343412
-2.039110
-1.175627
-1.985776
-0.455345
-3.299570
-1.881165
-1.128052
1.067016
-1.433792
-1.157317
-0.059680
-0.369077
-1.374119
-0.303051
-1.085170
-1.170274
-3.044192
0.150343
-2.506206
-0.992377
-1.065695
-1.903046
-1.804156
0.978973
-0.011005
-2.368106
0.010808
-0.185452
-2.575056
-1.843655
-1.355714
-0.578544
0.004566
-0.153916
-1.308597
2.046658
-3.106707
-3.479536
0.410059
-1.196764
-3.081933
-0.482773
-2.083770
-1.084682
-0.907092
-2.886941
-2.470936
-1.921390
-0.786333
-3.291340
0.353210
1.236343
-0.488091
-1.053947
-3.306155
-1.754421
0.597871
-2.983737
-3.291340
-0.516848
-2.377578
-3.302859
-0.984252
-2.118614
-2.048389
0.035876
-0.544117
0.109049
0.304098
-1.474901
-0.698298
-1.080353
2.580625
-3.296279
1.399285
1.060692
1.595588
0.283287
-0.904424
-1.059797
0.160767
-0.920262
1.497283
-2.866430
1.647460
-3.292986
0.184075
0.054271
-2.371657
0.075693
-1.713168
-0.396277
-2.778080
-3.297923
-2.057651
-0.190908
-0.966172
-3.297923
-1.145576
-0.141901
-1.256473
0.425032
-1.569121
0.420984
-1.368199
-1.259856
-3.301215
-0.255809
-0.913944
-1.778632
-1.065101
-1.778718
-2.016509
-0.790650
-2.292173
2.606296
-3.425414
-2.374024
0.170796
-1.173996
-0.192621
-0.621261
-1.061800
-1.906757
0.165364
-1.401367
-1.334785
0.101955
-0.330501
-1.751912
-3.297923
-0.786472
0.901721
-0.748249
-0.132518
-2.122405
-0.077747
0.126114
0.305274
-2.380623
-1.113548
-1.138896
-0.082935
0.361314
-3.297923
-1.608850
-0.977622
-0.686919
-2.377578
-1.405359
0.479248
-0.349334
0.708873
-0.137294
0.567999
0.115550
-2.743551
-1.058373
-1.834855
-1.898690
-0.544881
-0.488042
0.111126
0.149133
0.435220
0.087498
0.134903
-2.368106
-2.374024
-2.341071
-0.512106
-1.544166
-1.270706
-0.330822
-0.733989
0.516346
-0.897260
-0.360066
-2.375208
0.218672
-0.793290
0.857241
-2.377578
-3.292986
-2.369287
0.342259
0.682522
-2.671419
-1.462414
-0.601819
-2.439333
-3.292986
-0.527660
-1.072939
-2.377578
-1.094267
1.500576
0.496150
-0.407324
-1.907221
-1.921636
-2.708693
-1.172449
-1.406322
-2.999550
-1.193434
-0.544672
-0.977640
-1.066185
-0.269436
-1.710090
1.002498
1.437604
-2.365736
1.004442
-3.022927
0.424114
-1.431252
-2.369287
-0.236211
-0.960650
-0.129215
-0.839903
-2.370473
-0.849752
-1.122802
-1.717334
-2.378764
-2.369287
-1.749578
0.299501
-1.219220
-0.164762
-2.470285
-2.401554
-2.381131
-2.564669
-2.066578
-2.196689
-0.743628
-2.374024
-0.265842
-1.340576
-1.799408
-2.388254
-1.262343
-2.375208
-3.266656
-2.867144
-2.119265
-0.005080
-0.657951
1.284514
-1.910703
-0.139496
-0.593722
-2.236744
-2.600651
-1.585295
-2.029808
-1.648804
-1.981778
-2.379945
-1.997519
-1.131557
-1.883898
-2.281268
-2.371657
-1.494822
0.366815
-1.056730
-1.091931
-1.058253
-2.393132
-0.775683
-0.844100
1.388700
-3.362790
1.190962
-2.758660
-2.585545
-1.493203
-0.204861
-1.640980
-2.376391
-3.294631
-2.371657
-1.128702
0.487554
-1.831559
-1.361278
-0.874256
-0.772496
-3.289694
-1.284383
-1.492722
-2.268059
-0.632132
-0.058836
-3.018253
-0.330567
-1.526736
-1.341417
-1.547127
-0.331847
-0.750553
-3.294631
0.355604
-0.537129
0.115677
-2.238740
-2.050713
-0.661114
-3.289694
0.430841
-0.616210
-3.118928
0.495641
-1.820298
-1.137601
-1.598499
-1.090899
-3.294631
-0.678413
-2.371657
0.384823
-0.874644
0.211439
-2.376391
-3.284758
-2.351526
-1.584577
-1.423573
-1.355985
-2.176239
0.425459
-2.204530
-0.998788
-1.619561
-2.177365
-1.244887
-0.935548
-0.492372
-2.513908
-0.236108
-0.271186
-0.294212
0.935899
-3.294631
-1.454587
-2.572253
-1.432721
-0.028131
0.157707
-0.609199
-1.760799
0.046183
0.050779
-1.278022
-2.375208
-1.223042
-3.292986
-1.126896
-2.376391
-2.482316
-3.301215
-2.382313
-1.052462
-3.288050
-1.733232
-0.457866
-1.429696
-1.248693
-0.641505
-0.870124
-0.992355
0.426745
-2.546559
-0.216883
-0.571052
0.763400
0.090222
0.307751
-2.076254
-1.216932
-0.218866
-2.997993
0.829244
1.051647
-2.376391
-1.904332
-0.033107
-3.656544
0.046651
-2.370473
0.157739
0.152572
0.212480
-1.738045
-2.039137
-1.372802
0.448673
0.111476
-0.467268
0.303944
-1.084567
1.466203
-2.379945
-1.334097
-0.189133
-0.611664
-0.645830
0.020702
-1.599492
0.201548
-1.444055
-1.117132
0.889756
-0.006451
-0.445622
1.690589
-1.269382
-1.976068
-2.375208
-0.304136
-1.153164
-1.236591
-0.145230
0.157496
-0.950944
-1.433562
-0.900636
-2.374024
-0.367625
-2.943456
-2.517267
-0.802523
0.600583
0.302483
-0.106815
-1.650564
-3.291340
-0.885254
-0.990982
-0.884080
-0.354553
1.732765
0.306884
-0.580407
-2.369287
-2.727904
-1.171714
-0.352306
-3.299570
-3.292986
0.453173
-2.141198
0.220266
-0.744712
-0.498364
-1.535058
0.015850
0.217399
-0.276730
0.115900
-0.616109
-1.605168
-1.045386
-0.529500
-0.645402
-1.356287
-1.932092
-1.300036
-1.820478
-2.379945
-2.369287
-0.204811
-0.156239
-1.124693
1.110355
1.386755
-0.528171
-1.352614
-0.588114
-0.583633
-2.379945
-2.991764
-1.495407
-0.984153
-1.361460
-2.310378
-0.195839
-2.966829
-3.550557
0.160329
0.004992
-1.233018
-3.291340
-1.031228
-0.460015
-0.248223
-0.903929
1.968177
1.261436
-0.876308
-1.082045
-0.731299
-1.279490
-1.091872
-1.530640
-0.380023
-2.553681
-0.966711
-0.840513
0.106790
-0.353208
0.238781
0.404467
-0.955231
-1.404003
-1.485473
-0.288115
-1.061922
0.304248
-0.316301
1.135401
1.866602
-0.189364
-0.591624
-0.166738
0.060318
0.681823
-1.204478
-0.318092
0.132522
-0.825487
-1.385197
-1.540238
-2.484884
-3.283111
-0.900519
-0.219592
0.401547
-2.370473
-1.408011
-1.142218
-1.605477
-0.914548
-0.911349
-0.252546
-0.714462
0.779759
-1.169919
-2.368106
-1.017763
-0.635166
0.564470
1.260764
-1.169178
-1.415984
-0.279836
-0.527630
0.303722
-1.996472
0.360376
-1.496345
-0.767981
-2.332709
-0.714453
-0.815936
0.499818
-0.426165
-1.757493
-1.221076
-0.073584
0.547201
-0.295808
-0.683561
-0.198079
-0.759929
-2.839741
-0.125988
-0.805405
-1.528947
-0.804704
-1.355628
-2.094330
0.061057
-3.269949
-1.611055
-0.971210
-0.359600
-0.359350
-2.099970
-0.988765
0.132720
-1.549600
-1.260309
-1.807556
-1.830553
-1.029500
-0.440921
0.474936
-3.306155
-0.393550
1.262588
-3.294631
2.108953
-1.939989
-0.640169
-2.359911
-2.565967
-0.094955
-3.289694
-1.484480
-3.068841
-1.022468
0.632639
0.798098
-0.314250
-0.912191
-3.296279
-3.302859
-2.378764
-0.182629
-1.740506
-2.376391
-1.408675
-0.217035
-0.807388
0.473294
-1.258454
-0.264894
0.013318
-2.368106
-1.132855
-2.370473
1.265997
-0.739196
-1.990832
-0.072586
-3.284758
-0.466424
0.694118
-0.808793
0.424390
-2.376391
-2.379945
-1.212702
-2.203206
-0.270788
0.295213
1.086934
-0.926325
-2.982412
-1.119365
-1.293080
-2.641880
1.352281
0.961055
0.227076
-3.291340
0.522159
-3.289694
-2.130378
-1.431430
-0.373470
-0.439117
1.250829
-2.364550
-1.649587
-0.947905
-3.245261
0.322720
-0.596596
1.692247
-1.968985
1.062664
-1.209261
-2.374024
-0.616682
-3.284758
-1.498325
-0.326964
-1.613790
-0.858763
-0.357266
-2.376391
-2.376391
-0.940258
0.148500
-0.759558
-1.476064
-2.125406
1.051859
-0.424249
1.169008
-0.554713
0.792632
-0.950474
-0.566237
-1.161890
-1.282794
-1.272404
-1.550881
-1.188534
-1.325450
-1.769355
-0.472138
-0.488436
-1.693793
-2.369287
0.189810
-2.469947
0.934002
0.404088
0.041678
-1.073304
0.291081
0.519989
-2.370473
-2.907618
-0.590072
1.267524
-1.189582
-2.100890
-2.369287
-1.346545
-1.095374
0.094675
-0.588750
0.420894
-3.289353
-1.488894
-0.234162
-1.056123
1.837776
-0.294720
0.021766
-4.314424
0.344559
-1.882116
0.913392
-0.491150
-3.289694
-0.321077
-2.672621
1.054188
-1.469422
-0.772869
-1.515221
-1.653035
-1.638758
0.634288
-2.568399
-0.364365
-0.677188
-2.014867
-0.366088
0.291774
-0.755160
-3.296279
0.709207
-3.296279
0.618877
-0.064939
-0.648567
-2.376391
-1.834406
-1.297310
-1.077648
-2.375208
-2.023341
-0.334631
-1.692093
-2.375208
0.450972
-0.615787
-1.556157
-2.016280
-2.411355
-0.719096
-0.311835
-2.375208
0.352776
-1.083487
-1.103477
-0.632318
-0.594444
-3.239503
-0.880078
-0.940548
-1.066837
-0.113079
-2.379945
-0.069407
-0.584998
0.129889
0.278607
-0.377880
0.315845
-2.369287
-2.736145
-1.075120
-1.940785
-1.790568
0.891395
-2.165936
0.262487
-2.375208
-3.292986
-1.410357
-0.231444
-0.173601
-2.019012
0.525961
-0.004817
0.877423
0.903461
-0.960033
-2.589882
-2.365695
-2.291745
-0.892862
0.428909
-2.473319
-0.563432
0.032708
-0.637761
0.083412
-0.869840
-2.459245
-2.369287
-0.025672
-1.522237
-0.139627
-0.405524
-2.997993
-0.243214
-0.921680
-0.462172
-0.328262
-1.590423
-1.481383
-0.910691
-1.624534
-3.292986
-2.499463
0.618223
-0.936180
-2.369287
-0.857765
0.394186
-1.391100
-1.249351
-0.273695
0.065656
-0.360040
-3.283111
-0.326621
-1.738189
-1.984982
-2.241462
0.448325
-1.919619
-1.183710
-0.820124
-0.078111
0.254966
-1.282907
2.255084
0.298759
0.303792
-0.683407
-2.374024
-0.389335
0.282027
-0.713593
-0.838151
-0.539102
-1.747361
2.196397
-0.251031
-2.378764
-1.965768
-1.683119
-2.368106
-0.631751
-1.734255
-2.370473
1.295197
-0.654042
-1.366920
-0.325367
-3.002671
-0.594025
-0.040288
-3.294631
-1.463916
0.278226
-1.696956
-3.301215
-1.337751
-0.661805
-2.378764
-2.736099
-3.301215
-2.993321
0.308993
1.704965
-1.343891
0.299351
-0.357789
-0.026863
0.001141
-0.022756
-0.633758
-2.324536
-2.543139
-0.229593
0.020985
2.095544
1.532278
-2.377578
-1.537199
0.145400
0.691840
-0.962788
-0.342555
-1.650564
-2.376391
-3.297923
-1.788273
-3.299570
-2.372840
0.109769
-1.884935
-2.280486
-0.949478
-1.035814
-0.129551
0.490374
-3.296279
0.296132
-3.291340
-2.085553
-3.294631
-3.790593
-0.221528
-2.378764
0.300154
1.692394
0.727426
0.357098
-0.979736
-0.203444
-0.141580
-0.714614
-2.376391
-0.361040
-1.848914
-1.394767
0.214643
-0.797644
-0.104191
-0.946217
-0.167992
-0.714144
-0.338326
-0.344827
-0.416830
-0.417087
-0.879943
-0.213968
-2.164690
-0.480836
-0.823997
-1.011365
0.199682
-0.232646
-0.523182
-0.941126
-3.595971
-3.301215
-0.702399
-0.796549
-2.314337
-2.374024
-1.135920
-1.039240
-1.213711
-1.717707
-1.049700
-2.965271
-2.112034
0.521073
-1.955939
-1.168508
-3.292986
-1.248235
-1.168799
0.123575
-0.123856
-1.199744
-2.371657
-1.562055
-0.690442
-2.376391
-2.767917
-1.869492
0.033271
-1.717755
-1.564627
-2.475938
4.070011
-2.281540
-3.299570
-3.291340
-2.418707
-3.301215
-0.532512
-1.684134
1.063958
-1.700484
1.456906
-2.786748
-0.619709
-2.720051
-1.736752
-0.581647
-0.029431
-1.492512
-1.459221
-0.102096
-0.322394
-1.676937
-0.018271
-0.899722
-2.139689
-1.715273
-0.754634
2.194506
-3.288050
0.425242
0.425032
0.308653
-1.242773
-0.504336
0.404664
-1.834774
-1.258064
0.280189
-0.520161
-3.289694
-2.137119
-0.263761
-2.968092
-1.812122
-2.035619
-0.091353
0.070632
-2.473319
-1.279262
0.125937
-0.367035
-0.747693
-0.556844
0.421062
-0.379490
-0.675074
-1.272807
-2.374024
-0.791182
-2.377578
-1.413472
-1.240207
0.311093
-0.707726
-1.249688
-2.139465
-0.056587
-1.666939
-0.268721
-1.135852
-2.374024
-2.374024
-3.041623
-1.374537
0.467456
-3.822954
-1.590236
-0.837897
-2.372840
-1.338887
-0.541976
0.301704
-2.375208
-0.612656
-1.676199
-2.490024
-2.723562
0.637904
-2.372840
-0.567677
-0.033561
-0.405908
-2.148610
-3.294631
-1.336310
-1.564240
-1.264943
-3.296279
-0.500758
0.351322
-1.585150
-0.953693
0.445896
-2.370473
-1.666183
-1.355473
2.604479
-0.827096
-1.187952
-2.569966
-1.394839
-0.552239
-2.683921
-1.487816
0.271880
-0.356718
-1.601349
-1.649908
-0.555705
-0.961183
-2.369287
-1.022736
-0.108741
-0.368105
-3.197698
-0.153133
-0.397394
-0.776131
-2.374024
-2.504843
-0.186449
-1.705032
-1.539575
-0.862854
-2.776852
-0.561960
-1.023688
-2.372840
-2.345186
-0.097927
0.191193
-0.401596
-3.299570
-1.891036
-1.614446
-2.372840
-0.458228
-0.799273
-2.370473
-2.495164
-0.354712
-2.505623
-2.411404
0.620702
-2.366101
-0.399695
-0.016381
-1.642275
-2.375208
-1.191894
-0.247396
-2.376391
-2.225886
-1.635794
-3.040380
-0.741801
-2.586601
-0.547859
0.808523
-1.489507
-1.681005
-0.710279
1.140418
-1.188075
-0.735484
-3.286402
1.361320
0.800342
-1.912479
2.981787
-3.292986
-1.963408
0.701663
-1.628060
0.597105
-0.542433
-1.735467
-0.458345
-2.694334
-1.654184
-0.088259
1.163662
-1.715474
-1.394111
-2.473319
0.204514
-1.455757
-2.432310
-0.674727
-1.516243
0.270015
0.290384
-0.209140
-1.071709
-0.200393
0.731492
-3.351876
-1.575591
0.415609
-1.505832
-1.906450
0.661203
-1.329355
-3.075554
-2.502875
-0.625969
-0.576181
-0.142357
0.834081
0.123808
-1.697287
-0.865256
-2.428560
-1.208566
-1.131125
-2.377578
-1.447888
-2.999075
-0.849882
-2.718750
-3.291340
0.402924
0.393475
1.156901
-1.457235
-0.806532
-0.023957
-0.423796
-2.917392
-0.917448
-1.263971
1.022898
-1.329125
-0.210013
-2.911924
-1.894499
-0.753239
-0.745602
-3.269949
-3.294631
-0.942935
-3.281466
-1.558013
-1.088014
-1.507086
-1.750097
-1.123604
0.306823
-1.617830
-0.858670
-1.707491
0.244368
0.620370
-0.952610
1.066384
-1.087827
-2.376391
0.458550
0.917150
0.305581
0.037911
-0.327002
0.144547
-0.230296
-0.814141
-1.642933
0.062041
-2.136348
-0.185690
-0.933627
-3.294631
-2.368106
0.512363
0.133595
-0.840676
-0.004939
-2.700540
-0.786457
-2.365736
-2.369287
-0.507153
-1.374502
0.118407
-0.161678
-0.645811
0.896504
-0.782772
-0.564781
-1.701795
-1.646650
-0.503268
-2.010148
-3.292986
-2.378764
-2.219299
0.253924
-1.658283
-1.214194
-0.235609
-0.496850
-2.568399
-0.260788
-2.375208
0.542122
-1.900810
-1.054432
-0.233143
-2.531136
0.411145
-2.174334
0.643501
-0.833770
-1.041500
1.644480
-0.608085
-3.296279
-1.675854
-3.299570
0.607099
-0.512724
-0.118444
-1.362779
-1.283002
-1.745131
-1.087644
-0.831204
-1.078110
0.851450
-2.374024
0.371062
-0.069769
-0.801275
-0.379419
-0.465610
-0.600965
-0.875715
-0.348251
-0.820542
-3.021371
-0.633045
-2.714622
-1.867942
0.268574
-0.692003
-1.706011
-0.603664
-1.706504
0.269626
0.507030
-2.378764
0.807297
-0.273123
-0.634392
-2.634889
-0.686483
0.018896
-1.223271
-2.315578
-0.230009
-0.436755
-0.380912
-0.032435
-3.288050
-2.482316
-0.949364
-0.408709
-1.064825
0.039374
0.791674
-0.508298
-0.889666
-1.219319
-1.552468
0.305191
-0.265481
-1.772262
-0.045692
-3.460625
-2.374024
-0.444573
-1.475261
-2.375208
-0.937957
-1.951056
-1.278488
-1.540409
-1.807987
-1.477992
-2.274170
0.331981
1.141432
-0.715554
0.048122
1.331625
0.026311
-0.324455
1.362750
-0.751868
-0.044678
-2.375208
-0.022729
-3.289694
-0.652976
-1.797911
-1.577274
-0.147930
-2.017515
-0.230316
0.311724
0.632027
-2.684743
-0.411682
-2.371657
-0.142949
-0.785191
0.368221
-1.513431
-1.024090
-1.640612
-0.258339
-1.803750
0.471041
-1.635290
-1.444988
-1.833822
-3.301215
-2.348569
2.743434
-1.410444
0.165190
-1.600853
-1.179118
0.421652
-2.375208
-1.147160
-2.133807
-1.854690
-2.290757
0.094536
-1.646785
-0.278785
-2.372840
-0.175839
0.720420
-1.491309
-0.078346
-0.529730
-0.714816
-1.291816
-0.257667
-3.281466
-1.785491
-1.650564
-1.652662
-1.492461
-3.294631
-2.005919
-2.374024
-1.433900
1.479742
0.082012
-2.377578
-1.693748
0.309144
-0.906340
-1.651387
-1.513591
-1.407440
-1.143031
-2.919505
-1.805423
-0.578255
-2.401193
-3.297923
0.528978
2.427441
0.330511
-2.374024
0.482734
-1.391386
-3.221950
0.158324
-0.764690
-0.156547
-3.289694
-0.431255
0.303944
-0.649494
-1.271652
0.585761
-0.499731
-0.635461
-1.198412
-1.204181
0.967071
-3.292986
-0.205066
0.412778
-0.980257
0.157673
0.146986
-0.503296
-2.573540
-0.605006
-0.109343
-2.369287
-0.662688
0.007330
-2.377578
0.366630
-2.509763
-3.294631
-0.745269
-1.661234
2.215892
-0.617560
-1.657324
0.364983
-1.618911
0.462210
-2.375208
-0.897346
-0.496147
0.305700
-2.335068
-1.072067
-1.531750
-2.369287
-1.587239
-0.514634
-0.429549
0.028420
-3.292986
-0.632224
-2.647056
-0.592254
-0.405682
-3.286402
-2.368106
1.251220
-2.371657
-1.254862
-0.441556
0.510555
-2.374024
-1.093012
-0.568540
-1.403025
-0.509462
-0.547515
-0.831472
1.148059
-0.279561
-2.374024
-2.545271
-2.569684
-1.553458
-3.296279
0.281872
-2.370473
0.256462
-2.816154
-0.677756
-0.029861
0.012172
-3.294631
-2.375208
-1.896951
-1.864075
0.753099
0.129872
-0.219309
-0.103392
0.106918
0.013245
-0.251400
1.301586
-0.000397
-1.671718
-0.817252
-1.947298
-1.217572
-0.861731
-0.707204
-0.518265
-1.642579
0.167720
-1.135808
0.425885
-1.316902
1.195496
-0.318466
-1.409868
-0.149900
-2.375208
-1.006636
-1.456901
-0.767318
-1.855270
0.231444
-0.987052
1.254579
-0.096772
-1.521842
-0.172759
0.762512
-1.288616
-0.709642
-1.707929
-0.718950
-1.271521
-0.905668
0.648421
-1.193880
-1.532040
-1.390021
-2.374024
-0.643775
-2.377578
0.183326
-3.302859
-1.227547
-1.086182
-1.262719
-0.570973
-0.513046
-1.899521
-2.217615
-1.982495
-1.601985
-1.377198
-0.135377
0.940577
-2.382777
-2.374024
-1.085762
0.383556
0.078750
-1.045057
-0.411933
-0.295152
-1.313950
-1.206490
-1.997391
-1.295628
-0.087651
-0.824857
-1.444773
1.036701
-0.493048
-2.371657
-0.540487
-0.070626
-1.015895
-0.527714
-1.338400
-0.618037
-1.048947
-1.465744
-1.114549
-0.371692
0.431488
-2.994878
-1.382129
-0.889689
-1.008501
0.152764
-1.429939
-0.342416
-2.236575
-0.305375
-0.861432
-2.072450
-3.296279
-2.374024
-3.035393
-1.140307
-0.043155
-0.541832
-3.289694
0.407633
-0.454558
-0.067834
-1.097322
-0.475194
-0.562160
-0.601931
-0.936341
-1.962404
-1.069358
-2.358802
-1.822352
1.855899
1.683905
0.283641
-1.743571
0.281151
-1.679353
-0.392721
2.447453
-2.129703
-2.369287
-2.374024
-2.372840
-2.312126
-2.487452
-2.370473
-3.291340
-2.584160
0.224294
-1.958816
0.101835
-1.813411
-3.289694
-2.875650
-1.439802
-0.570127
-0.451047
0.498006
0.142480
-2.429777
0.187562
-1.264885
-2.371657
-0.308794
-3.301215
-3.387621
-2.377578
-0.206085
-0.187960
-2.737397
-2.368106
-1.640743
-1.479831
-0.455500
-1.213279
0.353581
1.003401
-0.720250
-0.678867
-0.367565
-0.434618
-0.500693
-0.227547
0.460836
-0.956070
-3.296279
1.275201
0.500405
-1.565332
0.898073
0.306099
1.107658
-0.778038
-0.973323
-0.319352
-1.072861
-0.962316
-0.934576
0.405333
-2.381131
-0.106597
-0.706685
-0.817785
-0.281660
-2.692891
0.808400
0.293958
-3.296279
0.305115
-2.269325
-0.505569
-0.398788
-1.745861
-0.767526
-3.296279
-2.376391
-1.145498
-1.150334
-0.517283
-0.887846
-0.964011
-0.018300
0.221733
1.068356
2.460933
-1.482717
-3.365826
0.307441
0.384156
-3.296279
-1.906913
-0.386575
0.198923
-0.730477
-1.649740
-1.436535
-0.786661
-1.890799
0.697590
-1.829448
-0.056699
0.063929
0.265594
-2.317069
-1.378683
-0.233709
-3.294631
-0.078725
-1.780815
-0.466687
0.049772
-1.421333
-2.490573
-3.307797
-1.365800
-1.042838
-0.886532
-0.197153
0.168647
-1.368090
-0.608989
-0.192188
-1.528679
0.569868
-2.610891
0.146324
-2.668699
0.222312
-1.586820
0.155663
-1.291020
-0.781084
0.244287
-3.281466
-2.372840
-2.379945
0.650732
0.647028
-1.751537
-1.036749
-1.536881
0.208630
-1.579784
-1.192967
-0.238128
-0.310753
-1.891746
-1.795348
0.544826
-0.056778
-1.280405
-0.990741
-0.265420
-0.122237
-0.825579
-1.181777
-2.581251
-1.528694
0.761002
-0.077593
0.040555
-1.091316
-2.375208
-0.342468
-1.430009
-1.155823
-0.040320
0.460383
-0.365496
-0.517720
-0.917506
0.131517
-3.296279
0.002125
0.991016
-3.289694
-1.095218
-0.370925
0.150823
-1.458707
-1.143035
-1.112790
-1.313655
2.280793
-0.065393
1.401873
-2.044538
-0.307066
0.000197
-3.291340
-1.650129
-1.796054
-2.220266
-0.855139
-0.086073
-1.351506
1.073672
-1.291702
0.431271
-1.698040
0.353931
-0.269579
-1.117708
-0.779112
-0.903530
-0.158189
0.380246
-0.707102
-1.059505
0.287917
-2.208970
-0.956591
-1.439991
1.322612
-0.146828
-1.130467
-1.554125
-0.575114
0.790800
0.238909
-2.371657
-0.492335
-2.234538
-0.004779
-0.639898
-0.092488
-0.391108
0.742664
-1.435077
-0.041073
-0.208115
-0.400068
-0.814809
-2.895151
-0.464603
0.861173
0.303024
-0.528447
-0.758780
-0.239578
-0.508081
-0.072759
-1.694644
-2.848516
-2.999550
-2.377578
-1.029646
-3.306155
0.602827
-0.909548
-1.210202
-2.375208
-0.958139
-2.375208
-0.813839
1.193472
0.017869
-0.243111
-0.041421
0.366106
-0.312011
-2.374024
1.035923
-0.973805
0.879795
-0.109469
-0.418721
-0.377892
-0.469617
-1.202752
-0.500142
0.008453
-0.529546
-0.833481
-0.678285
-0.109535
-0.865735
0.966213
-0.217720
-2.385689
-2.376391
-3.195295
0.514667
-0.689628
-1.018282
-0.706601
-0.944573
-1.176039
-2.375208
0.850152
-0.611605
0.047484
-2.370473
-1.591290
-0.215063
-1.754966
-2.378764
0.982972
-1.092903
-0.941162
0.358894
-1.060877
-0.794224
-0.821154
-0.998595
-1.454395
-0.886212
0.271795
-3.299570
0.501367
1.181393
-1.245466
-0.406940
-1.646034
-0.807804
-2.983745
-3.983061
0.578349
-1.196433
0.210634
-0.951569
-1.618829
-0.825018
0.297208
2.381313
-1.648918
-0.177514
-0.590379
-2.376391
-1.930458
-1.598409
-0.918202
-1.442360
-0.267110
0.286932
-2.100620
-1.414577
0.416406
-1.025612
0.985358
-0.724901
-2.060334
-1.540596
-2.563259
-1.462161
-1.564290
-1.281300
0.299430
-1.648918
0.134803
0.070821
0.202967
0.034239
-0.704304
-0.886076
0.221386
-1.086668
-1.388530
-1.225297
-0.683082
-0.795091
-1.382255
-0.636417
-2.365736
-1.874214
-1.571535
0.199957
-2.370473
-0.829201
-0.646052
-0.792598
-2.378764
0.001643
0.689586
-1.140768
-1.774564
-1.477045
-0.028843
-1.206233
-0.764218
-1.213417
0.475649
-2.473319
1.658144
-0.336362
-1.024673
0.152630
0.426062
-2.342251
-2.169028
-1.286095
1.492567
-0.630574
-2.372840
-3.296279
-0.573018
-0.359863
-1.684699
-0.835848
-0.643851
-1.427597
-2.369287
-0.599722
0.064001
-0.887872
-1.473710
-0.305463
-1.759422
-0.430074
0.138983
0.297972
-1.692506
-1.075017
0.103824
-0.147318
-0.654000
-1.771103
-2.252192
-2.479749
-1.680202
-2.903284
-2.372840
-0.847975
-0.722789
-3.301215
0.470838
-0.263888
-1.801455
-1.295764
-1.132620
0.747959
-3.297923
-1.441841
-0.276292
-0.237857
-0.823542
-0.630915
-1.857774
0.391496
-1.968605
1.056333
-1.186540
-1.470241
-1.687134
-1.088925
0.077727
0.403727
-1.461371
-0.508756
-2.379945
-2.376391
-2.369287
-2.379945
0.053033
-1.289733
0.048016
-0.474606
-1.499893
0.429961
-1.576712
-1.513251
-1.705750
-3.297923
-0.191344
-1.300195
1.368132
-1.145413
-1.116899
-1.990547
0.182965
-0.100452
0.487027
-3.222980
-1.624785
-0.321463
-1.921368
-1.421856
-0.097244
-0.425469
1.165835
-3.531615
-2.377578
-0.298979
-0.416637
-1.696246
-2.372840
1.131775
0.398384
0.547799
0.527862
0.267142
-1.332336
-1.313320
-0.608358
-0.115963
-2.377578
-3.279822
-2.378764
-2.834709
0.665337
-0.086694
0.032645
-0.656854
0.169718
-1.053285
-1.735974
-2.372840
-0.199680
-0.760920
0.652983
-0.855547
-0.016483
-1.797451
-2.375208
-0.878786
0.282611
-1.526195
-0.651658
-2.371657
0.338842
-0.887684
-2.377578
-2.572253
0.262536
-0.332575
-1.046287
-1.321208
-1.587732
-1.236085
-0.138204
-0.963415
-0.002902
0.377767
-0.367456
0.427598
-1.000476
0.232655
-0.527011
0.124645
-0.923100
-1.651387
-2.296849
-1.685848
-0.818610
-1.033527
-0.762838
-3.286402
-0.334335
0.860737
-1.847815
0.720394
-1.204515
0.153881
-1.814080
0.403145
0.825060
-0.019641
0.045759
-1.870887
0.152983
0.704006
0.236822
-0.555845
0.286030
-0.574155
0.754973
1.350512
-2.570969
-2.836299
0.257449
0.956352
0.512613
0.097937
-0.991096
0.011047
-1.272663
-0.217365
-0.160587
-0.510333
-0.119515
-0.607644
1.182093
-0.681719
-0.760398
-0.182699
0.059762
0.055778
-2.366920
0.031964
0.498605
-0.307678
1.840644
0.363024
-2.371657
-3.291340
-2.374024
0.400928
-0.447471
-2.779523
0.149798
-0.291466
0.608888
-0.720119
-0.880560
-1.692093
-1.021714
-1.250150
-0.827040
-1.344660
0.201779
0.020360
-0.863101
-2.445772
-1.485080
0.019916
-0.152763
-0.407490
-3.292986
-0.275394
-0.710500
0.259601
-0.671405
0.298275
-0.949893
-0.088567
-0.246795
0.139651
-1.976894
-0.531924
0.943015
-1.227593
0.200940
-0.092709
-0.010269
-0.316277
-0.374318
-1.851619
0.746808
-2.368106
-1.441604
0.257752
-1.742098
-1.536298
-0.877003
0.474828
-1.514019
0.411685
-0.386854
-0.620716
0.334237
-0.936701
-1.602088
-0.543326
-1.130827
-0.195535
-2.227340
0.261330
-2.369287
-1.585096
-1.367003
-0.071446
-0.351703
-0.656657
-0.169558
-3.294631
0.317649
-0.185965
0.381988
-1.911613
-0.966099
-0.922639
0.303180
0.500231
-0.789178
-0.438394
-3.291340
-0.591395
-0.781109
0.427598
-1.555509
-0.307562
-2.625591
0.062480
0.948277
0.378487
-0.043757
0.995446
0.484356
0.842534
-1.072249
0.260976
-1.026404
0.304401
-1.131520
0.398200
-0.348827
-1.982302
-2.245321
-2.794160
-0.636865
-3.297923
0.436280
-1.160633
-2.306125
-1.443277
-0.339280
-0.828272
0.815921
-1.491691
-1.606301
-2.370473
-1.716827
-2.033222
-0.880868
-0.733884
0.471352
-1.170276
0.183015
-0.909994
-1.468958
-0.933706
-0.148876
-1.042016
0.013647
-1.886982
-1.456264
-0.317354
-0.711118
0.302719
-0.777130
-2.370473
-1.525763
-1.041401
0.607549
-0.370856
-0.238844
-1.010516
0.243906
-0.625672
-1.725787
-0.976154
-3.297923
-0.848406
0.442569
-0.486269
-1.591263
-1.272242
1.096656
-3.281466
0.167387
0.221642
-0.758677
0.993054
-1.321819
-1.295614
-0.541575
0.417716
0.327271
-0.428519
-0.251501
-0.303069
-0.994409
-0.512211
-0.746672
-1.219227
0.115773
-0.800107
-1.014242
-0.620680
-2.375208
0.549781
-0.543091
-1.084570
-0.059391
-2.364550
-0.583380
-1.753021
-0.598115
-1.570165
-1.794427
-1.226582
0.294035
-0.020210
-1.114611
-0.029055
-1.649714
-0.977943
-0.871095
-0.778671
0.655905
-1.239647
-0.228967
0.002110
-1.109317
-3.065416
0.204404
0.302413
-0.018409
-0.478867
-3.302859
-3.296279
0.156612
-0.151279
-1.375026
-0.171631
-0.517352
-0.885356
-0.253060
-0.602607
-1.291551
0.008194
-2.484884
-0.541308
-0.064906
0.300115
-0.343664
-0.179313
-0.105385
-0.842780
0.407716
-1.032413
-2.026646
-1.261290
-1.319609
0.907433
-1.146124
-2.241008
0.016428
-0.326541
1.311176
-0.304868
-0.721182
-0.451125
-0.442417
-0.089898
-1.992274
-0.548744
-0.989966
-3.286402
-0.593817
-2.022383
0.580357
-0.085425
-1.352200
-2.357509
0.397577
0.903767
-2.497735
-2.371657
0.168154
-0.403932
-2.375208
-0.714314
-0.588923
-0.440406
-1.046272
-0.778990
1.259078
-0.988827
-0.068294
-2.378764
-2.270298
1.125082
-1.534182
-2.369287
-3.294631
1.259595
0.010642
-0.834394
0.518848
-0.483389
0.796315
-2.118448
-2.109878
-0.782887
-0.241834
-1.269982
-0.850144
-0.758324
-0.184243
-0.656414
-0.819760
-3.286402
-2.114228
-1.035593
-3.301215
0.373920
0.980542
-0.458175
-0.173433
-0.000665
1.153888
0.428604
-0.451631
-2.369287
0.150990
0.304185
0.039470
0.699341
0.280046
0.202501
-0.201476
-0.675494
0.814460
-0.735228
-1.405037
-0.769558
-2.362184
-1.410376
0.544815
0.301954
-0.284163
-1.009927
-2.375208
-0.488253
-2.370473
-1.226174
0.384883
-0.489596
0.043289
-1.335788
-0.770407
-1.291500
0.316645
0.713483
-2.164855
0.204150
-0.364405
-2.376391
-1.107879
-0.772325
-2.987086
-1.417930
-0.331270
-0.308178
-2.253499
0.416786
-0.380651
-2.369287
-2.375208
-1.595896
0.363874
-0.416465
0.368825
0.298275
-0.823564
-1.041946
-0.764051
-1.745300
0.232800
-0.979224
-1.095492
0.641905
-1.818080
-0.449104
0.083801
-0.455853
0.606437
-1.218802
-0.574290
-0.955091
0.643779
-2.372840
0.183460
0.030863
-3.292986
-1.375289
-2.332139
0.014325
-2.375208
-0.192370
0.367841
-2.372840
1.625526
-1.112332
-0.515203
0.243106
-0.867006
-1.269705
-0.355324
-2.377578
-2.366920
-1.339651
1.657583
-0.044332
1.414431
-0.420887
-1.104713
-1.610450
1.385386
-0.490152
-0.525900
0.494253
-0.901778
-1.323611
-1.822320
0.202208
-0.464112
0.048045
0.139253
0.013948
0.680522
0.352334
-3.063738
-1.499826
-2.371657
0.302795
-0.764230
-1.480071
0.159580
-0.802942
-2.371657
-1.144587
1.136656
-0.901219
-0.652399
0.132521
-1.662692
-0.149738
-0.708246
-1.396294
-2.375208
-0.682894
-2.690003
-2.372840
-0.372342
-0.230297
-2.376391
1.763448
-3.297923
-0.647682
-2.583953
-0.062995
-2.381131
-2.376391
-0.311208
0.866638
-1.185297
-2.371657
-2.376391
-0.632147
-3.302859
0.155977
-1.155145
0.016366
0.715264
0.207359
-1.035364
-0.177949
-0.298311
-0.053626
1.071145
-0.457590
-0.631618
-0.355242
-1.922328
-0.437835
-1.861279
-1.480637
-1.760192
-0.251378
-3.292986
-1.876176
-0.169385
-2.619068
-0.493474
-0.131864
-0.602480
-2.949690
-0.969736
-0.621231
-1.192745
0.378837
0.323563
-1.730546
-0.676325
-2.369287
0.157909
-0.722357
-0.340970
0.591636
-1.556835
-0.039656
-1.437548
-0.764086
-1.655505
0.537258
-2.473164
-3.260663
-0.619964
-0.198730
-2.375208
-0.770523
-1.191000
-2.375208
-1.934741
-0.566934
-0.127209
-1.679353
-0.059266
0.178164
0.183524
-0.844118
0.215033
-0.322668
-0.350653
-0.134590
-0.045447
-0.123158
-0.231230
-0.744852
0.403306
-0.892840
1.053575
-3.286402
0.430408
-0.114798
-1.244864
-1.963190
1.200769
0.248209
-1.274536
-0.933876
2.177943
0.000148
0.131961
-1.026241
1.140515
-0.567006
-0.692296
0.210676
-1.387274
-0.353212
0.530319
-1.844672
-0.376913
-0.587615
-0.233443
0.051390
-0.462509
0.548049
-1.667325
0.025556
-3.294631
-3.294631
-0.028068
-2.232367
-2.379945
0.222351
-0.834152
0.117124
-1.599965
-1.750009
0.685786
1.320922
-0.510149
-0.211934
0.543866
0.344452
0.174917
2.163292
-0.093804
-0.451386
-1.030559
-0.923341
-2.375208
0.283112
0.302017
-1.910763
-3.292986
-0.987546
1.342412
0.349498
-2.811363
-0.776424
-0.468566
-1.887685
0.393690
0.456514
-1.025621
-2.893392
0.102951
-0.275297
-1.899750
-2.088907
-1.677860
-0.939345
-1.628644
-1.107496
-1.247757
0.820620
-0.584985
0.532805
0.462333
-1.775283
1.448764
-1.001216
0.005015
-0.082681
-0.068832
0.408139
-0.006294
-1.431674
-1.212837
-1.272266
-0.036837
-2.728526
-0.968121
-2.173821
-1.075644
-1.143026
0.054545
-1.069309
-0.125466
0.308215
-0.563057
-0.544899
-0.460897
0.583335
-2.325531
-1.236737
-1.774230
-0.048211
-0.109234
-1.653860
-1.606746
-3.292986
0.035471
-1.067196
-2.372840
0.316029
1.022464
0.488718
0.101989
-1.208908
-0.412939
1.003107
-1.022680
-2.106553
-3.289694
-2.176476
0.945394
-2.186890
-0.145041
-1.248776
-0.851288
-0.636546
-0.495087
-2.370473
-0.251602
-0.931790
-1.323109
-0.505420
-0.768641
0.371887
-0.710056
-3.289694
-2.378764
-0.676110
0.165749
0.144132
-2.742111
-2.376391
-0.915287
-2.783692
-1.832482
1.124383
-1.588886
1.202500
0.300466
-3.292986
0.417022
1.144380
1.371535
-0.272647
-0.183759
-1.340732
-1.712060
-0.204185
-0.687946
-0.660714
-1.309905
-0.751484
-2.377578
0.187708
-1.274129
0.199853
-0.165028
0.280650
0.519710
-1.156079
-0.804303
-1.355933
-0.478523
-3.292986
-0.869146
-0.125500
-2.372840
-1.170758
-0.237161
0.127201
0.265029
-2.293742
-1.220000
-0.290689
0.167944
-1.104872
-0.915230
-0.412860
-2.375208
-0.152424
-0.612173
-1.055730
1.107451
0.039346
-1.333809
-0.054281
-0.871354
-0.779733
-1.952678
-0.613505
-1.653860
-0.233734
-0.054132
-0.545982
-0.130709
-0.672481
-2.324635
0.533627
-2.379945
-2.374024
-1.162068
-0.143604
0.194592
-0.843202
-0.044784
-0.125868
-2.378764
-2.374024
0.466624
0.101264
0.565702
-1.361800
0.103315
-0.001274
-0.960625
0.484717
-0.098359
-0.357130
-1.638854
-1.088108
-0.017002
0.370012
-1.853518
-0.927164
0.200747
0.532049
-0.874304
-0.425169
0.070468
-2.569684
0.357116
-0.379218
-1.585808
-1.064868
-0.678185
-0.539972
0.311708
0.409855
0.015450
-2.371657
-1.258712
0.494281
-1.177799
-0.812243
-0.035974
0.274021
-0.043523
-0.593967
-0.311580
0.003287
-1.367458
-1.307560
0.637301
-0.999667
-2.379945
-0.621942
-1.305319
-1.794172
0.208271
-0.212165
-1.692077
-0.432413
-0.762823
1.123629
0.228456
-0.545653
0.024296
-0.880165
0.009067
-2.621513
-0.439861
-0.337518
-3.299570
-3.296279
0.126742
-0.393463
0.067083
-0.343733
-0.393382
-0.588531
-0.215871
-0.732900
-0.028136
0.752088
-2.372840
0.463465
-3.296279
-0.289640
-0.311103
-0.390812
-2.112965
-1.279780
-0.818069
0.310447
-1.397261
-0.581153
0.853728
-0.821282
-1.483232
-2.374024
-1.582571
-0.462437
-0.562672
0.030839
-0.458765
-0.519143
-0.135557
1.675413
-1.750781
-0.534617
-2.372840
-2.813567
-1.152780
-1.287095
-0.088828
-0.070179
-0.098157
-2.083898
0.819584
-0.067116
-0.853720
-2.261547
-2.375208
-3.291340
-1.793689
-1.278233
0.687404
0.395316
-0.625072
-0.446593
0.402014
0.347980
-2.758332
2.086926
-2.372840
-1.336586
-0.277142
-1.270725
-1.956072
-0.597780
-0.450241
-1.156044
-0.975183
-0.505345
-1.114425
-0.349940
0.106287
-1.499810
-0.511668
1.124797
0.199166
0.344574
-0.047301
-0.999238
0.578043
-0.497038
-1.155901
-1.126694
0.304555
-1.074403
-0.767323
0.300900
-3.040345
-2.376391
0.006818
-1.028300
-2.375208
-3.421783
-0.647326
-2.369287
0.622307
-0.892333
-0.753264
-1.311916
-0.646985
-1.145733
0.443760
0.457735
-0.428060
0.254431
-0.346717
0.320686
-0.591599
-1.748822
2.189119
-1.562785
-0.188031
0.199581
-0.841475
-1.774302
0.315072
-2.379945
-0.779996
0.923447
-3.289694
-0.503424
-1.156634
-2.443769
-3.297923
-2.834712
-0.733101
-0.901419
-0.982977
-2.374024
0.702187
-2.671316
-1.783406
-2.376391
-0.574057
1.045066
-1.441299
1.173824
0.864109
-0.514732
0.825939
-0.108674
-0.044672
0.682025
-3.291340
1.164231
-0.860126
-1.137658
-1.999556
-0.420839
-0.222737
-1.434403
-0.237457
0.991665
-1.021011
0.404990
-2.371657
-1.293950
-0.632056
-3.299570
-0.153700
-2.374024
-0.088718
0.327235
-2.378764
-1.774721
-1.266767
-3.299570
-0.645200
-1.364527
-0.464699
1.609561
-1.388157
-0.220487
-1.304178
-1.399309
-1.669912
-0.478123
-0.771883
-1.187238
-1.112344
0.259898
-1.376829
-0.819227
1.160645
-1.942526
-0.285156
-1.831485
0.016439
0.906569
-2.045846
-2.374024
-2.377578
-0.089266
-3.294631
-2.895151
-1.419868
-1.072037
0.147569
-2.478989
-2.381131
0.563480
-1.477911
-1.073057
-0.413016
-3.286402
-0.308215
-1.526127
-1.653035
-0.924011
-0.015265
-1.132424
-0.500135
-0.231899
1.030021
0.285383
-2.022729
-1.389988
0.794708
-0.814908
-3.026863
-1.061846
0.316799
-1.320732
1.130555
0.348628
1.660910
-3.294631
-0.301111
0.116734
-1.118463
-2.375208
-0.854290
0.011325
-0.286238
-0.609146
-1.577847
-1.368681
-0.061226
-2.378764
-0.683630
-3.301240
-0.680501
0.272892
-1.060339
-1.328863
-1.289302
-0.388126
-0.214566
0.208118
-2.381131
-1.969345
0.772004
-0.400200
-2.901405
-0.561170
-3.299570
1.316137
-0.920764
-1.579250
-0.821892
1.277182
-0.881577
-1.910685
-0.068116
-0.084249
-3.292986
-0.787970
0.252545
-0.971420
-3.297923
-2.374024
-1.898348
-0.776024
-1.236552
-1.328170
0.503298
0.610649
-0.006216
-0.789459
0.041959
0.059945
-0.531034
-2.477178
-0.376195
-2.541211
-2.376391
-0.478745
-2.337673
-0.282267
1.037745
-0.826460
-0.545425
-0.042464
-0.407454
0.779625
-0.732026
-1.311215
-0.021911
-3.299570
1.316012
-0.962090
1.064708
-0.809172
-0.367212
-1.270638
-0.125331
-1.390985
-3.291340
-0.513395
-2.318444
-0.175389
-0.465965
-0.932873
-2.572253
-0.110309
-0.984289
-3.288050
-0.443111
-2.378764
-3.289694
-1.346834
-2.368106
-1.701347
0.492863
-2.457944
-0.105503
-1.023898
-3.297923
0.320277
1.935242
0.042294
0.476050
-1.102804
-2.124751
-1.931606
0.678188
-0.076491
-0.030021
-0.182860
1.206267
0.523220
0.383214
-1.204652
-0.706570
0.132905
-0.306448
0.071991
2.479984
0.801180
0.620741
-2.253993
-0.784857
-3.296279
-1.052373
-2.782188
-2.371657
1.085988
-0.949196
-0.137159
-0.797474
-2.496448
-2.372840
-1.157539
-0.122151
-1.319913
0.431291
-0.840471
-0.283975
-0.993820
-3.294631
-0.436811
0.228626
-2.384681
-0.981367
0.232781
1.186377
-0.399926
0.065160
-2.096171
-3.291340
1.626660
-1.180826
-1.272849
-2.548455
1.071388
-0.089660
0.489151
0.724947
-0.168820
-0.086985
-0.979690
-0.862001
-0.914636
-1.980018
0.253817
-3.588602
-0.986652
0.258585
-1.576568
-2.372840
0.900416
-2.370473
-3.301215
-1.255799
-0.422839
-2.569684
-3.294631
-2.376391
-0.811170
-0.367465
0.750082
-2.570969
0.231270
-3.289694
0.823307
1.351263
0.227764
1.072063
-0.885455
0.005758
-1.037077
0.898387
-1.006314
0.328338
-1.636109
0.346120
-0.502258
-1.471323
-0.785621
-0.214598
0.061373
1.120115
-0.684542
-0.346177
-0.221646
-0.292312
-0.147574
0.171993
1.406716
-0.235542
-2.379945
-1.670090
-2.577125
-3.289694
-1.652208
-3.294631
-3.297923
0.300727
-3.292986
-2.163321
-1.013084
1.490631
0.307751
-0.359104
-2.376391
-1.110882
-0.393701
-2.375208
-0.443763
-3.005787
-0.340226
0.278194
-2.117517
-0.198549
-0.751770
-2.376391
-1.155033
-0.650421
0.065309
0.933445
-0.927189
-1.980135
-0.201930
0.042439
-0.750892
-1.183515
0.110732
-0.464156
-0.999968
-0.367706
1.628465
-0.269957
-0.101014
-0.787725
0.657297
-0.825547
0.425674
-1.856829
-0.851580
-0.887107
0.921161
-0.031091
0.717611
-3.015134
0.877566
1.185040
-0.836234
-3.286402
0.143147
-0.837376
-3.292986
0.372816
0.825195
-0.419634
-2.376391
-0.518128
-0.133610
1.017595
-2.052320
-1.130578
0.725643
-3.296279
-2.678792
-0.720945
-1.806421
-0.897726
-0.469631
-1.170955
-0.554582
-1.165289
-0.554783
-0.923574
0.266055
-0.696350
0.693010
0.645054
-0.158092
1.425609
0.268806
-0.304285
-0.951439
-1.097748
0.094845
-3.294631
-0.132994
-0.465181
-0.941956
-0.032892
0.196062
0.674926
0.292766
-3.292986
-2.486169
-1.592113
0.303331
-3.288050
-1.228297
-0.349633
-0.176123
-2.787638
-2.372840
-2.573540
0.293618
-1.450609
-3.039898
-0.105919
-2.481030
-0.454683
-0.798682
-1.687295
-3.302859
-2.049680
0.192557
-1.974046
-0.139381
-0.677556
0.188859
-2.374024
0.105519
1.063111
0.870064
-0.115221
-1.302799
-1.251861
1.936419
-2.026104
1.530689
-1.182037
-3.292986
0.285727
-0.959464
-1.930509
0.189895
-1.085856
-1.889173
-2.371657
-0.671331
0.857068
-0.077618
-3.007347
-0.704260
1.334470
-0.307878
-1.474814
-0.637751
-1.193586
0.944195
1.007471
-0.447627
-1.533640
0.318598
0.149006
-2.369287
-0.337920
-2.376391
-1.073321
0.306823
-0.309357
0.307129
-3.266656
0.430408
-2.059417
0.245725
0.104030
1.240065
-3.288050
-3.294631
0.301954
0.293072
0.155344
-0.659137
-0.118963
-0.383042
-1.023581
-3.292986
-1.546823
-1.401919
-0.801636
-0.981609
-1.044944
-0.307943
1.408873
1.342900
-0.812408
-3.296279
0.639778
-0.215520
1.407124
-0.247614
-1.088370
0.774460
-0.487265
-0.044464
-0.101031
0.000637
-2.378764
0.248447
-1.716756
-2.453086
-0.512534
-0.613443
0.857493
-0.326617
0.279046
-1.161793
-0.152028
-0.942805
-0.666543
0.308215
0.431057
-2.576109
0.293683
-2.379945
-1.888945
0.304248
-2.383498
-2.264911
-0.013222
-0.317418
-1.517609
-2.376391
0.608944
-2.018898
-1.043028
-1.505575
0.555129
-0.044599
-3.296279
0.195478
-0.361622
0.784915
-1.777091
-0.779862
-3.279822
-0.666215
-1.306347
0.084334
0.740657
-0.962597
0.121919
-0.243638
-1.272116
-1.179039
-0.185635
-0.547324
-0.476104
0.338237
-2.054167
0.549952
-0.680254
-0.193306
2.014376
0.189721
1.545099
-0.110637
0.680696
-2.649418
-2.248049
1.270471
-3.022927
-2.923202
-2.464328
-1.342692
-2.835308
0.430975
-2.813187
-1.028005
1.007495
-2.380188
-0.518923
1.405494
0.053867
-0.220056
-1.293107
-2.226040
-0.679080
-1.079814
-1.179016
-0.132715
-0.603639
-3.301215
-2.375208
-0.411512
-2.375208
1.524591
-2.381131
1.548536
-0.191396
-1.498910
0.889069
-0.646832
-0.610922
-1.113293
-1.224067
-0.760267
-1.426237
-1.359333
0.140418
0.990096
0.892134
-0.615177
0.299694
-2.405138
-0.383860
-1.375939
0.304862
1.125429
-0.881247
1.108920
-0.025022
0.415493
1.720085
0.916952
-0.521232
-1.440621
-0.215572
-0.098790
-0.302666
-1.221020
2.009536
-2.377578
-2.135064
-2.259820
-2.314206
0.001727
-0.113624
-0.037313
-2.370473
1.042970
0.274542
-2.374024
-2.370473
-1.217473
-1.693793
-0.961778
-2.595557
-0.322941
-2.376391
0.291015
1.069952
1.227472
-0.043995
-0.387184
-2.376391
-2.377578
-0.639153
-0.280723
-0.190933
-0.261930
1.417905
-2.379945
0.344874
-0.870864
-2.371657
0.574393
-0.787952
-0.289267
-0.128072
0.101078
-0.582658
-3.297923
-0.686204
-1.236447
-1.922847
0.398273
-1.026248
-1.031652
1.055872
0.139549
1.303638
-0.492351
0.432432
0.009706
-0.095925
-1.041966
0.410018
0.339846
0.168957
-1.066258
0.412463
-0.361687
-0.646840
-0.780220
0.186756
-2.175532
0.755186
-0.438421
0.072781
-0.040294
0.937635
0.880330
-2.377578
-2.371657
-2.791207
-3.292986
1.495234
-2.823021
-2.051324
-0.263188
-2.482316
0.302108
-1.210078
-0.948561
-0.654032
-2.374024
-0.259381
0.633723
-0.188710
-2.618469
1.183087
1.736714
0.306211
0.296698
-0.681968
0.848337
0.769525
-1.078081
0.415497
-2.368106
-0.116164
-0.170007
-2.366506
-0.105221
0.655520
-2.050310
0.049430
0.903925
-0.808877
-0.239157
-0.657658
-1.468008
-2.374024
-0.392696
-2.048851
1.490841
-1.715813
0.341193
-0.921553
0.741063
0.592306
-0.562586
0.041631
-1.002924
-0.433543
-0.315249
-0.605681
0.316986
-3.294631
-3.292986
0.717553
-0.106116
-0.989129
0.362943
-0.003866
-1.856063
-0.347368
0.460193
-0.171179
0.906439
-1.618135
-3.309445
-1.593345
-1.958128
-2.957454
0.525421
-0.525431
0.938471
1.215827
-1.544208
-0.713215
-1.503456
0.575811
-2.289714
-1.595096
-0.703337
-1.256751
-0.020590
-2.589489
-0.108189
-3.304507
-0.646784
0.967299
-0.109391
-0.722553
0.449013
-1.269950
0.024569
-0.600017
0.299043
-1.851899
-1.404826
-2.637665
0.389580
-0.917989
-0.476619
-2.222994
0.957105
0.065605
0.243635
0.484333
-0.307106
0.703515
-0.210438
-1.596243
-0.638734
-1.119688
-0.083345
-0.412569
-1.271501
-1.132837
0.004616
-3.302859
0.432492
0.410945
0.136751
-2.032706
-2.658239
-3.292986
-0.378654
-1.698040
-0.739288
0.591291
-3.299570
1.602871
0.947621
-0.380922
-0.634838
-1.849628
-2.779523
-3.291340
-1.013608
-2.377578
-2.376391
1.850427
0.701134
-0.119701
-3.258258
-0.345071
-0.452834
-0.816309
1.536850
0.768143
-0.539726
1.618417
0.010135
0.307287
-1.167291
0.072341
0.453846
-0.398617
-2.217440
-0.702417
-0.402976
-1.075419
-0.411560
-0.776901
0.584097
-1.289413
-1.426922
-0.612268
-0.411303
-0.046729
-0.564463
-0.292411
-1.577883
-1.754901
-0.267844
1.388618
0.104730
-1.127507
0.206220
-2.262899
-1.792419
-0.097250
-0.427302
-0.436247
0.319016
-0.790792
1.219214
1.381468
-1.033931
-2.377578
-0.097409
-0.257086
1.008987
-3.297923
-3.010460
-0.791743
0.356916
-3.291340
0.303482
-1.329177
0.336071
-1.322840
-0.020984
-0.534788
-0.927592
-2.376391
0.373052
0.526229
0.261330
-1.464643
-0.976024
-0.226588
-2.370473
-2.892041
-2.019590
-2.731995
-1.016413
0.248410
-0.800789
0.430460
-0.315245
-1.911567
-1.346333
-0.165295
-1.525804
-0.401645
-0.658130
0.039405
-0.924161
-0.344543
0.533432
1.268047
-0.317146
-0.127509
0.765606
-3.292986
1.145469
-1.619125
-2.372840
-1.924596
-1.218678
-1.272264
-0.191553
-3.173502
0.968430
-1.369578
0.296614
-0.137923
-0.248673
1.075660
-1.025446
-0.173149
0.352531
-2.378764
0.140442
0.245654
-1.519969
0.015535
-1.313260
0.540022
-1.687677
-0.138972
-2.377578
-2.372840
-0.285650
-2.662569
0.460665
1.056296
-0.283205
-0.880748
-0.554512
-0.366734
0.104056
-1.250632
0.186759
-2.121903
0.430841
-2.496897
-0.642555
0.305115
0.197317
-2.372840
0.049110
-0.378874
-2.368106
-1.321721
0.150991
-0.093969
-2.248981
-0.608369
-0.341653
-3.297923
-1.271363
-1.617999
-1.137935
-0.141240
1.088357
0.300880
-0.576727
-1.168232
-0.296095
-2.134844
-3.299570
-2.741342
-0.363383
-0.755464
-1.863408
-0.209542
-0.906230
0.043218
-2.651162
-1.685764
-1.646771
1.000195
0.328681
1.342513
1.144201
-0.012098
-0.077397
-1.083450
-1.337578
1.279639
1.501100
0.983287
-0.875332
-0.346838
-0.375491
-0.576885
0.055183
-1.206793
-2.566805
-0.268044
-1.289078
0.186490
-1.174192
-2.669381
0.518834
0.338773
-1.528597
-1.429223
-0.550959
-0.608240
-1.286098
-0.870269
-0.764675
-3.295017
-0.629878
-1.256711
0.143444
-0.296213
1.372632
-0.911428
-1.479882
0.291417
-0.117720
-3.662550
-2.370473
0.275464
-2.794747
-2.464328
-0.632378
-2.374024
-2.126220
-0.514688
-1.691988
-0.459582
-2.250460
-0.455098
-1.000307
0.380794
-2.370473
0.409870
-2.376391
-0.091400
-1.434865
0.497723
-0.584844
0.305626
-1.261487
-1.513221
-2.376391
-2.901386
-0.540897
-3.297923
0.371280
-3.281466
-1.495247
-2.300443
0.858496
-1.128953
0.485015
-3.304507
-2.375208
-0.268514
-2.376391
-0.693870
0.305322
0.043565
-1.125601
-0.227190
-0.757764
-0.115909
-0.441129
-0.752612
-0.562423
-2.379945
-0.814860
-0.670149
0.077390
-0.531884
-2.567204
0.865220
0.254745
2.465033
0.661762
-1.871685
0.616375
0.606069
-1.412297
-1.521994
-0.176036
0.564940
0.672367
0.526037
-2.381131
-0.740736
-0.279389
0.303411
-0.670704
-1.289186
0.122398
-2.637503
-1.582456
1.448418
-0.352774
-1.811849
-1.301662
1.759603
-1.285570
-3.292986
-1.472117
-0.669065
-1.239213
-0.166196
-3.163222
-0.842267
0.306976
-0.608542
0.720347
0.320109
-0.142494
-0.804034
0.040336
-0.342982
1.071257
-1.699755
-1.018315
-2.374024
-1.260095
-2.372840
-0.611898
0.119739
-1.596307
0.511216
-0.398189
-3.296279
-3.292986
0.405927
-3.294631
-2.374024
0.307904
-0.808033
-3.294631
-1.210607
0.307904
0.355649
-2.376391
-3.297923
-0.364680
-0.743630
-1.481178
-1.250899
-0.113419
1.052023
-3.286803
-0.527484
-0.345960
-0.402018
2.124172
-0.577184
-0.803253
-0.505396
-0.167587
-1.022791
-1.076567
0.337444
-1.027178
0.399779
-1.429926
-0.379435
-0.706230
-1.538546
-2.370473
-2.086696
-1.142715
-0.167857
-0.000601
0.555652
-1.327233
-0.109182
-1.601771
-1.238378
-0.008000
-1.057458
-0.879361
-2.873337
-0.500278
-1.174235
0.279117
-0.533337
-1.314749
0.440844
1.168333
-1.403188
0.238045
-0.323438
-2.299556
-1.122106
-0.113188
1.236053
0.532141
-1.993128
-1.522856
-0.020368
0.026209
2.246234
-3.299570
0.865056
-0.768766
-0.354168
-1.309074
-3.294631
-2.156353
-3.010820
-2.897383
-0.912277
1.188298
-0.275566
-1.313818
-0.390833
0.429542
-2.372840
-2.374024
-3.288050
-0.792983
-0.417653
0.022433
-3.299570
-0.916329
-3.294631
-1.720436
-0.303746
-0.655934
-2.382313
0.979481
-2.371657
0.450227
0.181045
-1.693793
0.022528
-1.268706
-0.565844
-1.983078
-0.416845
-3.302859
-0.818817
-3.018253
-0.844761
-0.836579
-0.041238
1.103300
-1.060339
-1.140686
-1.538246
-0.943209
-1.067415
-0.437451
0.060811
-3.288050
0.466539
0.706734
-0.762527
-1.101956
-0.855213
-0.022813
-1.238648
-1.696823
-3.007347
-0.347927
-0.654035
-2.374024
0.188855
-0.137059
0.757464
-0.559998
-0.307149
-1.288491
-0.927631
-2.101938
-1.527905
-0.302121
-1.977929
-0.266901
-0.837893
-1.929015
-0.704100
-1.584333
-0.022923
-0.117288
-0.010265
-0.011596
1.983679
-1.238991
-2.049722
0.337826
0.744040
-0.420574
-1.698040
-1.233729
-2.371657
-2.866090
-0.822448
-2.371657
0.146720
0.089395
-0.058266
0.216973
0.910149
-3.291340
-0.845356
-0.868619
0.818430
1.453923
-2.813754
1.724176
-1.880766
-0.678765
-0.562571
-2.653039
0.373824
-0.916894
0.043103
-1.137222
-2.073508
2.203181
-1.028051
0.983689
0.130605
0.304029
-0.791610
-2.791047
-1.108607
-1.372322
-1.444225
0.304962
-0.180662
-2.748473
-0.239470
-1.963091
1.064157
0.034154
-1.219691
-1.038942
-0.596359
-0.921402
0.489529
-1.455269
0.655246
0.586986
-2.375479
-0.640722
-1.501232
-0.712382
-0.036680
-1.945232
0.472291
-0.267183
0.946461
0.960573
0.533627
-1.240451
-0.641609
0.099862
0.682427
-0.632930
0.225098
0.032950
-0.596818
-0.036180
-0.431424
-0.865381
-0.215558
-1.518259
-0.820700
-2.377578
0.296427
-2.376391
-3.284758
0.153128
-3.292986
-0.623009
-3.614678
-1.315823
-1.912350
-2.372840
-0.435849
0.283346
-2.161839
-0.178933
1.140144
-2.780225
-1.646449
-2.298700
-3.291340
-3.299570
0.303411
-1.260808
-2.217220
0.425303
0.256684
0.291324
-3.294631
-1.087963
0.238594
1.007645
1.620801
-0.890050
0.873689
0.518312
-1.670040
0.902888
-1.423888
-0.492254
-0.503761
-0.023422
-0.174914
-0.718574
-3.431557
0.037954
-2.126292
-0.322506
-2.821561
-0.128140
-2.370473
-0.619799
-0.252627
-2.340426
-0.888168
-1.540557
-2.138618
-0.242153
0.218631
0.767672
-1.540944
-1.189220
0.155194
-3.286402
0.499648
0.497536
-2.377578
-2.696174
-0.969564
-1.767142
-0.836551
-0.108229
1.850931
1.171977
0.129693
0.367821
-0.778723
-1.123304
-0.472298
-0.099802
-0.556332
-0.141718
-0.039214
-0.159144
0.016871
-2.371657
0.329332
-0.276815
-0.195652
2.134594
-2.233642
-1.970258
0.271479
-0.459448
-0.306091
0.075253
-2.661763
-2.949690
0.669053
-1.026648
-2.369287
-0.718038
-2.379945
-3.292986
-2.376391
-2.374024
-2.371657
-3.297923
-2.369287
-1.917537
-0.418785
-2.375208
-3.291340
-1.824109
-1.631378
-0.191952
-3.292986
-2.737454
-0.867304
-1.707638
0.300779
-1.551104
0.417956
-0.335033
-0.708284
0.041632
0.480339
-3.288050
-2.370473
-2.375208
-0.643650
-1.354061
-0.363316
-0.427757
-2.371657
-0.780377
-0.702410
-3.301215
-3.144166
-2.378764
-0.127463
-0.299656
-0.531298
-1.813158
-1.736840
-2.475893
-0.508321
0.069120
-1.711449
-0.887590
-3.296279
-2.199687
-0.877922
-3.296279
-1.058158
-2.291582
-0.706694
-1.749184
-0.418420
1.024526
0.527449
-1.146386
-0.686907
0.280226
-1.007235
-3.022927
-0.457461
-1.305742
-1.215403
-1.099920
-2.517788
-0.824898
0.186988
-0.475562
-2.877804
-1.088339
-1.694644
-0.512310
-1.322195
0.014024
-0.491226
1.796224
-1.693793
-1.594480
-2.379945
-0.044447
0.790372
-0.505327
-1.637139
-3.284758
-0.096234
-2.530360
0.406701
-2.179118
-1.641011
-0.161831
0.626296
-0.950184
-1.827813
-0.525782
0.116783
-1.583878
-0.569443
-2.372840
-1.384287
-0.976648
-2.379945
-1.699261
-2.335287
-0.842637
-0.627526
-0.723173
-2.382313
-2.363369
-0.943998
-1.582739
-3.217375
-2.107570
-0.616759
1.587702
0.539237
-2.372840
-0.182847
-2.375208
-0.059313
-1.614461
1.162126
0.347181
-2.377578
-3.294631
-2.374024
1.296740
-0.777975
-1.764145
-2.368106
-3.286402
-1.140625
0.694465
-2.535884
-3.292986
-1.692093
-0.790253
-1.545651
-3.294631
-3.292986
-0.361656
0.153604
-0.390443
-1.447012
1.319452
-1.228037
-1.472962
-2.079138
-0.988324
0.923227
-1.255493
-1.414628
1.525307
-0.896934
-1.076567
0.306926
-1.150459
-0.679684
-0.037323
-0.381293
-1.003010
0.033551
-0.347041
0.341079
-0.448921
-2.823191
-1.175851
0.301954
-1.208856
-0.703782
-1.387616
-0.047846
-2.375208
2.114297
-0.514965
-0.389793
-2.652612
-0.957762
-0.216522
-1.015271
-0.465093
-0.854763
0.105923
-2.383498
0.288856
0.326615
0.358728
0.479719
-1.142825
-1.199901
-2.624074
-0.139264
-0.200642
-0.772681
-3.296279
-2.083549
-0.826918
0.114658
-2.372840
-2.624179
-1.271393
-3.288050
-1.069143
-2.128482
-0.232194
-1.369957
0.148734
-0.217463
-3.296279
1.818178
-2.351738
-1.921177
0.070217
1.201917
0.552687
-3.292986
0.047143
-0.370007
-2.371657
-1.642036
-0.491796
-1.176643
-1.760413
-3.289694
-0.572838
-2.372840
-0.818253
-3.294631
-1.589646
-1.031574
-2.541514
-0.987852
-0.916042
-0.661177
0.112810
-1.023871
-1.426348
-1.636315
0.003482
0.096393
-1.900165
-0.610897
0.064643
-2.371657
-0.598238
1.632546
-3.291340
-1.713626
-1.258016
-2.372840
0.041758
0.645915
-0.893504
-0.470772
0.433331
-0.089152
-2.278639
-3.607243
0.713564
0.453726
-1.812204
0.406411
-3.016128
-1.466614
-0.324324
-3.294631
0.261212
-1.032194
-2.377578
-0.385283
0.862822
1.268820
-1.663714
-1.486746
0.497469
-0.982098
-2.498764
-0.422996
-0.884010
0.779683
-2.372840
-0.703614
1.494688
-0.333902
-2.384681
0.061373
-0.498851
-1.820316
-1.418723
-0.349623
-0.483399
-0.030466
-3.007262
-3.281466
-2.536386
-1.650623
-0.403378
-1.998328
-1.214904
-2.541906
-1.635715
-0.579924
-0.812886
-1.720744
-0.488724
-0.073879
0.593906
0.549859
0.431299
0.507967
-1.694118
0.599004
-3.297923
0.159563
-0.966825
0.871768
-2.412718
-0.304320
-0.387394
0.345992
-1.111267
-0.816502
-0.372809
-0.730141
-0.343810
0.196503
1.161988
-2.148773
-0.674856
1.367856
-3.002671
-2.184173
0.566816
-2.774673
0.089600
-2.517007
-2.374024
-3.301215
-3.112538
1.902088
-2.044231
-2.580123
-0.767229
-0.558483
0.082943
-3.294631
-3.292986
-3.292986
0.357654
-1.172027
-0.673761
-0.886422
-3.284758
-3.283111
-3.291340
-0.648021
-2.372840
-3.586166
-0.751486
-0.501276
-0.913338
0.323083
-2.162567
0.182952
-2.374024
-2.492188
-1.370343
-2.456552
0.559473
-1.652208
-1.712992
0.420248
-2.182450
0.332064
-1.742535
0.914669
0.097923
1.182781
-0.541079
-0.611920
-0.104842
-2.446339
-3.292986
-1.145721
0.933232
-2.374024
0.075277
0.084979
-1.566154
-1.014663
-1.189123
0.056096
-1.702720
-1.298571
-0.060987
-0.564160
0.762861
-3.297923
-0.366991
0.707247
0.276499
-0.976433
-1.051186
-1.652208
0.336769
-0.704324
-0.764014
-2.988646
-0.171067
-2.566904
-3.761247
-0.083431
-0.378314
-1.492789
-0.117896
0.075165
0.895697
0.315323
-2.370473
0.913185
-0.812938
-3.294631
-1.426371
-0.631888
-3.170547
-0.650436
-1.224494
-3.281061
0.745489
-0.906254
0.296817
-1.829383
-1.501020
-0.703099
-2.363336
-2.371657
-0.419643
-2.069732
2.415343
0.287946
0.363562
-1.671014
1.030854
2.181445
-1.111107
-0.860374
-0.303701
0.313461
-1.106277
-1.479175
-1.695390
-1.751408
-0.052086
-3.416368
-2.374024
-2.374024
0.429111
-3.302859
-2.296718
-0.373372
-1.712157
-2.514436
-2.277417
-2.371657
-1.343480
-1.650949
-0.873527
0.227152
-3.288050
-0.856873
-2.293257
0.749163
-3.299570
-2.991628
-0.393197
-0.283265
-0.533433
-2.758137
0.112139
-2.340193
0.891149
-2.390739
0.010802
-1.163225
0.044711
-2.536708
-2.374024
-2.224348
-0.765133
-0.802126
-2.887362
-2.510366
-0.485619
0.100084
0.394987
-0.501496
0.969162
0.278871
0.068433
-1.309152
-2.365736
-0.585912
-1.136645
0.444691
1.743149
-2.563259
-2.507603
1.884319
0.722408
-2.090406
-1.509619
0.299655
-0.081761
-2.174582
-0.746307
-2.588404
0.504529
-2.241266
-0.744662
-2.618762
0.206483
0.979118
-1.821176
-2.375208
0.876234
1.271242
-0.424353
0.955530
-2.358960
-0.344647
-1.597530
-1.224983
-2.378182
-1.591247
-0.068351
-1.244269
-0.632340
-1.445302
0.786480
0.340513
-0.863026
0.129561
-0.546526
-1.159786
-0.773995
0.681004
0.005514
-1.389681
-3.118184
-1.380735
-1.716224
-1.982453
0.968329
0.688210
-2.298254
-0.223693
-0.941677
-1.012651
0.192022
-0.638717
0.271333
-1.245731
-0.095993
-0.444819
-2.111778
-1.019221
-0.760049
-0.498371
0.796263
-0.963223
-0.130398
0.549762
-0.780399
0.933213
-1.041903
-0.246896
-1.246562
-0.892189
-1.524125
-0.244441
-1.984790
0.068868
0.137232
-2.376391
-3.286402
-3.292986
-0.709625
0.234022
-0.960578
-2.365736
-0.454951
-1.116221
0.658754
-1.298730
-0.446698
-0.980011
1.691877
0.643289
-2.369287
-1.167259
-0.025891
-2.377578
-1.986158
-2.377578
-0.328762
-0.509794
-1.184820
-0.296025
-2.374024
-2.621362
-0.657890
-1.192148
-3.296279
0.719583
0.156782
0.222824
1.066334
0.682640
-0.223012
0.088286
0.316426
-0.719420
-2.378764
0.682514
-0.724214
-0.935796
0.174404
-0.552386
0.753514
0.594488
-0.016843
-1.163132
-0.099034
-3.297923
-0.629331
-0.850370
-1.580684
-0.284909
1.578758
-1.088676
-0.119192
-1.670499
0.065541
-1.796088
-1.268344
-0.107567
-2.222189
1.333874
-1.464854
-0.311461
-0.841509
-1.446064
-2.376391
-0.679112
-1.441087
-0.350372
-1.346782
0.284498
-2.525914
-0.049284
1.121078
0.244571
-2.700662
0.488767
-1.830341
-1.781075
-0.943474
-0.114213
-1.749677
-1.961769
-1.641315
-2.149018
0.455234
-0.356317
-0.493758
-1.027641
-0.973275
1.578274
-0.679766
-0.058673
-0.309829
-1.388116
1.140044
-0.739558
0.039582
-1.819332
-1.028139
-2.780977
0.396094
-1.496117
-0.070293
-2.378081
-1.017451
-3.419978
-0.690459
-0.726617
-2.366920
0.523282
-1.096517
-1.955085
0.692974
-0.430919
-1.029698
-0.321910
-2.371657
-0.166468
-0.172976
-0.569007
1.514413
-1.021660
-0.937064
-0.483764
0.123407
-3.010915
-2.372840
-1.387328
-3.147870
0.200408
-1.349115
-2.369417
0.871461
0.000872
-0.617208
-0.359205
-1.262982
0.967586
-0.261489
-1.145939
-2.369287
-0.427765
-0.374209
-0.682754
-2.372840
0.041178
-1.887010
-3.291340
-0.636911
-1.762048
-2.378764
-2.374024
-1.947640
-2.476428
-2.262659
-1.457927
-1.875741
-2.378764
-1.609033
-2.376391
-2.374024
-0.908575
-2.377578
-2.281047
-3.291340
-2.378764
-0.834010
-2.371657
-2.375208
-1.503780
0.158892
-1.446183
-0.904310
0.588362
-2.371657
-3.288050
-1.066290
-2.370473
-0.470036
-1.082840
-1.411024
-1.239459
-0.563212
0.207046
-0.784289
0.386387
0.562804
-2.330727
0.302947
0.344831
0.222327
-0.052926
-2.371657
-0.701973
-0.739984
-2.370473
-0.762159
-0.454410
-0.688229
-0.820634
-0.073776
-3.286402
0.480688
1.513320
-1.255399
-2.304421
2.519419
-0.558815
-0.450158
-0.909359
-0.012363
-0.628605
0.131095
-1.199232
1.069558
-0.238027
-0.829425
0.263036
-0.651008
-2.656965
-0.307078
-0.341965
-1.248003
-2.338770
-1.598812
0.085699
-2.941969
-1.280432
-2.366920
0.144709
-1.080353
1.483954
-1.071198
0.526789
-0.564305
-0.929145
-2.638577
-1.097304
2.315314
-3.297923
-0.474437
-0.315479
-2.060124
-2.870831
-0.065669
-0.702809
-0.360286
-2.577394
0.385940
-1.387537
2.260789
0.006395
0.515315
1.366938
-3.750260
-2.084161
-0.778811
-0.739537
0.169019
-0.552091
2.533681
-2.195466
-1.203303
0.614174
0.230594
-1.718875
0.981244
-1.065052
-1.459423
-0.960759
-1.676531
-0.108808
-2.368106
0.835431
-1.672600
1.426721
-2.377578
-1.907006
0.043318
-0.774644
-1.095895
-1.349895
-0.829475
-2.186333
-2.917182
-2.095204
-2.225693
-2.627317
-2.374024
-1.559710
-0.896401
-1.623097
-2.377578
-1.218052
-1.498428
-2.988646
-0.317218
-0.166187
-2.804073
-2.375208
-2.845318
-2.374024
-1.995554
-1.781293
-1.645529
-2.377578
-2.572253
-0.113483
0.348820
0.060189
-1.186644
-3.289694
-1.617460
-1.972123
-2.376391
-1.336926
-2.988646
0.836969
-1.933759
-0.935745
-2.377578
-2.414936
1.007949
-3.301215
-1.638931
-0.323572
-3.696034
1.036667
-0.821281
-2.378764
-2.376391
-3.292986
-1.958141
-2.218212
1.265468
-2.372840
0.304340
-1.532778
-0.459333
-2.249025
-3.001111
-1.276613
-0.585431
-2.421588
-0.460715
-2.740344
-1.317613
-0.739632
-0.962523
-0.131751
-3.294631
0.391154
-2.377578
0.155287
-0.090794
-2.375208
1.854504
0.356778
-2.524715
-2.472035
-2.897012
-0.445513
-0.850070
-1.087494
-1.153477
-1.021353
-1.161353
-1.534413
-2.094489
-1.421757
0.244535
0.331680
-1.171275
-1.280066
-1.653035
-2.372840
-3.004261
-1.759994
-1.270856
-0.864485
-3.296279
-1.698658
-1.851649
0.966781
-2.398435
-1.575366
-0.041771
-1.308251
0.164317
-0.187915
-2.058068
-1.207812
-1.272515
0.068839
0.017451
0.271643
0.248806
1.344047
-2.411345
-2.478462
-2.403011
-0.924380
0.015204
-3.261331
-0.255654
-0.793064
-3.301215
-0.635535
0.500184
-2.017977
-0.171609
-0.568163
-0.133140
-0.124707
-0.121970
-0.450490
-2.754708
1.959661
-0.966600
-0.724165
-1.380083
-0.835703
0.326536
-1.074023
0.095958
-1.963461
0.749043
0.755228
-0.139819
-0.205605
-2.682426
0.565675
-0.648436
1.661511
-0.156761
0.572619
-3.044881
-1.148657
0.513940
-1.486804
-2.371657
-0.034236
-0.074341
-1.876478
-0.700207
-1.651387
-0.560961
-1.295232
0.439221
-0.161516
0.648198
-2.999171
-1.179614
0.078379
-4.151332
-2.379945
-0.892547
-2.381131
-3.297923
-0.350604
0.508582
-0.808682
-0.423017
-2.374024
-1.782590
1.291776
0.873228
-3.291340
-0.516771
-2.379945
1.452819
-1.980681
-0.471432
-3.540622
-2.374024
-0.067141
0.082366
-1.370594
0.405880
0.738206
0.810068
-1.044505
-0.821979
-2.438383
-2.658895
-1.335704
-1.971082
-3.095896
0.422841
-2.428665
-2.371657
-1.163127
-0.253517
-1.289308
-0.363597
0.771396
-0.841930
-0.950444
-2.533853
1.777922
-1.430876
-2.050166
-1.414742
-1.296965
0.953792
-2.047334
0.086859
-0.770327
-0.485014
-2.596569
-0.729550
-0.846895
-1.079814
-1.730114
-2.251524
-0.540060
-1.609948
-0.847682
-1.883655
0.071319
-0.653398
-2.371657
-0.509012
-3.294631
-1.130468
-1.116042
-2.052691
-1.478959
0.620810
-1.715504
-0.232992
-2.340340
-0.385081
-3.286402
-0.417778
0.104272
0.359321
-0.751143
-1.895497
-1.290215
-2.372840
0.379801
-1.361787
-1.642393
-0.435647
0.603314
-1.425980
-1.562740
-0.685709
-0.404059
-1.756983
0.753453
-0.423610
-1.238867
-2.368106
-0.040529
-0.849113
-0.972234
-1.425042
-1.346024
-0.304291
-1.776317
-2.518642
-1.013777
-2.372840
2.174746
-0.149275
-0.557080
-1.544250
-0.850412
-0.674639
-0.800898
-0.472254
0.050192
0.191845
1.338562
-1.776887
-0.918459
-3.272498
-0.699417
0.843803
-2.366920
0.253339
-1.165293
1.073539
-0.372012
0.827799
-0.447560
1.850202
-0.572451
-1.099250
1.814109
-1.301685
-0.410414
-1.693731
-1.251132
1.103739
-0.926207
0.428871
-0.984664
-1.237132
-2.991764
1.012478
0.132064
-0.378781
0.118106
1.427257
-0.878487
0.916850
-2.751262
-0.550018
-1.083601
-2.874547
0.401883
1.314691
-2.563259
-3.296279
-2.375208
-1.442592
-2.369287
-2.495751
-2.731789
0.284955
-3.296279
-3.292986
2.087544
-0.516190
-0.781468
0.264909
0.057045
0.150619
-2.371657
-0.547109
-1.755099
-0.950281
-2.376391
-0.525194
0.131701
-2.363369
-2.871781
-1.368166
-0.343794
-0.649877
-2.371657
-1.639933
-2.377578
-2.374024
-3.291340
-3.294631
0.071468
-0.542090
-2.478462
0.152809
0.894182
-3.296279
-1.669568
-1.287397
1.229857
-3.288050
-3.295537
-3.349722
-0.909155
-1.694489
-0.354982
-0.438761
-1.193567
-1.538512
-2.107764
-1.540812
-1.402330
-1.941141
-1.442539
-1.808585
-0.269673
-2.239037
-3.289694
0.297059
0.256139
-2.377578
0.738981
-0.790500
-0.507808
-2.369287
-0.439999
-0.101738
-1.024681
1.466327
-0.101900
-1.265938
-0.533545
0.295661
0.916304
-0.692768
-0.669530
-3.024081
-1.035136
-1.431972
-2.297468
-3.146724
-0.732502
-3.205062
0.613447
-3.001539
-0.573462
-2.155496
-0.763360
0.342196
-0.955297
0.332118
-1.577298
-3.288050
0.643923
-0.268633
0.303944
-0.642175
-2.955779
1.585860
-2.252895
0.971151
-0.090614
-0.344198
-2.537554
-1.041808
0.576489
-0.019428
-1.696339
0.743819
-3.296279
0.038838
0.933447
1.006835
-0.761707
-0.278111
0.021255
1.047338
-2.379945
-0.831663
1.074260
0.758777
0.425442
-0.364572
0.385933
-2.378764
-0.624787
-0.604522
0.326265
1.017504
-0.450915
-2.461845
-3.002299
-0.286738
-2.368106
-1.752954
0.412766
-0.948415
-0.152205
-1.972882
-1.409281
-2.560252
-0.517305
-2.778856
-1.500714
-4.461468
-1.146744
-0.191738
0.386303
-1.118590
-2.318983
-1.425401
0.062207
-0.417095
-1.359807
1.089382
-0.872441
1.947162
-1.801992
-0.202943
-1.763432
-2.404440
0.567182
-2.642208
-2.369287
-0.642340
-3.636443
-0.180023
-2.206047
-1.391657
1.077127
-0.743448
-0.948540
-0.783979
-1.156840
-1.121231
-1.100057
-1.789293
-3.019809
0.906608
-2.193141
1.125551
0.169409
-1.298545
-1.026854
-2.571055
1.028112
-0.160924
-0.735088
-2.122352
-1.530391
-0.768918
-1.845971
1.050842
-1.285947
-0.368545
0.587711
-1.992455
-2.375208
-2.372840
1.088251
-0.503283
-2.356452
1.225232
0.456576
-3.289694
-1.262088
-0.921453
-2.370473
0.190469
-0.939113
-2.791767
-1.378576
-0.289903
-1.028863
-1.264859
-2.655203
-1.154027
-3.144666
0.005744
-1.017443
-1.123059
-1.590670
-1.875810
-0.451380
0.342138
-2.371657
-0.700863
-0.623550
-3.291340
0.307904
0.866123
-3.283111
-3.296279
-0.784770
-0.919046
-3.292986
1.502100
-2.376391
-0.318057
-3.296279
-1.143090
-0.039576
-0.943252
-0.733673
-1.923565
0.048330
-3.284758
-1.864395
-2.378764
0.759567
-1.063963
-2.370473
0.669519
-1.514536
-0.401895
-3.341522
-2.378764
-2.377578
-3.296279
-3.291340
-3.007347
0.367212
0.966730
-0.359960
-1.076567
-2.289956
-2.368106
-0.463320
-0.956706
-1.652208
-2.374024
-3.296279
-2.372840
-1.244041
-1.087827
-3.005787
1.365566
-0.713260
0.680428
-2.421364
-2.368106
-1.292591
-2.365736
-1.634218
0.057427
-0.392251
-1.556863
-1.583422
-2.372840
-2.154143
-1.280761
-2.375208
-2.375208
-2.372840
0.339384
-4.353394
-2.317717
-1.793570
-2.375208
-0.874444
-3.001111
-1.685039
0.720813
-1.209333
-2.570969
-2.202098
-2.171549
-1.073593
0.353427
-3.289694
1.076693
1.210109
-1.397626
-1.866865
-1.108844
-1.172756
-1.580593
-2.760009
-0.617022
0.935413
-1.420054
-0.698679
-1.936420
-0.110282
-1.261789
-2.374024
-0.841387
-2.253065
-1.021200
-0.587310
-2.372840
-3.289694
-2.370473
1.243232
-0.441183
-0.837646
-1.756000
-2.325121
-1.601991
-3.283111
-1.611870
1.249737
-1.942894
-0.028129
-2.801698
1.150594
-2.371657
-0.543005
-2.269496
0.897985
-0.916689
-0.671294
-1.229502
-1.300995
0.078744
0.242460
-1.326522
-2.581839
0.154103
-0.554238
-1.543141
-2.426495
-1.439683
-1.389318
-0.454470
-2.977735
-1.395748
0.076820
-1.591093
-1.538404
0.024863
-2.669802
-1.070171
-2.495164
0.039641
-0.658169
-1.715929
0.326196
-2.501596
-2.744273
-0.378590
-3.787698
-0.903612
-2.376391
-3.899754
-1.504344
-2.146015
-2.989405
-0.567348
-1.592515
-1.627394
-0.688770
-2.372840
-2.832720
-1.383159
-0.321442
-1.295186
-2.903519
-2.577394
-0.990874
-2.330760
-1.937189
-0.457678
-1.441476
0.046328
2.269654
0.649249
-0.436588
-0.515127
-1.400128
-0.363698
-0.457162
0.898089
-2.366920
-0.120152
-1.484186
0.701852
-1.190747
-2.281530
-1.532075
-2.061689
-2.203044
1.508932
0.015241
-0.219864
0.430813
-0.532380
-1.758956
-0.020307
-1.613546
-2.385191
-1.093208
-0.693159
0.281750
-2.456441
-3.301215
1.832976
-1.497592
-1.194959
-1.724747
-0.024926
-1.395879
-0.350774
-2.492432
-2.291816
-1.731688
-0.412390
-2.198500
-2.596986
0.260985
0.661246
-1.489234
0.271025
-3.296279
-0.876438
-1.053438
0.667743
-2.194445
-1.080353
-3.294631
-2.376391
-2.668342
-2.475442
0.377069
0.308059
-2.574823
-2.372840
-0.392369
-2.381131
-0.045820
-3.296279
0.305274
-1.025606
-1.276262
-0.874952
-3.297923
-1.614312
-0.737821
-0.609975
-0.795379
0.111790
-3.296279
0.275517
0.430408
-3.296279
-2.375208
-1.387369
-1.999096
-3.289694
-3.299570
-2.201471
-2.713928
-3.292986
-1.696339
-1.815879
-2.370473
-0.631390
-1.648918
-1.015431
-0.838000
-1.305303
-1.229898
-3.291340
-3.297923
-1.017611
0.435947
0.779781
-1.018356
-0.167557
0.882806
-3.297923
-1.468745
1.166191
-1.676101
-0.922540
-3.268301
-3.514524
-0.477411
-1.578561
-1.442437
-0.956298
-2.370473
-3.291340
-1.095494
-0.294229
-0.815487
-0.752730
-1.590520
-2.570969
-1.076026
0.137498
-1.356091
0.431271
-2.627718
-1.665130
-0.591740
-3.288988
-2.567115
-1.075139
-2.568399
-1.467468
-1.531923
-1.369922
-1.954018
-1.645846
-0.775051
0.527703
-1.198412
0.534716
-0.315143
-0.791437
0.908504
-1.980789
-1.538620
-2.043930
0.171248
-3.052215
-1.048151
-1.137680
-2.377578
-2.569684
-3.292986
0.230001
0.406799
-3.294631
-3.284758
-1.239267
-0.211175
-2.189800
-0.621500
0.926134
-1.305598
-1.462856
1.340248
-1.590044
-1.058239
-2.055774
-3.297923
-1.134871
-1.030001
-3.276925
-1.301309
-1.335116
-2.004767
-2.731288
-0.873971
-1.959091
0.557338
-0.922612
-2.887339
-2.464328
-2.038269
0.082633
-2.151683
-3.116713
0.363967
-1.514996
-2.222771
0.004811
-0.951174
-0.688170
-1.131270
-0.680441
0.270460
-2.478462
0.159568
-2.374024
-0.844934
-2.307012
-1.295505
-0.487881
-0.577257
-2.997723
-1.796756
-0.941080
-2.155921
-1.714425
-1.957783
-2.607564
0.779066
-0.416338
-0.552704
-1.295376
0.855222
-2.241882
-1.873050
-2.399498
-1.094996
0.764962
-0.268671
-0.469813
-1.081858
-1.618294
0.295675
-0.751233
-3.103766
0.275965
-0.282934
0.269180
-2.004824
-0.839604
0.891149
-3.837848
-0.517272
-0.363290
-0.493547
0.890635
0.008926
-2.374024
-1.633898
0.398010
1.894370
0.308836
0.639369
-2.718429
-1.080353
-1.176875
-2.552621
-0.723894
-1.183840
-4.038553
-1.121598
-0.172328
-0.755622
-0.807857
-2.552533
0.567441
-1.828549
-1.290248
-0.165666
-1.347649
-0.850050
0.299683
-3.291340
-2.377578
-3.291340
-2.376391
-0.535810
-2.290116
-0.998374
0.534437
0.360942
-2.195936
-0.220056
1.353736
-2.085303
-2.371657
-3.262967
-1.439108
-2.175849
-2.374024
-3.299570
0.608896
-0.558089
-2.369287
-1.028546
-3.297923
0.553095
-0.530336
-3.292986
-3.919495
-2.375208
-1.940843
-1.477510
-2.833147
-0.743120
-2.369287
-0.754942
-0.819760
-1.410979
-2.372840
-3.292986
-3.292986
-2.371657
-2.372840
-0.915128
-0.962807
-0.984614
-2.377578
-2.805515
0.510663
-2.125194
-0.453108
-1.360744
-2.163590
-2.273189
-0.396459
-2.167109
-1.871123
-1.069577
-1.500932
-3.044730
-0.205205
-3.288050
-0.465023
-1.698845
0.325232
-0.224028
-2.565828
2.211704
-2.971502
-3.320826
-3.302859
-0.360608
-1.103451
-1.411342
-3.271848
-1.083380
-2.376391
-1.570901
0.401690
0.303411
-3.713920
-0.879885
0.221412
-1.846852
-0.623235
0.911613
-2.113176
0.505621
0.816559
-0.457679
-0.073327
-3.301215
-2.371657
0.424555
-1.794815
-1.544838
-0.182147
-2.377578
0.787636
-2.163639
-2.994878
0.914045
-2.324170
-1.335335
-2.481030
-3.145464
-2.272063
-0.579132
-2.372840
2.450577
-0.715849
-2.387596
-2.483007
-2.805917
-0.684137
-2.488985
-2.394642
0.399279
-2.754755
-2.469706
-2.377578
0.292766
-1.567417
1.997703
-0.475406
-2.568452
-2.731405
0.302719
0.367174
-3.050309
0.767241
0.031011
-1.650564
1.239843
-0.450192
-0.347257
-3.294631
-2.841098
-1.594624
-1.737994
1.229425
-0.208482
-1.273747
-1.516846
-1.655303
-1.588577
-1.689629
-2.375208
-0.262776
-2.221830
0.138024
-1.237999
-0.094390
-0.039578
0.295606
-0.539468
-1.967381
0.746804
0.303482
-0.359336
-0.167885
-1.564411
-4.246834
-0.778260
-3.288050
-1.279554
0.015826
-1.523461
-2.240133
-0.104028
-3.292986
0.041180
0.061199
-3.604811
-0.681061
-1.799344
0.663767
-2.475893
-3.118810
-3.291340
-2.568334
-2.352099
-1.264126
-2.111836
-1.121558
0.158378
-0.887610
-2.859836
-1.280806
-4.686962
-0.861716
-0.571544
-0.494957
-1.020618
-2.463042
-1.236159
0.535725
-1.534098
-0.119152
-1.428857
0.132276
-0.721467
1.150027
-0.184185
-2.374024
0.212904
-1.464709
-2.186069
-3.121555
0.901895
-0.938372
-0.988264
-1.743091
-2.372840
-2.364550
-0.469719
-0.319409
-2.302278
-0.100285
0.189631
-0.701442
0.817351
-0.285631
-2.910734
-0.446827
-0.790641
0.380895
-2.657325
-1.325384
0.162299
1.033488
-0.888770
0.204298
-0.005875
-2.899910
-2.887714
-0.920823
-0.529423
-0.110216
0.816518
-2.980843
-3.157806
-0.555140
0.775270
1.239742
-1.698040
-0.745782
-1.885383
-1.234479
-1.410926
-1.812335
-1.336398
-2.178392
-0.888815
-0.904064
-0.410122
-0.323956
-2.374024
-1.030655
-0.577526
-1.545487
0.261284
-0.469212
-0.579782
-1.528303
-2.382313
-0.681762
-3.474117
-0.370658
0.003209
-1.041944
0.864461
2.421583
-2.376391
1.091666
-2.379945
-2.793964
-0.918676
-2.522147
-2.374024
-2.807739
-3.283111
-3.299570
-3.292986
-2.249176
-0.735795
-0.125448
-2.334782
-1.043003
-3.292986
0.147871
0.263738
-2.783035
-3.284758
-0.653399
-3.294631
-2.376391
0.424601
-2.376391
-2.974313
-2.379945
-0.827440
-0.123893
-0.950110
-3.108093
-1.417067
-1.772420
-0.391589
-0.571432
-3.296279
-2.734120
-0.531944
-3.297923
-1.848866
-3.302859
0.874686
-1.711328
-0.836248
-2.376391
-3.297923
0.308990
-2.376391
-1.948035
-0.753258
-2.780762
-1.425054
0.347057
-0.402997
-1.685721
-1.248799
-2.364550
-1.392963
-2.371657
-0.593493
-1.084646
-0.363135
-0.693690
0.155938
-2.375208
0.111520
-2.375208
0.308525
-0.699594
0.307751
-2.267748
0.302258
-1.078191
-0.982741
-2.570969
-1.648918
0.358826
-0.699394
0.571577
-2.798757
0.513291
-1.047035
-0.929720
-0.466515
-1.735469
-0.846685
-0.993255
-2.368106
-0.613540
-2.375208
-0.533361
-1.125974
-2.370473
-2.048440
1.463391
-3.297923
-2.638489
-0.058608
-1.171252
-2.549125
-1.063377
-2.760421
-1.652208
-2.376391
-2.538848
0.232492
-2.791494
-0.178663
-0.430572
-3.007347
-2.660274
-2.744872
0.293379
-3.304507
-2.371657
-1.961266
-2.372840
-3.297923
0.305738
-3.294631
-1.293923
-1.137057
-2.366920
-0.127626
1.489842
-0.198673
-2.980335
-0.798013
-0.392509
-2.372840
0.747868
-1.242314
-1.505195
-0.424954
-0.798895
1.564711
0.310079
-3.039047
-2.415519
-2.378764
-0.473450
-3.289694
-2.315119
-2.636577
-3.430169
0.307595
-1.751648
1.650252
-0.639075
-1.018684
-1.352181
-0.381877
-3.291340
-3.289694
-2.376391
-3.693341
-0.680103
-1.895800
-1.189935
0.368804
0.291355
-2.372840
0.383776
-0.363893
-0.225114
0.292151
0.288018
-1.568556
-0.371077
-3.389755
-0.888059
-2.206213
1.198379
0.390200
0.037570
-1.364707
0.398818
-0.501025
1.510389
0.616121
-2.015243
0.675603
-0.729648
-1.983521
-1.080228
-2.493876
-3.064496
-1.507627
-2.814909
-0.168260
-2.372840
-1.367789
-2.709267
-3.291340
-0.794571
-1.184003
0.146858
-1.282801
-3.404710
-0.037475
-0.662143
0.782752
-1.305556
-2.163955
0.396439
-1.408187
-1.654680
-0.973087
-1.526185
-1.315907
-1.556781
-0.855652
-0.871036
-1.577881
0.800371
-1.422905
0.176759
-1.103360
0.459064
-1.217597
-1.824810
-0.128060
0.005976
-2.534553
-1.984838
-1.313286
-1.534436
0.402706
-2.353097
-0.454890
0.408790
-0.933372
-0.734488
-0.183157
-1.617201
-0.824726
0.182200
-0.906870
-1.936077
0.328464
-1.354191
-1.897380
-1.711857
-0.903338
-0.276763
1.099991
-1.875450
-2.870053
-2.559405
-3.296279
-0.178534
-1.998051
-1.232997
-1.745183
-1.116408
1.861397
-2.220241
-0.818297
-0.189493
-0.170155
-0.767192
-0.927353
-1.702569
-0.439272
-1.092229
-1.212867
2.161107
-1.706988
-1.292991
-2.982033
-0.741612
-2.500676
-1.046003
1.145403
-2.375208
-2.375208
-2.383498
0.779089
0.956499
0.960513
-0.842849
-2.274803
-1.095469
-0.736984
-2.661944
-3.018253
-1.654970
-3.033944
-0.333604
-2.024399
-1.331294
-1.495935
0.038898
-1.842782
-0.483726
0.560450
-1.539947
-1.484111
-1.522247
0.582710
-0.580097
-0.162696
-3.002671
-0.742542
-3.013576
-3.283111
-3.239856
-1.492946
-0.809076
0.106420
-2.988193
-1.872624
-3.297923
0.290702
-2.378764
-2.084914
-2.379945
-2.576109
-1.347950
-2.034082
-0.645417
-3.286402
-3.296279
-3.294631
0.089383
-1.123641
0.057817
0.666454
-0.892677
-0.609979
-0.135791
0.131107
-2.376391
-1.483208
-1.761705
-1.897320
-0.756934
-2.840614
-1.107718
-0.750894
-2.798248
-2.118614
-2.701998
-3.294631
-0.183356
-1.476184
-3.294631
-0.335093
-0.361727
-2.574823
-2.377578
-3.291340
-3.289694
-2.369287
-2.375208
-0.847280
-2.372840
0.527884
-0.990170
-2.376391
0.307751
0.301493
0.432571
-2.375208
-2.716620
-2.493851
-1.743735
-1.743467
-2.371657
-0.855129
-1.849544
0.308525
-0.417883
-3.083490
-2.088067
0.308836
-3.289694
-3.288050
-0.756996
0.278463
-3.294631
-0.133750
-2.253742
-2.775192
0.569198
-3.623001
0.165789
-0.282079
-0.068625
-2.563540
-2.378764
-3.297923
-0.906739
-2.374024
-2.977729
0.216917
-1.132995
-2.374024
1.038248
0.152120
-2.146353
-0.432064
0.044569
0.762233
-2.379945
-0.607166
0.043537
-1.347689
-0.495319
-1.640111
-1.295443
-1.077902
-1.390779
-0.626519
-2.046261
-0.948952
-2.215654
-0.167639
-2.044066
-2.990203
-1.935866
-0.854968
-3.279822
-1.445439
-2.382313
-3.284758
-0.165842
-3.334045
-2.491313
1.978996
-0.945730
-2.107893
-0.360106
-2.691303
-0.333025
-1.821597
-0.004147
-1.466154
-2.522836
-2.371657
-1.651387
-2.523431
-2.098939
-3.006509
-2.810020
-1.048823
-2.274621
0.054253
-1.284632
-0.919679
-0.024077
0.203968
-1.817240
-0.531332
0.374082
0.931315
-3.289694
0.281001
-2.374024
-1.697001
-2.372840
-0.709460
0.415709
-2.370473
-3.019690
0.939326
-1.524021
-2.371657
-0.575495
-1.080703
0.128952
-1.175387
-2.446848
-1.007939
-2.774763
-2.507751
-2.667481
-1.222124
-1.653018
-0.519522
0.860192
0.091959
-3.292986
-1.290673
-2.572253
-1.221159
-0.455049
-1.603318
-2.007800
-0.052179
-1.058643
-1.130271
-0.315995
0.353895
-0.484787
-1.808383
-3.297923
-2.248178
-2.578676
-1.960611
-2.559405
0.002140
-2.609801
-3.301215
-0.917953
-3.301215
-0.641976
-0.451053
-1.673365
-0.992688
-0.553688
-2.090313
-1.985722
-1.841157
1.193012
-2.378764
-2.574823
-2.185231
0.373632
-0.166950
-3.296279
-0.281796
1.199807
0.559277
0.524875
1.706411
-0.278787
-2.835946
-0.470694
0.833844
-0.799017
-2.336568
0.755401
-3.716165
0.430192
-1.844343
-0.671968
-1.193876
-1.406142
0.775231
0.045756
-1.258655
0.515460
-2.164091
-2.377578
-2.533960
-2.393682
-1.603158
-0.617667
-0.499339
0.584153
-0.576213
-2.473319
-0.584150
-0.143281
0.173836
-0.308788
0.055679
-0.310679
-2.039833
-1.303677
-0.824002
-3.106313
-1.193203
-2.903716
-0.614090
-1.194172
-1.008075
0.381982
-3.302859
-1.064986
0.157326
-0.871024
-1.480131
0.272892
-1.077648
-0.499928
-3.156253
-2.756347
-1.519787
-0.204137
-0.191503
-0.580211
-0.566698
0.460072
-0.389011
-2.175770
-1.953225
-1.604749
0.087431
-0.328418
-0.842649
-3.291340
-2.840340
-0.330941
-1.078455
-1.517129
0.329520
-1.836621
-1.564462
0.464839
-1.731231
-1.220382
-2.093353
-1.000230
-0.464710
-1.028591
-1.216687
-1.313581
0.430625
-1.384143
-0.297134
-0.870394
-1.064766
-2.304594
-1.229118
-0.438424
0.769270
-1.174845
-2.290707
-0.899494
0.372128
0.424363
-1.734545
1.038788
-2.056304
-2.377578
-3.301215
-0.093626
-2.526050
-2.374024
-1.363349
-2.374024
-2.712236
-2.375208
-2.642256
-2.572253
-0.154028
-2.391554
-0.365879
-2.515954
-1.310277
-1.831844
-1.116977
-0.661992
-0.280370
-1.202816
-2.862956
-2.116326
-0.250497
-3.029840
-2.648572
-1.087287
-2.378764
-2.372840
-1.201960
-2.377578
-1.539435
-1.376917
0.294296
0.531712
-2.372840
-1.084570
-1.647076
-1.076567
-2.375208
-0.395541
-2.378764
-1.078731
-1.409456
-3.008902
1.009183
-2.376391
-2.535552
-2.368106
-3.289694
-0.136032
-0.361238
-0.629738
-1.938589
-1.205245
-3.286402
-2.375208
-1.548784
-2.883852
-0.401745
-0.187633
-3.137994
-1.652208
-3.301215
-3.292986
-3.284758
-3.291340
-3.613084
-0.200119
-3.727698
-0.827339
-2.573540
-2.115325
-1.819579
-3.304507
-2.376391
-2.377578
-2.377578
-1.493549
-1.113434
-0.817840
-1.134499
-2.991764
-2.740121
-1.312702
-2.016101
0.307904
-2.375208
-0.936066
-3.299570
-0.409239
-2.621803
-2.572719
-2.376391
0.003323
-0.045644
-1.860577
-0.034356
-1.086742
-1.362849
-0.950091
-2.372840
0.395789
-3.296279
-2.370473
-2.800224
-2.372840
-1.105427
-0.043089
-3.288050
-0.069771
-3.296279
-1.741718
-0.951125
-1.755740
-2.382313
-1.132411
-0.310291
-0.130832
-3.322181
0.296067
0.320821
-0.944762
-0.818931
-3.291340
-2.887831
-2.376391
-1.471854
-0.399346
0.407670
-2.286222
-3.297923
0.177766
0.124550
-0.730411
-1.454529
-2.803220
0.617687
-1.726965
-2.375208
-2.022393
0.267348
0.431488
-0.483654
-3.297923
-2.099970
-3.220847
-1.166874
-2.295472
-1.478374
-0.968935
-0.273005
-2.148105
-2.366920
-1.172564
-1.855690
0.291945
-3.260355
-2.035274
-1.957580
-2.885804
-0.445784
-3.294631
-0.125861
-0.188445
0.534836
-2.616452
-1.849810
-0.055187
-1.226043
-1.151560
-2.374024
-1.169810
-1.564029
-0.081797
-3.288050
-1.321359
-1.275110
-3.265343
-3.002671
-2.422336
-2.940598
-2.464328
-0.241598
-0.189528
-1.627316
-0.952493
0.148796
-1.227044
-2.988646
-1.809234
-2.817468
-1.285530
-0.910396
-0.951121
-0.024548
-0.357823
-1.705324
-0.488005
-1.045192
-1.052986
-1.067504
-1.140923
-0.513377
-1.927008
-1.418798
-0.869123
-2.368106
0.679980
-0.259401
1.573153
-3.289694
-1.630183
-0.494676
-2.099970
-1.360799
-0.887661
-0.563639
-2.730432
0.148765
-2.069045
-3.301215
-1.401126
-0.905626
-3.297923
1.105047
-1.329251
1.143447
1.574373
-2.229822
-2.849304
-1.697158
-1.693893
-1.721934
-1.472720
-2.507922
-0.615841
-0.822158
0.295675
-2.380236
-2.510578
-0.001175
-2.213633
0.521615
-1.165424
-2.035271
-0.981620
-0.372734
-3.299570
-0.349219
-0.530737
-0.773908
0.644198
-0.888347
-0.960817
-1.250009
-2.157498
-0.961445
-2.381131
-2.378764
-1.952423
-0.848302
0.711129
-2.468184
-0.015147
-1.171748
-0.485574
0.179036
0.935292
-1.652208
-0.612661
0.429933
-0.854565
-1.146134
1.707988
-1.130424
-1.091916
0.512504
-2.376391
-0.118944
-2.815927
-2.979295
-2.825978
-3.134192
-2.377578
2.421019
-3.079697
-2.363369
-2.982490
-1.627226
-2.870823
-1.446156
-0.901880
-0.227105
-1.455674
-0.417642
-1.994053
-3.299570
-1.986443
-2.358920
-0.416677
-2.375208
-1.202259
-1.119537
-1.861259
-0.905184
-2.089366
-0.482297
-3.296279
-0.649518
-5.226090
-0.690668
-2.385864
0.304496
-0.527493
-0.443641
0.305425
-0.861017
-1.970493
-0.365605
-1.487308
0.086002
-1.225741
-0.856377
-0.944074
-1.775983
-2.246147
-3.035881
-1.560995
-1.141189
0.622696
-3.150962
0.070324
-2.257941
0.860102
-0.238175
-3.452743
0.595432
-3.196593
1.082105
0.283598
-3.345277
-1.069936
-0.455991
-0.611304
-0.803794
-1.954087
0.291015
-1.654680
-0.155388
-0.743210
-0.029911
-0.902112
-1.581185
0.526789
-1.032216
-0.569933
-2.539341
-2.378764
-0.378758
-1.613834
-1.011000
-2.283681
-1.355096
-3.301215
-1.403509
-3.296279
-2.171995
-0.665446
-2.075847
-2.381131
-1.288107
-0.565806
-2.370473
-2.741232
-1.865814
-1.686997
-2.798052
-0.404227
-0.230855
-3.294631
-1.940963
-2.370473
-2.825844
0.475989
-1.166748
1.019223
-0.496563
-0.986265
-0.989346
-2.953073
-2.374024
-0.032282
-1.031122
-2.376391
-1.406112
0.032798
0.223359
0.409948
-3.301215
-2.221146
-2.305797
-2.381131
-1.102584
-3.332577
-2.377578
-0.090266
-2.377578
-1.439758
-2.342577
-2.658816
-2.334982
-0.730944
-0.360680
-0.133608
-1.400116
0.395385
-2.518702
-2.023420
-2.365736
0.633192
-0.939771
-1.525080
-2.624758
-1.821619
-1.668672
-2.202405
0.573882
-1.181996
0.185723
-1.651483
0.425674
-2.648780
-1.086605
-1.065695
0.619897
-2.509357
-2.811125
-1.696339
-0.875062
-3.283111
-2.729249
-0.699391
-0.857784
-3.296279
-1.866419
-2.983791
-2.423229
-3.201398
-1.200832
-1.243084
-2.254249
-1.431911
-0.177427
-2.658337
-2.092785
-2.374024
-2.378764
-1.195980
-2.366920
-1.116472
-1.835540
-0.814404
-3.000913
0.430408
-3.296279
-2.842587
-1.648676
-3.902208
-2.382241
-2.882689
-3.307797
-2.450191
-2.372840
-1.078731
-2.370473
-2.377578
-1.864387
-2.567115
-2.780204
-0.811470
-2.783119
0.405980
-2.756932
-0.877913
-0.726394
0.888995
-2.564544
-3.291340
-1.765638
-2.369287
-1.688141
0.084424
-1.865792
-1.270800
-0.377674
0.426519
0.372850
-2.377578
-0.148335
-2.913852
-2.374024
-2.899828
0.679032
-3.296279
0.530890
-2.468184
-0.173514
-3.291340
-3.289694
-2.375208
-3.299570
-2.372840
-1.137680
-2.735191
-2.304156
0.050884
-0.875548
-1.434857
-3.086545
-2.383498
-2.374024
-3.292986
-1.592472
-2.378764
-3.431870
1.041922
-2.687275
-0.749237
0.306047
-1.488322
-3.292986
-3.294631
-2.351341
-1.699541
0.308525
-3.299570
1.110449
-1.703079
-2.611092
-3.299570
-1.840220
-0.447952
-0.620023
-2.374024
-3.301215
-0.747311
0.465845
-2.381131
-1.810302
-1.586973
-0.018668
-2.375208
-2.821270
-2.532616
0.233945
-2.374024
-2.379945
-2.865546
-1.695493
-3.292986
-2.713508
-1.624138
-3.296279
2.050575
-3.487419
-3.294631
-1.636363
-2.377578
0.511539
-1.251751
-2.988646
-0.891907
-2.105596
-0.869641
-1.078191
-2.375208
-0.522753
-0.898948
0.303944
0.271922
-1.895825
0.899027
-2.381131
-2.374024
-2.372840
-1.635378
-1.700013
-0.673659
-1.648918
-1.076026
-1.964850
-1.235502
0.289312
-0.889280
-3.291340
-2.463042
-1.151678
0.172551
-2.464328
0.282427
-0.427343
-2.377578
-1.089560
-0.764549
-0.025370
-2.372840
-2.376391
-0.554373
-1.320228
-3.031592
-2.378764
-1.638678
-0.440008
-0.866386
-3.296279
0.117153
-2.103970
-2.371657
-1.987540
-2.018169
-2.701072
-2.963712
-1.232591
-0.030276
-3.286402
-2.401868
-1.365692
-2.698016
-2.349480
-1.164914
0.336578
0.293648
-0.958446
-2.506728
-2.372840
-3.297923
0.387734
-2.820217
-2.376391
-3.472314
-1.279525
-1.549285
0.526775
-1.011985
-1.328252
0.549835
-1.604388
-1.214907
-1.658040
-0.446321
0.532268
-1.906993
-1.482195
-2.305897
-2.827705
-2.374024
0.293029
-0.269981
-0.520024
-1.695334
-3.446064
-1.789413
-2.182361
-1.570961
-0.012917
-2.000258
-1.092107
-2.374024
-1.407233
-3.296279
0.752706
-1.908351
-2.371657
-1.254861
-1.695493
-1.382317
1.456302
-1.696339
0.417101
-2.375208
0.402060
-2.369287
-3.299570
-1.583184
-3.294631
-0.615481
-3.299570
-1.009337
-3.296279
-0.176134
-2.985529
0.269192
-2.379945
-1.656642
-2.119720
-2.268139
-0.806486
-1.565265
-2.889274
-0.581436
-1.770267
-2.568043
-0.472440
-2.710424
-2.491668
-3.133852
-1.182130
-2.470299
-1.565008
-1.877465
-0.677354
-3.191934
-2.723022
-1.220564
-3.288050
-0.808083
-1.303084
-0.513288
-2.226095
0.422011
-2.371657
-2.357650
-0.844509
0.804203
-3.539807
-2.778706
0.623858
0.755533
-0.429054
-1.175603
-2.040380
-2.389615
-1.056083
-2.369646
-2.489128
-2.192239
-1.382947
-1.350695
-2.372840
-0.842878
-1.181451
-1.541480
0.978677
-1.888677
-2.374024
-0.264691
-3.297923
0.268826
0.533779
-2.273252
-1.308873
-3.102345
-0.429781
-1.023730
-3.297923
-2.805332
-2.825303
0.609281
-1.897799
-1.078546
-2.527290
-3.001207
-1.675105
-1.737307
-0.528098
0.198473
-2.947732
-1.656327
-0.719137
-1.905695
0.537648
-3.095119
-1.314233
-0.281169
-0.434996
0.417068
-3.142120
-1.931022
-2.375208
-1.074946
-0.056984
-1.802879
-1.690396
-1.058261
-0.251138
0.255082
-0.180376
-0.620831
-3.292986
0.031723
-2.376391
-0.399689
-3.296279
-1.606323
-1.081779
-1.157051
-1.390687
-1.426843
-0.631165
-2.270640
-2.563987
-0.607058
-0.477468
-1.682750
-2.779323
-1.434125
0.595008
0.107927
-2.118639
-2.031983
-0.438582
-3.008902
-1.261857
-1.972799
-2.089987
-1.594658
-1.947605
-0.627497
-1.385914
-0.825439
-2.266512
-1.448476
-0.589061
-2.785197
-1.081496
-1.406178
-2.369287
-2.048126
0.073650
-3.697986
-0.758174
-2.997993
-2.863833
-0.384844
-0.221365
-0.411382
-1.372072
-2.943569
-2.320245
-2.364550
-1.231285
-0.058963
-2.802574
-2.979295
0.281548
0.425032
0.352857
-0.897883
0.138791
-0.297400
-1.432589
-0.385866
-1.135667
-1.544718
0.314772
0.879535
-1.094530
-1.620208
-3.471839
-0.384992
-1.236740
-3.463863
-0.653634
-1.149993
0.819784
-2.936554
-1.563168
-3.294631
0.411170
-1.158640
-2.069937
-3.280101
0.674066
-0.773852
-0.744778
-3.294631
-1.820386
-0.304288
-2.928747
-1.677857
-0.440719
-2.136115
0.248562
-2.375208
-2.831788
-3.297923
-0.198235
-1.255083
-2.101298
-1.380351
-2.206279
-2.904502
-1.720176
-2.377578
-0.958598
-1.096694
-2.372840
-3.278175
-2.871356
0.214630
-2.765654
-2.861851
-3.021371
-1.294240
-1.310126
-2.110001
0.481701
-1.405930
0.281365
-1.416188
-2.694787
-0.363635
-2.284595
-1.771162
-1.495995
0.401007
-1.083058
-2.600256
0.290550
-2.726567
-0.131363
-1.495870
-0.451135
-0.011811
-2.481750
-1.288417
-2.256225
-1.068607
-2.848285
-3.297312
-2.684226
-2.948562
-0.475299
0.221194
-1.262066
-2.436961
0.222327
-2.993289
-0.281119
-1.380555
-1.314848
-1.537875
-1.230078
-2.369287
-2.374024
0.677636
-0.309656
-1.870281
0.014955
-2.376391
-1.626686
-2.999550
-2.377578
-2.377578
-3.292986
-1.201400
-2.110934
-2.372840
-1.811128
-1.697461
1.477552
0.289931
0.350811
-2.379945
-2.567115
-1.088636
0.753148
1.832391
-3.301215
-3.286402
0.885124
-1.317642
-2.335017
0.468070
-2.470750
-1.340040
-2.479749
-0.444582
-2.432321
-3.296279
-2.372840
-3.098862
0.047532
-2.343998
-1.077648
-3.288050
-1.096319
-2.490024
-2.470750
-3.097964
-2.377578
-0.573231
-1.852183
-1.083327
-2.869368
-2.996435
-2.371657
-2.369287
0.517000
-3.291340
-2.286571
0.303411
-3.294631
0.295517
-3.292986
-2.274328
-3.299570
0.846144
-1.284924
-0.958044
0.287449
-0.616530
-2.372840
-2.371657
-2.370473
-1.427877
-1.774854
-1.200543
-3.292986
-2.984411
-1.650564
-0.714486
-3.296279
0.147326
-2.374024
-0.359543
-2.375208
-0.803897
-2.345529
-2.577394
-1.191784
-2.368106
-1.040815
-1.202852
-2.930616
0.217623
-2.262248
-1.260191
-0.755926
-2.734766
-1.828082
-0.682514
-2.569684
-1.562414
0.520529
-2.366920
1.074961
0.043253
-1.445552
-2.536387
-3.294631
-2.724656
-3.297923
0.528707
-1.232896
-1.918673
-0.181010
-3.298882
0.524055
-1.587499
-3.538945
-2.378764
0.156898
-3.302859
1.089160
-0.926520
-1.841275
-3.185580
0.525961
-1.923494
-0.577564
-2.368106
-3.511924
-1.271260
-1.080353
-1.366694
-2.811363
-3.292986
-1.288095
-1.447255
-1.655800
1.776472
-2.370473
-2.379945
-2.375208
0.308836
-3.288050
-2.658154
-0.350051
-3.299570
-2.991283
-1.368460
-3.297923
-1.815418
-1.678585
-2.573540
-3.284758
-0.241051
-2.369287
-3.294631
-3.297923
0.307595
-2.649899
-3.171917
-2.224114
-2.379945
0.290774
0.289703
-0.390303
-2.066686
-2.073573
-1.375268
-2.232278
-0.785658
-1.648095
-0.954285
-0.623424
-1.874137
-0.083195
-0.351153
-1.397912
-1.479814
-1.753443
0.646564
0.353693
-0.317347
-1.693793
-1.531983
-2.435692
-2.376391
-2.652352
-2.554531
-0.549183
-3.292986
-2.369287
-3.532223
-3.289694
-2.045293
-0.753048
-1.057304
-3.289694
-0.210645
-0.730185
-3.296279
-0.275771
-2.377578
-2.374024
-3.416368
-0.317261
0.427012
-3.241830
-1.497612
-1.884901
-2.094361
0.414195
-2.496448
-2.576109
-1.787244
0.194063
-1.385252
-0.964985
-0.163354
0.377804
-3.029418
-2.558609
-2.491313
-0.516982
-1.705889
-2.216168
-0.565843
-0.471483
-3.292986
0.887907
-1.058278
-1.616492
0.330931
-1.078731
-0.516882
-0.858590
-0.454578
-1.909239
-0.407214
-0.543591
-2.374024
-2.349307
1.304498
-2.987086
-3.286402
1.840517
-2.442979
-2.239805
-0.391718
-0.942997
-2.377578
-2.104356
-3.294631
-1.071294
-2.378764
-2.102164
-0.182261
-1.978587
0.020392
-0.509468
-0.532109
-1.087827
-2.368106
0.152510
-0.226565
-2.366920
-0.568376
-1.850150
-2.133311
-2.596702
-1.460716
-1.938247
-0.555348
-1.299298
-3.297923
-3.291340
-0.715383
-1.764414
-2.372840
0.039420
-0.507843
-2.286583
0.425674
-2.482316
-2.011082
-3.289694
-1.372343
-3.297923
-1.662647
-3.289694
-2.376391
-3.071480
-2.954422
0.370730
-0.480406
-3.276410
-0.696236
-2.376391
0.997853
-2.136827
-2.461758
-1.843972
-1.465697
-1.315337
-0.956653
-1.419691
-2.374024
-2.647186
-0.560456
-2.366920
0.532256
0.050598
-1.004072
-1.524465
-1.367465
-2.377578
1.417297
-3.052387
-2.374024
-2.533708
-0.206157
-3.291340
-3.296279
-0.873890
-0.393293
-2.374024
-3.292986
-1.461379
1.032812
-1.225976
-1.123860
-0.636792
-2.375208
-2.779969
-3.289694
0.354899
-0.780288
-0.884536
-2.372840
-0.436736
-1.388892
-0.609024
-1.837644
-2.375208
1.090540
1.381164
-0.766959
-3.054488
-1.673907
0.150274
-2.257351
-0.433533
-0.197629
-0.915365
1.105141
-1.013462
1.250507
-2.544169
-0.764952
-0.044642
-1.343000
-0.265833
0.681477
0.396694
-2.376391
-0.910089
0.295044
0.305115
-1.844915
-2.375208
-3.177656
-2.824734
-0.344659
-2.421037
-0.026728
1.175870
-2.378764
-2.795657
-0.850518
-1.199167
0.302567
-1.243649
-0.703857
-3.391796
-1.460353
0.462827
-1.513166
-2.370473
-0.472072
-2.702784
0.610291
-3.276529
-2.831906
-2.694454
-1.604347
1.051256
-1.783770
-0.723596
-1.807437
-0.137353
-2.464328
-1.108029
0.201991
-2.376391
-0.462632
-3.301215
-1.474638
-1.585104
0.419670
-0.586110
-2.678453
-0.195358
-0.353256
-0.277678
-2.649573
-2.926318
-3.304507
-2.573540
-0.814621
0.135262
-0.020756
-1.222175
-0.989900
0.822394
-3.091504
-3.123043
-2.377578
-2.573325
0.619380
-0.706068
-2.369287
-2.261888
-1.843018
0.307441
-2.060434
-1.799990
-2.291636
0.217056
-3.296279
-0.378063
-2.263819
-1.292878
0.005226
-3.200758
-3.294631
-1.111572
0.425032
-0.570897
-1.920879
-0.721003
0.294424
-0.492898
-0.127504
-2.914578
-0.423387
-2.046018
-1.243604
-2.132966
-1.219454
-0.775202
-1.517863
-0.151588
-0.064679
-0.414946
-2.479749
-1.067746
-2.891360
-0.522200
-1.797125
-1.246276
0.421171
-0.036113
0.696954
-0.409443
-3.719311
0.270618
-2.639458
-2.412408
-1.514780
-2.486309
0.293597
-0.442194
-1.533764
0.844093
-3.288050
-2.229459
-1.375710
0.985059
-1.914811
-0.736698
-2.040242
-0.042571
-0.430261
-2.368106
1.148306
0.520529
-2.381131
-0.201485
-1.197841
-0.175273
-1.857513
-2.118306
0.431271
-2.802991
-0.970989
-1.426863
-2.081741
-2.110711
0.412463
-2.409844
-3.162766
-3.289694
-2.194088
-2.230067
-3.294631
0.419458
-3.033795
-1.649889
-3.481455
-0.893625
-1.038634
-2.604274
-0.350487
-1.597808
0.569714
-3.289694
-1.880402
-0.245952
-1.061000
-2.349334
-0.965309
-1.623125
0.393011
-1.612508
-1.135223
-3.123131
0.304340
1.107847
-1.727027
-0.973670
-2.450728
-2.953138
-1.153477
-2.945548
-2.830467
-2.884245
-1.330874
-1.652208
-3.007347
-0.689727
-1.081213
-1.740511
-2.126185
1.263718
-1.308487
-2.407112
-0.701596
-2.483599
-2.376391
-2.091196
-2.368353
-3.296279
-1.290544
-1.038985
0.413763
-1.849503
-0.296568
0.437294
-2.375208
-3.479562
-2.316402
-2.482316
-2.370473
-2.286007
-3.288050
-1.058935
-3.299570
-2.309389
-1.872244
-3.292986
-2.370473
-1.941017
-3.294631
0.521885
0.307751
-2.375208
-3.281466
-2.655349
-1.286106
-2.372840
-2.893594
-3.296279
-2.374024
-2.372840
-2.365736
-3.007347
-3.288050
-2.371657
0.876074
-0.786887
-2.555484
-1.703137
-2.377578
-2.377578
-2.025442
1.038777
-2.239635
-2.007330
-2.372840
-2.469467
0.295972
-2.685685
-2.062964
-2.376391
-3.007347
-3.283111
-2.368106
0.293379
-1.868734
-2.370473
-2.786080
0.365575
-0.995736
0.287607
-1.952216
-2.375208
-3.301215
-3.246908
-3.296279
-0.575631
-2.377578
0.365777
-2.406954
-3.296279
-3.291340
-3.286402
-2.371657
-1.653035
-1.615193
-2.013810
0.981624
-2.375208
-2.898411
-0.475775
-2.374024
-0.475397
-0.905909
0.170134
-3.292986
-3.299570
-1.807259
-0.212659
-2.377578
-3.388471
-2.946574
-3.315538
-2.368106
-3.297923
-3.687368
-3.073410
-2.370473
-3.291340
-1.090275
-0.080568
-1.277917
-0.462778
0.304185
-3.288050
-2.760754
-2.997993
-2.372840
-3.291340
-2.499017
-3.291340
-1.789115
1.040349
-1.584821
-2.374024
-1.675996
-2.369287
-2.378764
-3.297923
-3.291340
-3.294631
-2.377578
-1.749164
-2.375208
0.212923
-2.376391
-3.299570
0.429328
-2.378764
-0.886924
-2.572073
-2.375208
-0.101969
-2.381131
-3.307797
-2.065536
-2.377578
-1.086742
0.412897
-2.371657
-0.809675
-3.284758
-3.302859
-3.292986
-2.378764
-3.296279
-2.377578
-3.215854
-1.274008
-1.162670
-0.332849
1.332532
-3.297923
-3.304507
-3.005787
-2.815256
-2.838146
0.007364
-0.949609
-1.916195
-2.548377
-0.765752
-0.449439
-2.368106
-0.417307
-0.902783
0.006751
0.543777
-0.452418
-0.533690
-1.084682
0.304401
-2.885701
-2.499017
2.597095
0.413763
-0.801386
-2.399825
-3.289694
-1.483624
-2.459188
0.303792
-1.444013
0.050857
-0.962174
-2.375208
-3.296279
-2.311601
-2.365736
-0.689996
-0.236351
0.287917
-0.934691
-1.721878
0.216501
-3.284758
-2.371657
-0.482051
-1.044257
-3.015134
-2.375208
-2.500192
-3.288050
-2.487452
-1.092792
-3.296279
-1.510038
-3.288050
-1.770620
-2.376391
0.303944
0.945524
-1.705252
-1.847327
-0.940325
-0.997543
-3.010267
-2.395756
-1.582387
-2.440649
-0.841143
-0.436974
-1.543983
-3.470380
-2.384681
-3.734365
-1.689761
-0.911388
-0.115451
-0.692988
-3.034429
-2.684029
-1.976057
-2.756766
-1.698040
-1.264027
-1.161421
-2.604500
0.268183
-3.291340
-0.003612
-1.245155
-0.280524
-2.368106
-1.432421
-2.300306
-0.794112
-2.374024
-0.937750
-0.156977
-3.291340
-2.828849
-1.912977
-2.856196
-3.296668
-2.374024
-0.502330
-0.823891
-1.327925
-0.748561
0.305016
0.243422
-3.021371
-2.375208
-2.366920
-3.005787
-1.270876
-1.648918
-2.263159
0.152809
-2.374024
-2.376391
0.403169
0.302413
0.373613
-3.289694
-2.436459
-0.035061
-2.370473
0.294275
-2.803091
-1.591368
-3.833901
1.042722
-2.369287
-2.500302
-2.374024
-0.636016
-2.253197
-3.299570
-2.205688
-0.695749
-0.885617
-1.053074
-0.738542
-1.763837
-0.906726
-1.740410
0.595707
-1.596769
0.585640
-0.122030
-2.821995
-3.306576
0.205028
0.523244
-2.371657
-0.557192
-2.379945
-0.589869
-1.903777
-2.638950
-1.112776
-2.374024
-1.768059
-1.169100
-1.029006
0.720419
-1.568075
-2.357369
-2.339378
-2.394001
-0.907361
-2.378764
-0.695359
-3.297923
-2.378764
-2.217354
-1.130779
0.622583
-0.780827
-3.041623
-3.196166
-2.372840
-1.859420
-2.773043
-0.132548
-0.481964
-2.856779
-1.001468
-2.366920
-0.962855
2.025628
-1.655568
-1.600326
-2.564014
-0.899689
-0.715547
-2.376391
0.303566
-2.323344
-0.780856
-3.296279
-2.375208
-0.456524
-0.362621
-1.716705
-1.827242
-1.370213
-1.082923
-3.304507
0.308369
-1.161750
-2.372840
-1.825329
1.244480
-2.378764
-1.600970
-2.244694
-1.648918
-3.503773
-3.299570
-1.132952
-2.410782
1.615082
-2.573540
-1.653035
-0.162355
-1.635935
-2.368106
0.140749
-0.695125
-1.397426
0.041950
-1.078686
-0.790674
0.304031
0.074507
-1.653018
-1.503587
-3.296279
-0.926243
-2.358631
-3.119400
-0.270756
0.290550
-1.386472
0.300727
-3.286402
-0.741523
-1.692093
-1.875583
-1.743288
-2.494712
-0.995326
-1.259996
-2.121192
-0.789977
-3.078717
-0.511287
0.389551
0.395385
-2.168221
-2.374024
-1.659159
-1.787580
-0.584954
-0.879945
-3.291340
-0.296673
-1.974885
0.100474
0.291221
-0.445030
0.131899
-1.210959
-0.497515
-2.561059
-2.302353
-1.070769
-2.468216
-0.541187
-1.823859
0.908761
-1.960664
-0.591845
-1.339599
-1.736043
0.808601
-0.089195
-1.584819
-2.476305
-1.820994
-0.318728
-0.364509
-1.632815
-3.288050
-2.372840
1.167156
-4.471445
-2.887255
-0.960452
-0.515266
-1.154436
-1.143140
0.292458
-0.720074
0.096556
-0.899420
-1.656419
-2.149409
-1.153960
-2.374024
-3.506171
-1.323027
-0.378577
-0.826527
0.681477
-1.672474
-1.623964
-2.597762
-1.691011
-2.375208
-3.286402
-1.434021
-1.912396
-3.503006
-0.583432
-0.428084
-0.999692
-0.745839
-3.291591
-2.572365
-1.156101
-0.274847
-2.006512
-1.606430
0.356110
-0.529956
-0.821928
-3.134984
-2.717438
-3.106608
0.298917
0.219310
-0.019666
-2.479734
-2.335213
-1.846294
-1.996090
-0.462301
-1.068763
-1.665464
0.288228
-0.226267
0.388778
-2.371657
-2.382313
0.326767
-1.025418
-1.914160
-2.377578
1.122426
-3.153814
-1.693793
-2.572253
-1.292006
-2.390056
-2.372362
-0.380726
-0.192055
-1.131198
1.288284
-2.009808
-2.684900
-2.526421
-3.296279
-0.500301
-0.564972
0.042944
-1.828247
-2.375208
-1.185846
-2.567533
-1.613695
-2.111138
-0.661048
-1.244447
0.407925
-1.648095
-2.378764
-1.575154
-1.829860
-2.990824
-2.346249
-3.147922
-1.011386
-2.183935
-3.083304
-1.647299
-0.303359
-1.845785
-0.519582
-0.620838
-1.739937
0.903662
-1.578143
-1.814193
-0.341585
-2.470750
0.614610
-1.141253
-0.167131
-1.257822
-1.636031
-0.346036
-0.591226
-2.570969
-1.537576
-1.202238
-1.662407
-1.196583
0.492372
-1.486556
0.997853
-1.730361
-1.480617
-2.065084
-2.687968
-1.441408
0.304496
-2.372840
0.611034
0.010417
-0.336900
-1.068634
-2.712355
-0.345188
-2.174235
-0.552995
-0.583168
-2.411608
-1.755128
-0.507128
0.489610
-3.000898
0.272497
-0.447196
-2.157522
-0.366924
-1.782917
-1.477541
0.371166
-0.570817
-3.546353
-1.438154
-0.887209
-0.842676
-3.294631
-2.901445
-0.403198
-1.351326
0.358889
-3.286402
-0.741524
-0.721542
-2.453176
-2.381428
-2.873340
-0.649969
-2.447520
-0.600388
-0.445460
-0.265360
-1.437581
-0.528752
-0.325701
-0.894632
-0.051921
-2.108336
-2.377578
-1.642448
-0.859172
-0.743281
-2.374024
-2.396231
-0.756709
0.427813
-2.545773
-0.280429
-1.997193
-0.773674
-1.454543
-2.526002
-2.702941
-2.369287
-2.089159
-0.439092
0.303180
-0.720371
-1.681898
-0.880929
-0.716674
-1.460109
-1.748943
-1.544731
-3.299570
0.420316
-0.994760
-0.879480
-2.800962
-3.107885
-0.694631
-0.534794
-0.340723
-2.307097
-3.414786
0.303411
-0.983255
1.256886
-1.630341
-3.223055
-1.856498
-2.909089
-3.299570
-3.289694
-1.010889
-1.139742
-2.006500
-2.396231
-3.294631
-2.669788
-0.194479
-3.291340
-1.610810
-2.574823
-1.193436
-3.289694
-1.392986
-0.074139
-2.322906
-2.671233
-3.866546
-2.375208
-0.519711
-3.299570
-2.374024
-0.029804
-2.377578
-1.544444
0.299043
-1.695493
-0.464053
0.379433
0.405761
-0.435144
0.614550
-1.527740
0.003472
-3.299570
-0.295352
-1.688697
-2.371657
-3.294631
-1.181173
-1.099052
-1.184959
-2.924234
-1.995960
-3.659601
-3.380396
-1.168774
0.299961
-2.374024
-1.142867
-2.928839
-1.762687
-0.165534
-2.384824
-1.148969
0.291945
-2.376391
-1.171253
-1.517108
-2.843216
0.302108
-3.487386
-0.364182
-1.653860
-2.417417
-0.466736
-3.299570
-1.384042
-1.644766
-1.341180
0.293226
-4.469627
0.395389
-0.038974
-1.047177
-2.371657
-3.301565
-2.589090
-2.748287
-1.914980
-2.372840
-3.294631
-1.987374
-0.923712
-1.389520
-1.130537
-3.294631
-3.466902
-2.375208
0.249459
-2.371657
-2.479749
-1.294427
-3.294631
-1.351680
0.288478
0.306823
-2.568399
0.357292
-3.294631
-1.013210
-1.125040
-2.463042
0.295197
-3.296279
-1.320699
-1.649740
-3.301215
-2.577394
-0.943418
-1.082944
-1.876065
-3.294631
-3.230453
-1.631194
0.370214
-3.296279
-3.299570
-2.374024
-3.297923
-2.366920
-0.813183
-2.368453
-1.786240
-2.492826
-3.023239
-1.375998
-3.304507
-2.375208
-2.379945
-0.868428
-3.292986
0.152494
-1.639432
-0.332038
-2.372840
-2.376391
-3.296279
-2.561739
-2.358631
-2.581251
-3.294631
0.930433
0.270250
-2.383650
0.308215
-2.377578
-3.289694
0.424786
-2.379945
-3.301215
-3.289694
-3.289694
-1.588877
-2.372840
-2.376391
-3.291340
-0.265267
-3.301215
-1.080353
-2.372840
-2.374024
-2.904615
-1.057140
-1.389208
0.240999
-2.374024
-0.767166
-0.159390
-1.913976
-2.126292
-0.853693
-2.067995
-0.139717
-2.382313
-2.747776
-2.205163
0.310257
-0.400219
-2.378243
-2.499017
-2.371657
-0.313885
-3.252457
-1.909231
-3.299570
-1.913236
-1.590414
-3.294631
-2.376391
-0.576308
-1.053579
-2.223311
0.481785
-1.314051
0.291945
-2.371657
-2.369287
-1.813781
-2.399222
-0.231129
-2.952739
-0.077333
-2.376391
-2.370473
-3.348939
-3.304507
-3.292986
0.223469
-3.294631
-3.288548
-2.565828
-2.856678
-2.937223
-3.021371
-3.291340
-2.743112
-2.372840
-3.297923
-2.370473
-3.296279
0.304708
-3.289694
-2.758467
-2.474607
-0.970013
-1.009898
-3.302859
-2.378764
-0.414607
-0.368303
-1.402916
-1.810398
-3.299570
-3.123725
-2.376391
-2.052819
-2.377578
-2.374024
-1.698040
-0.605484
-0.771951
-2.375208
-3.296279
-2.378764
0.151968
-2.573540
0.221639
-1.902392
0.274124
-2.374024
-0.447744
-0.406268
-2.491700
-2.370473
-3.296279
-2.973064
-3.297923
-2.371657
-2.875652
-1.811306
0.842954
-1.564126
-2.664012
-2.469467
-0.151320
-0.418589
-0.298565
-3.089513
0.708245
0.386956
0.375243
-3.288050
-2.456618
-2.049305
0.300727
-3.012017
-2.477178
-2.379945
-3.297923
0.288323
0.004355
-3.035600
-2.377578
-2.538848
-2.377578
-3.289694
-2.374024
-2.372840
-2.576109
-0.791427
-3.206617
0.409655
-1.208914
-0.364044
-3.002671
-2.513763
0.564877
-1.829555
0.285109
-2.104356
-1.943253
-2.729582
-0.316214
0.895786
-0.736679
0.004420
-3.302859
-2.147650
-2.374024
-0.255016
-3.276529
-0.488334
-1.195379
0.304802
-2.010048
-2.372840
-3.346841
-3.291340
-3.297923
-2.372840
-1.697631
-0.312684
-0.065996
-2.502875
-1.600476
-0.366655
-2.100506
1.664138
-0.768586
-1.261570
-1.641974
-2.479749
-2.646684
-0.421302
0.454144
0.405115
-1.034370
-2.101069
-0.023457
-3.216967
-2.382313
-2.376391
-0.387023
-3.284758
-0.702278
-1.449653
-2.378764
-3.138785
0.286831
0.154946
0.301954
-0.626301
-3.126854
-2.624367
0.674143
-3.012017
-2.990203
-1.411473
-2.375208
-1.676866
-2.371657
-0.408376
-3.278175
0.223582
-1.622441
-3.299570
-2.095628
-3.659670
0.298275
-2.499527
0.676585
0.298891
-0.197029
-1.980443
-0.337125
-4.774826
-3.395585
-0.377329
-2.772769
0.265507
-1.083601
-2.375208
-1.339794
-2.372840
0.423100
-0.550726
-1.051853
0.190218
-0.809083
1.075630
-2.841840
-0.302777
-1.145430
-0.559266
-2.155163
-2.368106
-2.291912
-2.375208
-1.215495
-1.401247
-1.632752
-3.297923
-2.696659
-1.024717
-2.697726
-2.374024
-2.365736
-1.650471
0.307287
-0.365122
-2.060239
-0.495085
-3.291340
0.358853
0.531662
-2.372840
-0.415707
-0.404550
-1.938339
0.531439
-2.763111
-3.276208
-2.291987
-0.577386
-2.377578
0.201906
-2.383498
-2.378764
-2.350451
-0.398803
-2.398760
-2.158113
0.387387
-1.694644
0.374202
-1.068925
-2.613708
-2.379945
-0.040768
-0.780092
-3.297923
-0.170341
-2.372840
-2.377578
-2.328092
-1.148212
-2.377578
-2.877623
-3.291340
0.152164
-2.372840
0.532256
-3.302859
-1.730291
-0.980272
-0.556086
-1.080353
-3.292986
-2.371657
0.287761
-1.352837
-2.378764
-1.377459
-0.966371
-2.058944
-1.679812
-3.296279
-2.527530
-3.299570
0.987556
-1.114845
-3.296279
0.078187
-1.188089
-0.164078
-3.294631
-2.555344
-1.641698
-2.369287
0.089851
-0.461857
-2.330057
-1.125083
-3.302859
0.282050
-2.337320
-2.372840
-1.821250
-1.734128
-0.450149
-1.365033
-0.786049
-0.251448
-3.019809
-1.948065
-0.842133
-0.363995
-1.217134
-1.149148
-1.152750
-1.927135
-1.621574
-0.843675
-0.471035
-2.844045
-0.379760
0.441882
-0.998686
-2.807961
-2.368106
-2.368106
-2.768960
-0.395763
-0.362123
-3.286402
-1.961742
-3.037063
-2.910734
-1.359529
-1.145641
-1.921341
-1.076017
-1.076567
-0.493895
-1.385144
-2.377578
-0.243910
-0.908741
-1.014030
-3.289694
-1.178675
-1.510606
-2.430430
-0.036779
-1.984564
-1.105691
-0.430995
-0.879480
0.734098
-2.371657
-2.456618
-0.691923
-0.583880
-2.372840
-2.370473
-2.072722
-0.255284
0.259284
-2.224616
-1.672257
-2.475893
0.419601
-1.516378
-1.025173
-1.325368
-1.209304
-2.068932
0.297819
-0.550816
-2.888053
-2.377578
-0.992616
-1.870281
-0.871096
-2.375208
-2.707043
0.301799
-2.385842
-2.606240
-1.219675
-0.607883
-2.500302
1.155653
-2.144814
-1.543616
-0.637000
-1.870710
-1.614373
-2.372840
-1.826077
0.363619
-1.812046
-0.281585
-0.733340
-2.111441
-0.694015
-2.470750
0.117650
-0.298241
-2.737564
-2.376391
0.302567
-2.742910
-1.829031
-2.539387
-1.694309
1.018025
-2.376391
-1.541051
0.256259
-3.111845
-3.447295
-1.702286
-3.010460
-2.374024
-1.812871
-2.907059
0.368825
-0.759178
-1.147569
-1.012035
-2.633553
-2.441685
0.971620
-1.253154
-0.215809
-2.523324
-1.013491
-2.653777
-1.868626
0.280632
-2.377578
-1.436660
-1.901120
-3.286402
-1.839146
-0.584432
-2.288020
-1.612946
0.521615
-2.208469
-2.523953
-2.371657
0.428461
0.273023
-2.376391
-1.811707
0.404249
-2.700187
-2.314715
-1.453458
0.303639
-2.119526
0.218748
-1.984586
0.074737
-2.269564
-2.944107
-1.713082
-0.775220
-2.376391
-2.577378
-2.166695
-1.022949
-3.299570
0.048101
-1.946058
-2.374024
-2.372840
-2.550413
0.307441
-2.803196
-0.813081
-0.885147
-0.225933
-3.022037
-1.604154
-1.926745
-1.689549
-2.665311
-1.421451
-3.286402
-1.628508
-2.024930
-0.978108
-1.930893
-3.304507
-0.044392
-3.748864
-1.712621
-1.158642
-0.932799
0.286675
-1.080895
-3.077631
-0.356897
-0.391718
-2.062292
-2.382100
-2.911788
-1.690396
-2.371657
-3.005787
0.045122
1.120038
-0.667650
-0.969470
0.050367
-2.048115
-2.377578
0.082441
-2.224150
-3.417579
-0.717047
-2.369287
-2.684254
-2.481030
-0.645860
-1.384631
-1.113206
-2.379945
-2.542704
-2.376391
-1.448988
0.770678
-2.788621
-1.212859
-1.647449
-1.583595
-2.415497
0.031164
-0.885077
0.151198
-2.376391
0.896710
0.301859
-2.799742
-2.574823
-2.728129
-3.778854
-2.368106
-2.150387
0.262502
-2.087416
-2.536230
-2.379945
-2.348485
-1.990914
-2.805588
-0.421885
-2.378764
-2.777118
-0.907647
-2.979021
0.407925
-1.383992
-3.294631
1.697919
-0.742123
0.527789
-0.212068
-0.589327
-0.217022
-2.143816
-1.577068
-2.974335
-0.287730
-1.808399
0.304802
-0.139767
-0.037288
-3.294631
-3.118412
-1.743851
-0.265204
-1.611944
-3.511945
-3.311999
-0.683149
-2.372840
-2.988646
-1.055467
-1.579352
-0.465072
-2.287447
-2.106550
-2.470848
0.361449
0.717047
-2.343926
-0.819339
0.232690
-1.845366
-0.958428
-0.513759
-1.897524
-1.448498
-2.293444
-0.473385
-1.551086
-1.498379
-1.047203
-1.052373
-2.847780
-0.934370
-0.529903
-1.664689
-3.291340
-1.138884
0.431271
-1.999700
0.798511
-0.035085
-2.779487
-2.978192
0.296136
-1.020260
-3.292986
-0.954305
0.381335
-3.017254
-0.433253
-3.901895
-0.366171
0.308059
-1.663236
-2.675563
-0.158130
-2.546054
-2.896709
-0.467268
-0.549962
-1.439903
-1.134582
-0.893001
-0.681950
-2.940606
-2.374975
-3.129393
-0.448712
0.379588
-2.041852
-0.555212
-2.011574
0.683917
-1.081838
-2.677313
-0.769044
0.354061
-2.572253
-1.411378
-1.030042
-1.685298
-0.445072
-2.573540
0.299228
0.298144
-1.727332
0.451960
-0.816363
-2.978939
-2.171558
-1.114938
0.300727
0.299043
0.087997
-2.382313
-3.074239
-2.751696
-1.970381
-0.448458
-2.191731
-1.993423
-2.878010
-0.905896
-3.294631
-1.727038
0.797541
-0.713103
-2.774187
-1.835600
-4.053056
-2.747211
-3.001111
-0.751909
-0.919145
-2.987226
0.493487
0.119855
-1.006781
-1.945808
-3.294631
0.388253
-3.490111
-1.809524
-2.274373
-1.452114
0.119415
0.846661
-2.335523
-2.676473
0.342378
-3.284758
-0.901003
-1.576072
-0.500449
-2.502875
-2.607701
-0.357869
-0.448730
-0.201842
-0.792970
-1.655263
-3.296279
-1.554661
-3.057889
-1.122533
0.200530
-0.830008
-1.632659
-1.818728
-1.441900
-1.750917
-2.693508
-3.297923
-2.491311
-0.973938
-2.577352
0.402953
0.381464
0.490673
-2.013341
-2.885804
-0.682551
-3.483147
-0.596343
-1.692153
-0.551141
-0.162230
-2.372840
-0.921317
-0.373162
0.305016
-3.296279
-1.037139
-2.578270
-0.400498
-2.204351
0.279293
-0.415707
-1.856273
-2.370473
-2.370473
-1.868757
0.297520
-2.815624
-2.564544
-2.378764
0.121617
0.491475
-0.457029
1.034084
-0.440050
-2.948132
0.399451
-0.967460
-2.756820
-3.289694
-0.039081
-3.284758
-0.211134
-1.064101
0.284192
-2.246879
-1.079273
-1.632717
-0.450891
0.297051
-3.244305
-2.574823
-2.375208
0.844343
0.355302
-2.588966
0.409225
-2.983968
-2.365736
-2.429211
-0.299195
-1.697191
-1.599727
-1.968957
0.426745
0.232676
-2.382313
-2.483599
-0.409054
-2.105846
-3.296279
-1.176624
0.476048
-1.371309
-0.800024
-2.377578
-2.282098
-1.376999
-1.652208
-1.737312
-2.630881
-0.224987
0.301954
-2.370473
0.293184
-3.294631
-2.833689
-2.202854
-1.092367
-3.291340
-1.276628
-2.371657
-2.124097
-1.338326
-3.165042
-3.066870
-2.274696
0.353291
-1.796734
-0.655113
-1.002993
-1.403636
-2.364550
0.151116
-0.781672
-1.462414
-1.942355
-3.288050
-3.286402
-2.372840
-2.482316
-1.065419
0.911537
-1.510678
-0.792170
-0.451753
-1.954471
-2.376391
-1.061418
-1.026848
-2.800224
0.887443
-2.358999
-2.376391
-1.540316
-2.376391
-2.812522
-2.374024
-2.375208
-2.570969
-3.288050
-3.019541
-2.375208
0.301398
-2.381131
-2.039054
-3.288050
-0.354127
-0.128052
-1.118001
-3.288050
-1.551197
-2.568399
-2.381131
-3.289694
-3.602255
-3.284758
-1.076113
-3.294631
-1.411597
0.282800
0.297370
-2.511867
-2.375208
0.280058
-3.288050
-0.469581
-1.533584
-2.294729
-1.022971
0.854889
-2.365736
-0.867119
-0.670885
-0.416677
0.299200
0.870535
-2.370473
-2.502875
-1.084514
-1.635179
-2.422979
-3.292986
-0.260871
-0.890161
-2.509299
-1.268565
-0.364820
-2.372840
-2.372840
-2.311623
-2.376391
-3.070539
-2.375208
-2.569684
-2.368106
-2.376391
-1.969381
-1.701440
-2.387915
-2.369287
-1.321282
-3.294631
-1.312774
-2.372840
-0.945714
0.533627
-2.370473
-2.376391
-2.375208
-0.882418
-2.753357
-1.332227
-0.690777
-1.013481
-2.375208
-2.376391
-2.500302
-1.084027
-0.665288
0.422248
-1.053858
-1.532686
-2.793964
-2.369287
-3.291340
-1.381033
0.034554
-2.560692
-1.885307
-1.598473
-2.370473
-1.266602
-2.376391
-2.652462
-0.753113
-1.083058
-0.973810
-0.684137
-3.007347
0.303566
-0.203966
-1.654680
-2.370473
-2.371657
-2.565828
-1.687849
-2.973064
-1.592655
-3.301215
-2.203919
0.257188
-1.539430
-3.304507
-2.321454
0.280475
-3.297923
-2.987086
-1.727487
0.295061
-2.108743
-3.033834
-2.369287
-3.283111
-2.252882
-1.308118
-2.713996
-2.370473
-2.407494
-3.291340
-2.661944
0.154079
-2.381131
-1.491619
-1.623286
-1.698367
-2.372840
-2.370473
-3.281466
-3.286402
-2.492794
0.151348
-1.140605
0.047083
-2.375208
-2.374024
0.395967
-2.487761
-1.952517
-1.057298
0.069429
-3.292986
-2.376391
-0.364182
-2.370473
-2.377578
-1.689545
-0.754532
-2.564544
0.607029
-2.763641
-1.808660
-0.761811
-2.370473
-0.971654
-2.370473
-1.633276
-2.779296
-2.908759
-2.375208
-2.375208
-2.378764
-0.453809
-2.378764
-2.695039
-3.299570
-3.018253
-0.184482
-3.301215
0.147483
0.370597
-0.468567
-2.715395
-1.814949
-3.302859
0.303024
-0.357113
-2.376391
-2.372840
-0.589934
-0.918265
-3.297923
-1.649740
-2.374024
-1.699738
-1.850782
-2.284764
-1.213153
-3.292986
-1.206603
0.295038
-3.292986
-0.019712
-0.702327
-3.291340
-3.296279
-2.624367
-3.291340
0.328316
0.824611
-1.707868
-1.137680
-2.371657
-2.372840
-1.086742
-2.382313
-3.296279
-2.370473
-3.302859
-1.085221
-1.194216
-2.927874
-2.064884
-0.643792
-2.056108
-2.370473
-0.567853
-1.872175
0.068042
-2.413586
-1.170182
-2.253743
-1.607556
-1.028309
0.549605
-1.219367
-2.011775
0.463430
-1.739365
-1.084027
-3.001111
-2.936684
-0.804916
-2.577394
-3.299570
-0.105173
-0.426896
-2.376391
-2.576109
0.352256
-1.732406
-2.988646
-3.296279
-0.495888
0.390195
0.038521
-1.572209
-1.653860
-2.376391
-2.369287
-3.401000
-2.376391
-2.507556
-0.971042
-0.274858
-0.476745
0.306511
-2.382313
0.145880
-1.002058
0.392769
-1.928012
0.155497
-2.376391
-1.615643
1.038268
-3.296279
-1.074403
-2.372840
0.305626
-1.079814
-0.567115
-1.760603
-2.376391
-0.702672
-1.450541
-2.863989
-3.017086
-2.570969
-2.377578
-2.001203
-3.299570
-1.544164
-2.500290
-0.722476
-2.376391
-1.117691
-2.377578
-3.301215
-1.106455
-3.294631
-2.381131
-1.408460
-1.903320
-1.853364
-2.395555
-2.794212
-2.374024
0.374160
-0.449912
-1.509466
-2.372840
1.044021
-3.292986
-3.294631
-2.482316
-2.319028
-3.297923
-1.615764
-2.375208
-2.377578
-2.381131
-1.220429
1.044021
-3.301215
-1.085658
-1.889927
-1.570933
-2.266472
-1.672078
-1.180904
-1.816792
-3.296279
-1.698314
-0.992530
-3.294631
-2.470627
-1.637733
-3.294631
-2.498405
-3.215591
-3.286402
-2.379945
-2.469467
-1.549344
-2.991764
-3.292986
-2.370473
0.459541
-2.378764
-1.342717
-2.931979
-1.667662
-2.478462
-2.614208
-0.869159
-3.291340
-2.987662
-0.178076
-0.979986
-2.503024
-0.456308
-2.374024
0.304031
-2.825033
-1.280102
-3.292986
-2.921370
-0.995547
-2.484884
0.045623
0.039030
-2.376391
-1.449650
-3.291340
-0.777790
0.281212
0.062812
-0.437132
-1.876100
-1.739228
0.122479
-3.301215
-2.770861
-2.809902
-2.377578
-1.074693
-3.291340
-1.797394
-2.474607
-1.043093
-1.649740
-1.898431
-2.381131
0.364389
-1.900426
-2.372840
0.207614
-0.429875
-2.366920
0.298300
-2.699459
-3.289694
1.002567
-0.903221
-1.238759
-2.115325
-1.623398
-0.204246
-1.591079
-1.415246
-1.154560
-1.543748
-1.637984
-2.861109
0.216501
-2.678631
-0.544888
-1.648095
-1.894841
0.291171
0.293648
-2.365736
-2.331476
-3.294631
-0.428329
-2.160130
-3.010460
-1.178923
-1.937634
-2.868667
-1.378479
-2.538835
-1.020505
-1.419789
-2.977735
-2.385257
-0.475830
-1.147627
0.749762
-2.382313
-1.731726
-2.155982
0.878173
-1.796609
-2.909391
-2.364114
-0.650779
-1.333731
-1.733221
-0.822778
-3.292986
-2.539865
-3.506638
-2.377578
-0.131169
-2.151806
-3.502246
-2.042093
-2.003032
-2.842313
-1.136957
0.037421
-2.376391
-2.377578
-0.795197
1.181145
-0.349335
-2.279678
-0.781267
-0.372059
-1.625755
-3.059235
-3.294631
-3.010460
-2.371657
-2.576109
-3.144954
0.389764
-1.053664
-3.573533
1.566678
-3.289694
-2.377578
-2.379945
-0.607846
0.306823
-2.178355
-1.084682
-0.225915
-1.487522
0.525149
0.298585
-2.786748
-1.844412
-3.159613
-3.278175
0.334866
-2.546559
-2.530387
-2.569684
-0.423818
-0.862355
0.985787
-2.731181
-3.726917
-2.666523
-0.323736
-3.237193
-2.584598
-0.939831
-2.819769
-0.744966
0.299655
0.429102
-3.421783
-2.673484
-2.535574
-2.348739
-2.374024
0.048579
-0.261634
-0.580993
0.292151
-1.660339
-1.559719
-2.372840
-1.613096
-1.762483
-2.512089
-2.573540
-2.853186
-1.527577
-0.491750
-2.816761
-1.811306
0.369457
0.570008
-1.132200
-0.331599
-2.541118
-1.940488
0.289091
-1.921225
-1.292566
-0.926064
-3.008531
-2.459372
-1.234413
-2.892034
-0.765736
-2.084208
0.396367
-2.699801
-1.078191
-2.382313
-3.205252
-0.188019
-2.375208
-3.441632
-3.013914
0.394380
-2.490024
-2.765654
-2.960737
-3.292986
-0.608665
-2.607701
-2.378764
-1.810053
-3.628190
-1.539929
0.203022
-3.297923
-0.614400
0.303180
-2.571919
-0.800432
0.594894
-1.080822
-2.270037
0.077359
1.516150
-2.615974
-1.541239
0.318702
-2.991764
-1.323043
-1.022175
-3.495188
-3.475926
0.303878
-3.297923
-0.473950
-2.376391
0.416786
-0.641186
-1.703967
0.351832
-1.473351
-0.676693
-1.694491
-2.250598
-2.369287
-1.955873
-2.375208
-1.262806
-2.994295
-2.370473
-2.464328
0.004203
-2.371657
0.302795
-1.464502
-2.162131
-3.224250
-1.433271
-1.464211
-2.372840
-2.800596
0.339871
0.406411
-1.825671
-1.702320
-3.044737
-1.196917
0.303639
0.800875
-0.624325
-3.294631
-1.927008
-3.126761
-2.349169
-3.301215
-1.535312
-2.499017
-2.426542
-1.572024
-2.379945
-3.291340
-0.995196
-1.337497
-1.059133
-2.795022
-1.173219
-1.813128
-0.433040
-0.614903
-0.886717
-3.172894
0.784108
-0.276355
-0.433773
-2.674411
-1.530163
0.256305
-0.360680
-0.419106
-1.044649
-1.513477
0.905978
-2.749722
-3.093540
-1.456147
-3.182495
-2.570730
-1.599815
-2.655004
-2.836136
0.040024
-1.662679
-2.975139
-0.439565
-0.948133
-0.842436
0.424390
-0.922627
0.407925
-1.271629
-0.312517
0.043799
0.270715
0.011639
-0.877481
-1.515616
-0.154772
0.306511
-1.943464
-0.674040
0.302258
0.271508
-1.864863
-1.217245
-2.477178
0.656393
-3.286402
-2.338901
-2.576290
-0.446210
-1.547677
-3.432688
0.295982
-2.789076
0.410952
-0.307741
-2.369287
-1.452046
-2.379945
-2.370473
-2.573540
-2.163321
-2.359587
0.372418
-2.376391
-0.413984
0.303411
-1.119755
-2.101320
-0.879022
0.347031
-3.306155
-2.969944
1.032480
-0.397192
-2.284119
-1.157385
-0.339663
-0.571842
-3.297923
-2.375208
-2.371657
-3.294631
-2.375208
-2.842337
-2.372840
-2.371657
-2.543460
0.430408
-3.292986
-2.958865
-2.482316
-0.872367
-2.372840
-3.073172
-0.041422
-1.689545
-3.078363
0.406845
-1.913190
-1.181586
-2.772989
-0.707498
-0.742123
-2.378764
-2.801728
-3.297923
-1.881544
-1.337604
-3.286402
0.407627
-0.816425
-3.292986
-1.856852
-3.235369
-2.502875
-2.372840
-2.585640
-0.631760
-2.727544
-2.379945
-1.880167
0.380997
-1.696339
-1.766348
-2.910108
-1.481065
0.304248
-2.372840
-0.784882
-3.297923
-0.330063
-1.196438
-2.607645
-1.235559
-0.799776
0.038923
0.307287
-2.351743
-1.237896
-0.985683
0.154749
-2.573540
-1.810178
-1.786939
-2.388520
-0.326452
-1.809606
-1.356517
-0.610027
-0.945730
-3.288050
-3.292986
-2.374024
-2.811292
-3.296279
-2.374024
-2.378764
-2.371657
0.347788
-2.741273
-2.816171
-2.013625
-2.371657
0.330549
-2.457756
-2.257075
-3.091096
-2.372840
-0.211949
-3.161696
-3.291340
-2.284764
-2.065936
-3.442316
0.375209
-2.014637
-0.122885
-2.620028
-1.752400
-3.696327
0.050523
-2.977735
-1.639432
-1.376653
-2.762650
-3.165102
-2.508011
-0.829110
-2.369287
-2.864931
0.367950
-2.381131
-1.023010
0.343275
0.791177
-2.659755
-2.040972
-2.370473
-1.673797
-2.104356
-3.281466
-1.575674
-1.354606
-2.377578
-2.296595
-2.279027
-0.577916
-1.812218
-1.290293
-2.372840
-3.289694
-0.884991
-2.064884
-3.274887
-2.144360
-2.376391
-0.249476
1.625988
-0.361504
-2.565828
-0.459203
-3.628901
-2.062766
-2.048625
0.371815
-2.938779
0.322440
0.372214
-2.370473
-3.299570
1.060757
-2.372840
-0.328725
-3.286402
-4.311895
0.368023
-3.296279
-2.551963
-0.124002
0.291236
-0.431787
-1.947265
-2.219502
-0.633483
-3.037991
-2.146667
-2.557047
0.042282
-2.375208
-0.536350
-2.818801
-4.659352
-1.821324
-3.517861
-0.613582
-1.637645
-0.415707
-0.767225
-0.307311
-2.499017
-2.036184
-1.004211
-2.739268
-1.050601
-1.048599
0.157078
-0.397430
-2.377578
0.219930
-2.374024
-3.013576
0.401226
-2.260775
-1.044649
-2.372840
-2.379945
-0.171273
-2.574823
-2.368106
-0.836992
-0.317817
-0.459203
-0.022845
-2.370473
-0.567686
-0.066744
0.302636
-3.284758
0.414195
-2.090691
0.947487
1.149943
-1.012932
-3.296279
-3.974241
-0.324689
-3.297923
0.300880
0.641700
-2.471773
1.230557
-0.389911
-2.779296
-1.742983
0.410736
-2.365736
-2.497735
-1.537403
0.868270
-2.504111
-2.378764
-1.037617
0.298275
-2.019886
-2.283132
-2.379945
-0.427960
-2.377578
-0.780879
-2.549239
-2.375208
-2.545612
-2.477696
-2.374024
0.975871
-1.111507
0.047371
-1.652208
-2.421161
0.393443
-0.945112
1.006245
-3.294631
-0.323095
-2.220672
-1.331567
0.290084
-1.360101
0.367188
0.302326
-1.690396
-0.379734
-2.446100
-1.242578
-2.575626
-1.141775
-2.577445
-2.821270
-0.720693
-1.078731
0.146931
0.427381
-2.756638
-3.017254
-0.358678
-3.309445
-3.296279
-1.096713
-3.000082
-1.840471
0.303099
-2.374024
-3.297923
-2.379945
-2.377578
-2.371657
-0.636870
-2.910734
0.683917
-1.305812
-3.533180
1.020939
-2.385864
-0.455770
-2.421433
-2.488396
-2.577457
-2.554611
-0.977787
-2.574823
-1.655326
-3.294631
0.305581
-1.482474
-2.375208
0.308369
0.405115
-0.207278
-0.213540
-0.899846
-1.687849
-0.555146
-0.370096
-3.296279
0.149261
-3.301215
-1.688697
-2.381131
-1.984119
-2.233607
-3.012017
-1.703446
0.303180
-0.338163
-3.292986
-0.621923
0.302413
-2.371657
-1.348162
0.169718
0.678684
-2.042816
0.369644
-0.317558
-2.742139
-2.574823
-2.377578
-2.374024
-2.639463
-2.376391
-0.430212
-2.374024
-1.528979
-2.344840
-0.986384
-1.148460
0.362957
0.347602
-2.376391
0.306202
-2.476944
-2.550413
-0.471432
-2.970243
-2.560720
-3.296279
0.428246
-0.319264
-1.381183
-3.163688
-1.422868
-3.299570
-1.649740
-3.302859
-2.488741
0.423100
-2.986601
-3.299570
0.342446
-0.504768
-2.579269
-2.311849
0.424601
-2.505443
-1.624989
-2.554268
-2.371657
-3.289694
-0.371461
0.229471
0.334826
-2.377578
-2.159475
-3.289694
-3.294631
-1.118001
-2.211810
1.156575
0.894857
0.426101
-1.046814
-2.690003
-2.375208
-0.995120
-2.352157
-3.292986
-2.370473
-0.930426
-2.911582
-1.266455
-0.998422
-1.072779
-3.292986
-3.192491
-2.376053
0.973995
0.985787
-2.121903
-0.054768
2.479721
1.375872
-2.574823
-3.302859
-3.297923
-2.374024
-2.496099
-3.296279
-0.557343
-2.378764
1.036175
0.302108
-3.281466
-2.329066
-1.085113
-2.370473
-2.370473
-1.693793
-2.374024
-1.230723
-0.890716
0.076989
-0.134837
-2.374024
-3.299570
-1.640765
-0.982977
0.393176
0.297972
-2.579964
-2.765085
-1.844875
-2.379945
-2.317729
-2.486169
-2.376391
0.148162
-1.061014
-3.753057
-1.648095
-0.517974
-1.088258
-2.374024
-2.372840
-1.812823
-2.374024
0.971635
-3.286402
-2.372840
-1.875999
-2.375208
-3.288050
-2.470750
-2.653905
-0.314363
-2.371657
-2.365736
-3.294631
-3.291340
-0.893405
-3.299570
-2.379945
-3.294631
-2.377578
-3.292986
-2.381131
-2.276221
-2.383498
-2.131557
-0.717305
-3.297923
-3.289694
0.376857
-1.692943
-0.417080
-3.297923
-2.102164
-3.299570
0.651781
-3.291340
-2.374024
-1.886546
-3.158428
-0.464615
0.145082
-1.665760
-2.572253
-2.572253
-3.302859
-1.030951
0.397764
-2.376391
-3.291340
0.276140
-2.351668
-0.217929
-2.474607
-0.867415
-1.651387
0.179774
-0.447010
-3.296279
-2.990203
-2.574823
0.271366
0.243015
-1.683601
-3.309445
-3.299570
-2.572253
-3.402482
-2.055174
-3.297923
-1.971164
0.528405
-3.026500
-3.289694
-2.372840
-0.148974
-1.194197
-2.375208
-1.063532
-1.714746
-2.573540
-3.299570
-2.475893
-2.971550
-2.351139
-1.759168
-1.109953
-1.755473
-0.686626
-0.175335
0.510390
0.147173
-1.952576
-3.292986
-0.381916
-2.222189
-2.381131
-2.835938
-2.375208
-2.370473
-1.383020
-0.294077
-2.375208
0.389949
-2.572253
-1.698040
-2.578676
-1.707563
-2.375208
-2.374024
-2.477178
-2.379945
-0.970598
0.354442
-1.619039
-2.379945
-2.576109
-3.458850
-0.991136
-1.560569
-3.613044
-3.013576
-1.079273
0.679381
-2.372840
1.234981
-1.505980
-1.529539
0.178327
-1.656046
-2.371657
-2.001595
-1.157787
-1.693793
-1.638080
0.427381
-3.278175
-2.780757
-2.375208
-3.292986
-1.014683
-3.289694
-2.376391
-2.375208
-3.292986
0.911967
-0.278168
1.742796
0.118849
0.370096
-0.348971
-2.850685
0.117018
-2.232526
-3.299570
-3.301215
-0.279713
-2.381131
-2.356401
-3.296279
-2.366920
-2.591351
-1.024128
-1.503711
-1.291020
-0.039466
-3.294631
0.287293
-1.113382
-2.526002
-1.015082
-2.371657
-2.375208
-1.848504
-3.299570
0.308525
-3.281466
-2.575812
-2.332090
-2.623363
-2.096957
-1.646449
-3.299570
-3.294631
-3.291340
-3.350554
-2.004822
0.372118
-0.359239
0.413331
-2.368106
-0.949593
-0.427809
0.294759
-0.291134
-1.276503
0.304098
0.667861
0.306511
-2.376391
-2.767161
-1.659219
-3.291340
-0.558117
-0.209937
-2.377578
-2.371657
-2.377578
0.301553
-2.114556
-1.958854
-1.500419
0.300880
-2.377578
-2.369287
-2.382313
0.425674
-2.374024
-1.377788
-2.372840
-3.301215
-1.644600
-1.200196
-2.377578
-2.370473
-2.492432
-2.565828
-3.616184
-0.358237
-1.159949
0.302326
-3.296279
-1.543203
-2.923202
-2.371657
-1.279623
-2.531136
-3.292986
-2.770861
-0.677701
-1.862950
-1.685298
-3.297923
-2.370473
1.010335
0.305115
-3.016690
-3.012017
-2.371657
-2.491313
-0.877161
-1.296993
-2.990203
-2.372840
-3.291340
-1.219839
-3.301215
-2.979295
-2.468184
-2.378764
-2.376391
-2.143136
0.503007
-2.374024
-3.288050
0.305425
-3.289694
0.847590
-1.064664
-2.375208
-1.233361
-1.079849
-2.379945
-2.473319
-3.294631
-3.296279
-0.419555
-2.125380
-3.297923
-1.882703
-2.572253
-0.116945
-0.155702
-3.302859
0.233155
0.603874
-0.278785
-1.618756
-1.078191
0.896380
-1.082944
-1.025263
-3.292986
-0.994946
-2.609141
-2.378764
-1.203113
0.906536
-2.369287
-3.126032
-0.103873
-2.251593
-1.077648
-2.497735
-3.005750
-1.292234
-2.029037
-1.657464
-2.491313
-3.151208
-3.197538
-2.356118
-2.818130
0.754305
-2.510578
0.615494
0.307904
0.275433
-2.378764
-2.806991
-0.413516
-0.199464
-0.864892
-2.375208
0.348136
-1.653762
-0.467770
-2.377578
-2.487452
-3.294631
-2.376391
0.403388
-1.538343
0.076727
-2.155483
0.040978
-2.372840
-1.424537
-2.729549
0.282335
1.015983
-2.310438
-0.926384
-2.372840
-2.372840
-3.005870
-1.726310
-2.379945
-0.951209
-2.497698
-2.801160
-2.372840
-0.282118
1.102660
0.302172
-2.536759
0.290859
-2.756638
-2.370473
-2.377578
-0.797757
-2.032535
0.377713
-2.668342
0.385516
-2.369287
-3.291340
-3.444185
-1.082944
-2.490024
-2.375208
-3.281466
-2.371657
-3.005787
-2.374024
-1.074403
0.301398
-0.767711
-3.284758
-2.876913
-2.580775
-2.705001
-1.516245
0.288690
-0.612169
-3.289694
-3.292986
-2.370473
0.407455
-0.721039
-3.390435
-2.427066
-2.465446
0.372497
0.587546
-3.294631
-2.504157
-2.380203
-0.423823
-2.568399
-2.369287
-2.835938
-2.820360
0.994180
-1.043949
-1.341700
-2.812568
-0.547622
-3.301215
-2.375208
-3.443996
-1.183334
-2.143598
-2.568399
-1.930552
-1.594263
-1.631784
0.898563
-0.058391
-2.715283
-1.646449
-1.537395
-2.372840
-1.658967
-2.374024
-2.366920
-2.372840
-3.289694
0.397199
-3.126219
-2.368106
-2.370473
-2.852271
-2.241793
-2.783615
-1.580543
-3.289694
-2.565828
-2.801186
-0.961552
-0.991002
-2.157175
-2.076970
-2.264379
-1.697191
0.297665
-3.292986
0.291787
-2.375208
-2.815832
-1.151993
-2.488741
-1.892078
-0.150388
1.869535
-0.200110
-0.449180
-0.433591
-3.286402
-1.692093
-1.653860
-1.696231
-1.087827
-3.010460
0.343801
-3.039701
0.789131
-2.561824
-2.371657
-0.044374
-2.025410
-3.299570
0.220608
-2.375208
-2.835938
-2.470750
-3.286402
-0.644912
-0.344204
-2.786585
-3.118527
-3.296279
-2.376391
-2.375208
-0.766080
-2.069680
0.421110
-3.294631
-1.546836
-2.368106
-0.334613
-2.540122
-2.316590
-0.455792
0.398453
-3.103940
0.060950
-0.097368
-2.972069
-1.828044
-4.561586
0.297665
-2.372840
-3.018524
-2.584539
-3.291340
-0.612686
-3.283111
-1.230115
-0.353261
-2.456740
-2.565828
-3.294631
-1.649304
-0.382075
-2.375208
-2.375208
0.302567
-0.492982
0.042226
-0.824639
-2.101365
-2.654285
-1.797523
-2.577394
-2.370473
-1.075882
-3.292986
0.406627
-0.875466
-1.492636
0.407925
-0.534233
-2.982412
-1.696339
-2.377578
-2.486170
0.045060
-2.372840
-0.662901
-1.548093
-2.225604
-2.117517
-2.813754
-1.076026
-1.901216
-2.853541
-2.593069
-2.802723
-1.300428
-2.670041
0.653190
-2.375208
-2.275187
-2.372840
-2.077765
-3.299570
-1.124529
-1.692093
0.304031
-2.201117
-0.693249
-3.032119
-2.494389
-0.107541
-2.401951
-1.477787
-2.670342
-2.882195
-0.948007
-1.058375
-3.644188
0.286831
-1.604070
-2.749203
-1.941962
0.224270
0.152437
-2.377578
-1.808574
-1.900509
-2.003720
-3.288050
0.369822
-2.709879
-1.623286
-1.308348
-1.277005
-0.663549
0.303944
-1.367189
-1.142360
-1.309941
-1.221582
-2.308852
-2.482316
-2.377578
-2.374024
0.118277
0.217737
-1.698892
-2.289339
-2.491313
0.364434
-2.399249
-1.892614
-0.177423
0.269661
-1.689545
1.144057
-2.682783
-1.920752
-1.212772
-0.270598
-1.547690
-1.484978
0.072699
-1.650564
0.529795
-1.693793
-2.371657
-3.294631
-3.301215
-1.826205
-2.821270
0.529525
-2.651018
-2.235235
-1.408136
-3.013576
-0.327485
-2.994878
0.301954
-1.037617
-1.078731
-2.739619
-2.375208
-0.744986
-1.692093
-0.360680
0.307441
-0.969950
-2.787638
-2.496448
-1.792182
-2.840813
-1.916017
-0.499011
-1.033041
-1.396339
0.677285
-2.226339
-0.235444
-1.698040
0.480329
-3.302859
-2.233413
-2.739948
-2.375208
-3.297923
-3.292986
-0.572679
0.407884
-0.652729
-1.061705
-2.377578
0.454253
0.303944
1.097466
-1.740965
-3.191311
-3.288050
-0.679027
-0.137888
-1.060504
0.290702
-0.879384
-0.167731
-2.175412
0.399063
0.427388
-1.169370
-3.027600
1.379085
-2.025417
0.303722
0.304340
-1.134934
-2.033491
-2.865149
-0.416433
0.887611
-0.703855
-2.504157
-0.765140
-1.087827
-1.935642
-1.393235
-1.797036
0.265355
0.920346
-1.507534
-0.199766
-1.453386
0.426952
-0.923680
-0.429372
-1.596105
0.528156
0.886052
-1.534327
0.347220
-1.084894
-2.372840
0.424601
-1.137019
0.285215
-2.577394
-3.294631
-0.556967
-2.842012
-1.688697
-1.176705
-1.569581
-0.259289
-0.475577
0.412897
-0.375889
-2.791208
-1.357046
-0.407028
-0.780191
0.292410
-1.233607
0.869832
-1.426370
-2.377578
-3.294631
-2.625028
0.222667
-1.143824
-0.349511
-1.344876
-2.370473
-1.015744
-1.849656
-2.372840
0.308059
-2.250738
0.355252
-2.372840
-2.515094
-2.372840
-0.896453
-2.370473
-3.289694
-1.508403
-0.599375
-2.523431
-1.443711
-1.564025
-0.156639
0.302483
-3.447006
-3.425481
1.000622
-2.602528
-1.173014
-2.369287
-1.508267
-1.731300
-1.733901
-2.668342
-2.905265
-2.853512
-2.348887
-3.578534
-2.534060
-1.383641
-1.734124
-2.937832
-2.697742
-2.613980
0.046914
-0.383208
-1.549170
-1.896712
0.307287
0.149951
-2.497735
0.334300
1.176396
-1.299026
-1.866854
-2.360999
-2.353358
-3.296279
-1.595409
-1.417057
-0.464091
-0.617879
-1.554487
-1.546918
-1.035992
-0.884893
-1.532398
0.308525
-1.918126
-2.681341
-3.284758
-2.372840
-1.065661
1.041405
-2.372840
-0.794887
0.422673
-1.417929
-1.904714
-1.960853
-2.363369
-0.821017
-3.018253
-3.146546
-3.281466
-2.375208
-2.368106
-0.556585
-2.374024
-2.379945
-0.920585
0.912862
-2.558237
-2.368106
-2.153752
-1.519904
-0.617724
-2.385440
-2.515663
-0.992874
0.403169
-1.760069
-1.652208
-2.375208
-1.205168
-2.650507
-0.171371
-0.851557
-2.374024
-0.062853
0.036378
0.378468
-2.371657
-0.272919
0.386524
-0.243949
-1.104627
-0.536799
-2.568399
-3.299570
-1.209511
-1.927198
-1.426685
1.600032
-1.697461
-2.607701
-2.176562
-3.292986
-1.573157
-0.036553
0.105313
0.681477
-1.630031
-1.888202
-3.292986
-2.731606
0.405742
-0.512177
-2.185528
-0.106333
-0.997888
-3.297923
0.362957
1.172976
-2.472035
-2.351743
-2.994878
-1.355650
-2.372840
0.356050
1.204011
-1.879998
-1.673957
0.422889
-3.233883
-2.054126
-2.372840
0.824691
-0.531746
-3.291340
-2.368106
-1.416019
-0.719757
-1.572656
-2.378764
-1.595264
-0.529469
-2.763641
-1.697455
-0.290077
-0.829413
-2.843011
-2.378764
-2.817137
-1.402172
-2.363748
-1.080895
-0.189568
-2.506728
-2.421796
-0.350462
-3.045866
0.759202
0.285901
-2.499981
-0.544473
-2.911401
-2.527290
-1.575778
-0.885141
-0.407676
-2.659817
0.992894
-1.540704
-0.698111
-2.719060
0.279548
0.289398
0.407925
0.076989
-1.082517
0.480329
-2.371657
-2.375208
-0.365145
0.115587
-1.101394
-2.376391
-0.057941
-2.646684
-2.504578
-2.642357
-2.377578
-1.515389
-3.302859
-2.530054
-0.918082
-2.537563
-1.600750
0.306511
-3.010460
-1.747730
-0.470694
-1.379190
-2.370473
-2.130675
1.026181
-0.771408
-3.302859
-1.771913
0.919158
-0.378938
-0.668760
-1.400768
-2.593095
-2.377578
-2.320060
-2.378764
-2.600492
0.302947
0.371820
-2.371657
-1.487577
-4.044598
0.303639
0.310364
-1.940967
-2.379945
-1.694644
-3.272061
-1.963988
-3.124418
-2.793872
-0.338833
-2.551696
-2.774120
-0.273536
-2.816761
0.375734
-2.678815
-2.094316
-3.294631
-2.376391
-1.661267
-2.491313
-3.041159
-1.855894
0.286180
-2.377578
-0.041399
0.304248
-2.219154
-3.638471
-1.090014
-0.743019
-4.100648
-2.377578
-2.492596
0.636510
-2.282437
-2.139690
-3.831222
-1.358786
0.666112
-0.167129
-0.010464
-1.312476
-3.001111
-2.479749
-2.885804
-3.243617
0.301799
-2.348821
-0.537006
-1.645012
-2.372840
0.858806
-2.576109
-0.745576
0.885124
-1.085113
-2.034783
-2.927721
-2.573046
0.282335
0.304401
-2.811826
-3.294631
-2.388759
-3.184115
-0.512268
-1.440659
-1.638580
-2.376391
-2.321214
-1.571251
-0.310164
-2.927874
-1.209676
0.305274
-1.161787
0.984726
-2.439582
-1.913620
-2.481030
-2.564544
-1.547195
0.850683
0.382092
-2.372840
-0.634010
-2.645769
-2.372840
-1.498389
0.893929
0.795394
0.888831
-1.117667
-2.900604
-1.585063
0.031265
0.380903
-2.502762
0.853147
0.966213
-0.465571
-0.900742
-2.501589
-3.297923
0.002871
-3.347065
-3.294631
0.120209
0.395789
0.392972
-1.961779
-1.417132
0.915769
0.069243
0.965848
-2.374024
-2.162630
0.530890
-2.407762
-0.819517
-0.305193
-1.827249
-3.289694
-2.192276
-2.372840
-2.640250
-2.246006
-2.765085
-2.478462
-2.174212
-3.294631
-2.837663
-2.379945
0.161821
-0.383160
-1.869668
-2.102868
-1.041573
0.148954
-3.008902
-0.887959
0.302108
-3.302859
-3.296279
-2.278472
-2.611092
0.890380
0.280363
-2.240983
-2.370473
-1.200503
-2.730507
-2.120196
-3.302859
-1.136739
-2.589548
-2.543170
-2.816802
-2.428360
-1.659204
-3.297923
0.151068
-3.435773
-1.386036
-2.126590
-1.931851
-2.824153
0.375609
-2.487452
-2.283264
0.150422
-0.824690
-2.391624
-1.885182
-2.372840
0.927678
0.305274
-0.197952
0.428673
-1.577725
-0.632156
-2.181305
-1.159243
-3.012017
-2.116424
0.366985
-0.904015
-2.374024
-1.824350
-2.479749
-2.379945
-2.378764
-2.821396
-1.040321
-3.302859
-2.532043
-1.559187
-0.824641
-1.083448
-1.761574
-0.407479
0.523244
-0.709358
-1.937853
-1.924308
-3.289694
-1.216913
-1.497322
-1.893746
-1.650564
-1.835454
-2.812822
-1.871990
-3.038872
-2.678476
-2.854639
-0.593534
-3.140455
-1.220498
-0.474543
0.964522
-3.466188
0.050448
0.636088
0.145754
-2.940339
-1.722972
-2.059398
-1.415669
-3.299570
-1.032747
-1.082175
-2.374024
-0.206034
-1.841106
-1.190129
-1.964584
-1.277698
-2.374024
-0.471032
-0.042234
-3.283111
-2.795497
-2.317997
-2.701023
0.457405
-2.798632
-0.992643
-1.636031
-3.075620
0.213299
-1.648918
-1.693793
-1.583639
-0.212948
-1.931767
-3.279047
-0.770817
-2.921641
-0.435365
-1.714167
-1.507765
-1.486915
0.223469
0.381488
-1.077648
-0.757626
-0.927883
-2.368106
-3.294631
-2.410767
0.983314
-0.035477
-2.372840
-2.920085
0.342469
0.087543
-3.299570
-1.065302
-2.481030
-2.912125
-0.393971
0.660262
-1.681898
-0.607732
-2.956241
-0.507995
0.284816
-2.578262
-2.024240
-1.648095
-1.693793
-2.372840
-2.990203
-2.378764
-2.570158
-0.752207
-2.837499
-2.688937
-0.808415
-0.852560
-1.885737
-1.744822
-2.378764
-2.329011
-2.376391
-3.288050
-2.482316
-0.579992
-2.321777
0.430625
-0.904320
-0.922803
-0.480841
-0.523082
-1.810398
-2.491313
-0.160083
-1.848672
0.299539
-2.481626
-0.779539
-2.923202
-3.470510
-1.022086
-1.444186
-2.384681
-0.855686
0.304401
-0.472806
0.867041
0.303639
0.545693
-1.265754
-3.291340
-2.281669
-1.085658
0.029905
-2.372840
-1.334911
-3.296279
-3.458965
-2.850734
0.074204
-2.449837
-2.517007
-3.251084
-0.451367
-1.168230
-1.217525
1.205750
-1.989332
-0.950650
-1.198389
-3.296279
-2.425469
-1.934030
-2.534994
0.271327
-2.266351
-2.100030
-1.523306
-2.377578
-2.464328
0.862226
-0.292703
-1.970750
-3.291340
-2.894327
-0.868345
-0.454069
-3.120041
-1.129489
0.303944
0.722227
-0.459203
-1.524611
-1.231345
-1.304130
-0.947733
0.936470
-1.084682
-2.377578
-2.370473
0.285439
-1.869488
-3.301215
-3.004229
-2.695010
0.897637
0.299043
-2.374024
-0.177106
-1.140437
-2.374024
-0.658913
0.303482
-2.643270
-0.323095
-2.821270
0.304648
-1.094034
-2.564544
-1.987023
0.221335
-2.568399
0.295517
-2.038560
-2.587281
-3.296279
-1.091513
0.897637
-0.753898
0.679381
-1.929015
-3.002671
-1.607150
-3.301215
-2.715171
-3.302859
0.533079
-2.488741
-1.022679
-3.294631
-2.570969
-2.206520
-2.371657
0.113903
-2.375208
-2.926318
-2.201242
-3.297923
-3.286402
-2.379945
-2.372840
-1.637448
-2.368106
-2.381131
-3.286402
-1.479372
-0.826754
-1.429031
-2.274567
-1.357213
-2.573540
0.396594
-1.901946
-1.883157
-2.578676
-3.292986
-3.294631
0.978967
-2.381131
-0.038910
-0.180410
-2.047334
-1.881186
-2.825303
-2.059519
0.424570
-2.760754
-2.701552
-1.694644
-1.186015
0.206438
-2.491313
-3.294631
-1.976398
0.211811
-2.365736
-2.900815
-2.374024
-1.272475
0.444720
-1.205148
-0.448200
-1.698040
-3.149970
-1.075486
-2.792026
-1.723741
-3.010460
0.986833
-2.372840
-2.095632
-1.855192
0.216610
-2.372840
-2.308756
-0.769218
0.385184
-2.026223
-2.572253
-3.301215
0.396594
0.290859
0.893929
-2.376391
-2.375208
-2.495164
-0.959221
-2.063010
-0.819339
-2.292643
-3.964355
-2.483599
-3.292986
-1.744548
-0.723742
-0.530639
-2.374024
-3.307797
-2.374024
-0.432518
-0.436335
-3.302859
-3.289694
-2.541417
-2.001203
-3.072512
-1.814949
-2.372840
-1.859600
0.531439
-3.292986
-3.403733
-3.299570
0.278308
-1.979829
-2.377578
-1.139437
0.861492
-1.689800
-3.479106
-2.425313
0.303792
0.152437
-1.983733
-1.142327
-2.380139
-2.369287
-3.299570
-3.299570
-3.291340
-1.649740
-0.323430
-0.946666
-2.468184
0.264439
-3.301215
-0.670659
-2.865546
-1.689545
0.380683
-3.292986
-3.359907
0.342797
-3.024481
-2.378764
-3.292986
-3.292986
-2.372840
-2.877187
-3.291340
0.307751
0.531439
-2.482316
0.890222
-2.374024
0.299809
-1.372666
-1.093656
-1.636031
0.397512
-1.426209
-1.849810
-2.511997
-1.641292
-2.576109
-0.038800
-2.999550
-1.712451
-2.082953
-3.022927
-2.374024
0.308059
-2.521752
-1.652170
-2.577394
-2.378764
0.304862
-2.122409
0.304340
-2.369287
-2.833293
-2.585502
-3.681035
-2.371657
0.296593
-2.375208
-1.650564
0.048204
-3.289694
0.306356
-3.294631
-1.799467
0.152120
-2.610589
-2.387049
-2.429703
-2.502875
-3.301215
-3.288050
-3.296279
-1.396168
-2.569684
-3.289694
-2.504157
-0.460588
-2.558120
-2.856052
-1.468691
-3.289694
-0.901281
-1.035453
-2.490024
0.895853
-1.953500
-1.884348
-1.711667
-1.571284
-3.301215
-1.845723
-2.561391
-2.371657
-2.375208
-2.313528
-1.711132
-3.296279
-3.296279
-1.246364
-3.299570
-1.803421
-2.930994
0.755462
-0.464000
-3.294631
-2.376391
0.217873
-2.484884
-3.294631
1.183965
-3.296279
0.218861
-3.291340
-3.301215
-2.369287
0.280941
-3.289694
-3.294631
-2.370473
-2.375208
-3.294631
-3.304507
-2.576109
-1.875876
-1.650564
-3.001111
-3.839950
0.894995
0.426960
-0.799894
-2.831765
0.149415
-2.490024
0.298144
-1.237350
-2.371657
-3.008902
-3.299570
-3.286402
1.156711
-3.294631
-2.884245
-0.640574
0.385585
-3.019809
0.307595
-2.477178
0.430408
-3.030715
-2.374024
-3.297923
-2.371657
-2.240327
-1.798556
0.152667
-3.302859
-3.289694
-2.369287
0.296287
-0.845681
-2.374024
-2.371657
-3.318983
-0.532023
-1.083058
1.015692
-0.067864
-1.518749
-2.781403
-2.374024
-3.475926
-2.379945
-3.292986
-1.625902
-3.291340
1.040359
-1.062502
-2.370473
0.306047
-2.379945
-2.372840
-2.559405
-1.581219
-2.980852
0.371361
-1.653035
-2.381131
-2.374024
-3.296279
-2.156536
-3.751200
-2.573540
-2.920085
-3.299570
-2.377578
-3.289694
0.514759
-2.371657
-1.758418
-3.286402
-3.294631
-3.294631
-2.638021
-3.301215
0.282027
-1.862529
-0.773919
-2.381131
-3.291340
-2.486169
-0.435423
-2.184056
-2.988646
-0.767662
-3.302859
-2.481030
0.152437
0.300269
-3.302859
-3.306155
-2.368106
-2.366920
0.146751
-0.505786
-3.494564
-1.175648
-1.794916
-2.370473
-2.478238
-1.133268
-2.375208
-2.377578
1.577892
-3.286402
-2.372840
-1.236441
-2.920085
-2.871839
-2.374024
-2.939003
-1.133582
-0.459448
-3.297923
-2.574823
0.303944
-1.052235
0.916173
-3.286402
-2.053139
-3.291340
-0.677855
-2.833098
-2.578792
-1.056170
-3.291340
-1.692140
0.675800
-1.689545
-1.673123
-3.284758
-3.297923
0.982113
-2.829239
-0.067031
-2.374024
-2.368106
-2.374024
0.306511
-2.461758
-3.288050
-1.651387
0.399233
-3.447049
-2.870798
-2.479749
-1.663966
-1.935034
-2.382313
-2.375208
-1.545141
-2.372840
-3.279822
-2.366920
-2.085186
-3.297923
-3.296279
-1.644162
-2.374024
-0.549300
-3.292986
-3.042670
-1.123636
-0.100360
-2.366920
-2.802627
1.291281
-2.371657
-2.375208
-2.375208
-1.652170
0.357674
-0.765732
0.049697
-0.206270
-0.386585
-1.652208
-1.040744
-2.375208
-1.195980
-0.814189
-0.644548
-1.277813
-2.825492
-2.381131
-2.375208
-3.292986
0.886052
-0.461430
-2.368106
-3.292986
-1.717197
-1.063950
-2.993321
-2.372840
-2.366920
-3.075499
-1.510157
-3.283111
-3.015738
-2.374024
-2.379945
-3.292986
-2.375208
-2.789223
-3.296279
-3.299570
-0.886243
-0.171651
-3.007347
-1.466980
-1.372211
0.429976
-3.294631
-2.250778
-2.371657
-3.299570
-3.288050
0.309766
-1.650564
-2.376391
0.525149
0.152572
-2.365736
-3.297923
-2.764151
-2.375208
-0.711526
-0.364182
-2.372840
-3.294631
-3.286402
-3.296279
-3.297923
-3.292986
-1.761220
0.425246
-2.378764
0.431488
-3.286402
-2.372840
-2.371657
-3.291340
-2.505497
-1.851740
-1.698040
-0.298831
-0.169532
-1.335370
-3.928426
1.019382
-2.570969
-1.334478
-2.378764
-2.379945
-2.857361
-0.543889
-2.369287
-2.370473
-2.375208
-3.299570
-2.376391
-2.372840
-1.034903
1.007293
-3.286402
-2.376391
-0.446527
-2.215709
-2.567115
-2.379945
-2.375208
-1.806515
-2.445819
0.428680
-2.369287
-2.124097
-3.296279
-1.935570
-3.403263
-1.167768
-1.094223
-2.493876
-2.569684
-2.779184
-3.299570
-3.292986
0.045072
-2.378764
-2.376391
-2.371657
-2.366920
0.373257
-2.369287
-0.901419
0.532256
0.898563
-1.657973
-2.372840
-3.299570
0.144616
-0.127453
-2.369287
-0.230775
-3.411710
0.304962
-3.283111
-3.301215
-1.654680
-3.292986
-3.294631
-2.377578
-2.368106
-2.278116
-3.005787
-2.352085
-2.785302
-0.186179
0.341042
-3.288050
1.070617
-0.866078
-2.838497
-2.376391
-1.789736
-2.223043
-2.343635
-2.253719
0.203702
-2.374024
-3.301215
-1.811222
-2.514436
-2.370473
-3.288050
-1.052223
-2.372840
-1.694644
-2.558120
-3.008289
-2.375208
0.758287
0.283271
-3.289694
-3.292986
0.303411
-3.302859
-1.653035
-2.538848
-2.602052
-2.569684
0.410306
-3.291340
-2.378764
-2.737096
-2.521067
-2.989667
-0.427092
-3.265403
-2.240483
-2.492596
0.369822
-2.381131
-3.292986
0.295826
-2.934111
-2.980852
-0.508747
-2.381131
0.152279
-1.691298
-2.378764
0.427815
-2.375208
-3.296279
-1.878140
0.300115
0.675106
-2.379945
-2.825823
-2.840809
-3.291340
-2.442485
-1.067369
-0.285118
-0.638477
-2.369287
-2.374024
-3.291340
-2.378764
0.280632
-1.859030
-3.292986
-2.533708
-1.814038
-0.576230
-0.891672
-2.375208
-1.632632
0.425246
-2.578676
0.424601
-0.881442
-1.390735
-1.408013
-1.829262
-1.657509
-1.196575
-0.950725
-2.560692
-3.288050
-2.375208
0.217623
-1.081979
0.883736
-3.231362
-1.539387
-3.296279
-3.296279
-0.522694
-2.369287
-2.376391
-2.752233
-2.572253
-3.296279
-0.574372
-2.646022
-0.425141
-1.080717
-1.044111
-1.077109
-2.763917
-2.371657
0.426316
0.906904
-3.294631
-3.456071
-0.359818
-2.503942
-1.487522
-2.374024
-3.228803
-2.372840
-2.310618
-2.719976
-3.299570
-2.208603
-3.296279
-1.271703
-0.059988
-2.120805
-3.307797
-3.301215
-2.371657
-2.368106
-2.379945
-2.506728
-2.374024
-2.761019
0.047534
-3.291340
-2.999299
0.417743
-1.945067
-2.742927
-1.127732
-2.377578
-2.375208
-2.378764
-2.488741
-1.078191
-1.155570
0.304340
0.306665
-2.903817
-0.044553
-1.328907
0.215236
-2.378764
-2.378764
-3.292986
-3.018253
-3.291340
-0.907029
0.301030
-2.375208
-0.391524
-2.749203
-0.191582
-2.118075
-2.372840
0.424601
-1.019920
-2.370473
-1.809486
-1.978776
-3.297923
-0.760087
0.167727
-3.292986
-1.239821
-0.614556
-3.027600
-1.650564
-1.643677
-1.698040
-2.372840
-2.378764
-2.997993
-2.994878
-2.377578
-3.296279
-2.907618
0.303482
-0.108464
-2.368106
-2.378764
-3.273239
-3.292986
0.407925
-2.376391
-2.375208
-2.378764
-1.758676
-2.368106
0.244577
0.077153
-2.577445
-2.488741
-0.263997
-0.620864
-1.085762
1.002577
-0.577695
-0.689934
-2.374024
-2.702527
0.038987
-2.374024
-2.522147
-2.365736
-3.292986
-2.572253
-2.379945
-3.299570
-3.288050
-3.288050
-0.424454
-2.487452
-1.305977
-1.021088
-2.374024
-2.382313
-2.383498
-0.285892
-3.296279
-1.619889
-1.083487
-3.629328
-2.371657
-2.718884
-3.299570
-0.849855
-2.478462
-3.294631
-3.448850
-2.568399
-2.377578
-2.375208
-1.125965
-0.348588
-2.372840
-2.491313
-3.297923
-2.376391
-2.558642
-2.376391
-3.296279
-2.743636
-1.198389
-2.048542
-2.374024
-3.301215
-2.368106
-0.022299
0.297059
-3.291340
-2.376391
-1.567815
0.184180
-3.286402
-0.419313
-3.296279
-2.569684
-3.292986
-2.377578
-2.372840
-2.377578
-1.601349
-0.383678
-3.519516
-0.710230
-0.766514
-2.842313
-3.288050
-1.285443
0.911613
1.204671
-0.067645
0.307595
-3.288050
-2.366920
-1.906958
-1.076567
-2.893594
-0.413767
-1.540407
-0.435255
-2.990203
0.342446
-2.062134
-2.820107
-1.048980
0.981063
-0.329691
1.040359
-1.692093
-1.080353
-2.910633
-2.374024
0.200378
-2.482316
-0.499920
-3.299570
-2.773094
-3.296279
-3.289694
-2.579964
-1.072779
0.284805
-3.294631
-2.381117
-1.161728
-2.577394
0.911537
0.050884
-1.573808
0.914384
-1.907961
-2.363369
-2.372840
-3.299570
0.650753
1.165745
-1.517532
0.742732
-0.525623
0.300466
-2.377578
-1.530700
-3.291340
-2.377578
-3.026907
-1.678219
-2.371657
-0.424238
0.293340
-3.296279
-2.941900
-2.387885
-1.419610
-1.329639
-2.783692
-1.691245
-1.272571
-3.814332
-1.872197
-2.502875
-2.573540
-2.369287
-2.376391
-1.083601
-1.675071
-2.378764
-2.382313
-2.464328
-3.291340
0.402738
0.304031
-2.369287
-0.531274
-3.091870
-2.818015
-1.218521
0.123698
-1.527303
-1.087934
-2.370473
-3.299570
0.618946
-3.294631
-3.296279
-2.488741
-3.297923
-0.206810
-2.374024
-1.751800
-2.620425
-2.921641
-1.419773
-1.746387
-1.603642
1.051882
-1.975549
-2.379945
0.303411
-2.016631
1.044544
-1.081435
-3.198016
-2.376391
-2.369287
-2.370473
-2.461275
-2.372840
-3.182061
-2.377578
-3.288050
-1.010604
-0.462656
0.402767
-1.641129
-2.491313
-0.348971
0.298737
-2.375208
-2.209759
-2.310410
-2.501879
-2.868601
-1.944462
-0.481766
-1.283600
-0.363817
-2.408239
-2.795715
-3.459679
-3.292986
0.874467
-3.292986
-3.294631
0.305581
-2.369287
-2.369287
-0.698781
0.338160
-0.324440
-1.188200
-0.821860
-0.583176
-2.374024
-0.553044
-0.607472
-2.934111
-3.294631
-2.371657
-2.374024
-1.080353
0.280632
-1.420307
-2.565828
-3.292986
-2.376391
0.302719
-2.046237
-0.554023
-3.299570
-2.721258
-2.801660
-2.083582
-2.985529
-0.974222
-1.720004
-2.371657
-2.478462
-2.792358
-2.902943
-2.371657
-3.299570
-2.479749
-1.652594
-3.452205
-3.284758
-0.860457
-2.374024
-2.538848
-2.565358
-3.291340
-2.546559
-2.499017
-1.080895
-2.376391
-3.289694
-2.378764
0.301341
-2.315441
-0.368424
0.652785
-2.375208
-2.792709
-2.372840
0.303639
-1.273946
-3.291340
0.041250
-0.043225
-2.945015
0.892690
-2.505443
-2.664012
0.449021
0.148245
-1.482474
-2.374024
-1.075644
1.221933
-1.297596
-1.150809
-0.110599
-2.504157
-3.289694
-3.291340
-2.506728
-2.983968
-2.746988
-3.292986
-2.305410
-2.109839
-2.369287
-1.387900
-0.986763
-2.473319
-2.762529
-1.085762
-2.999550
-2.368106
-2.436198
-1.103128
-0.943422
-1.349841
0.147871
-3.005787
-1.793720
-3.296279
-1.079273
-1.838704
0.292766
-0.189385
-2.074841
-2.375208
-1.585610
-0.656126
-2.955266
-3.302859
-3.292986
-1.500567
-2.502875
-2.046824
-2.749960
-2.342590
-3.286402
-0.214377
-3.301215
0.344751
-0.424565
-2.374024
-1.196583
-1.965562
-0.379365
-1.994158
-1.200543
-0.932796
0.301553
-2.466900
-1.827183
-1.587442
-0.288828
-2.081738
-0.118675
-2.574823
-3.017113
-1.867431
-0.385319
-2.374024
-2.738842
-1.389098
0.406197
-3.302859
-2.064470
-1.076499
-3.159485
-1.632184
-1.621986
-3.292986
-0.574733
-0.909832
0.304962
-3.292986
-2.375208
-1.638580
-3.294631
-2.996435
-1.578120
0.306047
-2.246147
-2.376391
-0.199553
-0.699110
-2.505443
-2.386920
-2.993321
-0.449927
-0.160590
-2.369287
0.304555
0.370597
-0.682168
-2.374024
0.430408
-3.299570
-2.523431
-1.652208
0.067210
-1.084682
-0.071708
0.764881
-3.299570
-3.057185
-3.004229
-0.818681
-2.284563
-2.368106
-0.725564
0.421572
-1.758195
0.432138
0.296749
-0.458906
-2.573540
-3.299570
0.152437
-0.352553
1.284917
0.664440
-3.283111
-1.029888
-2.565828
0.350450
-1.643156
0.305783
-3.294631
-0.043199
-0.462385
-3.296279
-3.283111
-2.372840
-1.444546
-3.158070
-2.372840
-1.761806
0.398412
0.983688
-1.041944
-2.074885
-2.498763
-1.083058
0.303024
-1.930858
-2.278589
-2.496448
-2.378764
0.304248
-2.372840
-3.299570
-1.955815
-2.370473
-3.291340
-2.014536
-3.297923
-2.409276
-3.008902
-2.461758
-1.488590
-2.188351
-3.299570
-3.016690
-1.550264
-3.292986
-2.377578
-3.289694
-2.103262
0.297832
-2.375208
-0.630298
-2.372840
-0.483707
-1.706244
0.427174
-2.517007
-0.736325
-2.580015
-2.378764
-1.588001
-0.468251
-2.374024
-1.284168
-1.528213
-2.997993
-1.197844
-2.481030
-1.037072
0.967949
-2.500302
-3.299570
-2.825938
-2.960163
-1.675953
-0.469338
-0.817842
-1.081979
0.045517
-2.370473
-2.887963
-3.134689
0.465611
-2.377578
-3.297923
-2.999550
-1.086149
-1.496222
-2.377578
-1.315900
-1.134503
-2.742862
-2.655911
-1.086199
-1.048680
-0.435024
0.897766
-2.368106
-3.007347
-2.472035
-2.913852
-2.215464
-0.850220
-0.877034
0.273970
-3.296279
-3.292986
0.219647
-1.444818
-1.969476
-3.296279
-2.052447
-2.572127
-0.535398
-1.035992
-2.362824
-2.493876
-3.296279
-2.375208
-0.840771
-1.584303
-3.192603
-2.379945
-2.205163
-1.622441
-0.611197
-0.394379
-2.490024
-2.375208
-3.288050
-2.101069
-2.372840
-2.376391
-3.340161
-3.284758
-3.318983
-0.974861
-2.096510
-2.087894
0.528946
-3.652952
0.215600
-0.338341
-3.534856
-1.840866
-1.468742
-2.570969
0.343229
-2.351657
-2.375208
-0.282493
0.303255
-2.414218
-2.875504
-2.376391
0.047132
-2.372840
-3.301215
-2.669788
-2.580265
-1.823693
-2.497735
0.287449
0.038877
-3.005787
-3.769551
-2.381131
-0.935199
-1.264822
-2.080234
-2.641268
-2.095315
-3.289694
-2.818261
-2.679768
-0.126385
-0.444466
-1.358488
-0.461700
-1.049518
-3.646916
-1.278884
-3.299570
-1.689611
-1.110311
0.399516
-2.369287
-1.086199
-1.206390
-2.843815
-1.696339
-3.296279
-1.096391
0.893464
-3.600116
-2.383498
-0.522576
-3.065296
-2.377578
-2.461242
-1.085658
-3.296279
-0.342068
-2.376391
-1.037617
-0.447169
-0.757349
0.299069
-2.247195
-3.279822
-0.613299
-2.826872
-3.292986
-2.374024
-2.484884
0.006361
-3.294631
-1.126466
-1.901946
0.286675
-3.339300
-1.077648
-2.890480
-2.492432
-1.078191
-3.391316
-0.230951
-3.294631
-3.292986
-1.690273
-2.371657
-2.370473
0.040978
-2.469467
-2.926318
-2.119551
-2.167552
-1.564046
-1.585913
-3.648545
-2.044308
-2.860916
-3.257551
0.306047
-1.141767
-3.299570
-1.246222
0.521615
-2.398799
-0.039652
-0.629766
0.300930
0.382994
-2.558120
-2.999550
-2.514436
-2.926932
-1.058174
-2.379945
-0.422746
-1.176026
-3.297923
0.750060
0.039317
0.400576
-2.797220
0.652151
-1.585019
-1.456174
-1.198992
-0.718381
-2.905420
-2.104455
-0.078793
-0.931790
0.304862
0.490221
-3.027337
-1.707030
-3.296279
-3.301215
-1.803486
-0.874625
-2.532207
-2.201462
-0.526854
-1.022613
-2.419419
-1.064095
-2.865546
-1.081496
-2.520857
-3.289694
-1.403826
-2.790044
0.426101
-2.372840
1.005854
-2.370473
0.047274
-1.006126
-2.381131
-3.331546
-0.497346
-2.131084
-2.792813
-2.572429
-2.371657
-2.475893
-3.296279
0.301651
-2.308394
-1.178498
-2.379945
-1.175695
-2.514909
-2.369287
-1.984830
-3.291340
-1.983733
-3.030251
-2.374024
-3.292986
-2.580899
-0.862962
-2.378764
-1.636881
-1.081435
-2.371657
-2.505443
-1.123636
-3.296279
-2.741795
-3.488556
-2.314499
-1.463936
-0.475587
-0.549628
-1.883898
-0.203242
-1.815859
0.307129
-2.374024
-0.324756
-1.414669
-2.963712
-2.274358
-0.955065
-0.269673
-1.420926
-2.990203
0.518042
0.313286
0.719133
-1.058177
-1.630937
0.877248
-1.082517
0.911537
-3.292986
-2.811185
-2.792444
-0.401804
-0.416675
0.284969
-1.095014
0.376051
-2.582456
0.374036
-3.004229
-2.913236
-3.289694
-2.296936
-2.374024
-2.415842
-1.028133
-0.272033
0.309144
-2.838750
-1.813128
-1.694644
-1.218580
-3.522847
-0.199019
-2.478462
-2.377578
0.033524
-2.372840
-0.770194
0.432138
-2.674399
-2.370473
-2.461758
-2.151869
-2.436143
-1.921994
0.295826
-1.023551
-2.482316
-3.292986
1.032480
-1.225716
-2.340249
-2.006225
-0.037997
-1.481341
-1.592939
-0.761366
-1.819674
-2.378764
-0.931196
-1.701440
-2.896109
-0.454049
0.888371
-2.999733
-1.064128
-3.288050
0.676934
0.007458
-0.837330
-3.291340
-3.884713
-1.441279
-3.007347
-2.379945
-2.385864
-3.286402
-3.228478
-2.122997
0.861492
-2.499793
-0.708847
-3.456071
0.428033
-3.361864
-0.361763
-0.415465
-3.616158
-2.990203
0.390975
-1.630937
0.151737
-1.937038
-1.094400
-2.053914
-2.240530
0.115190
-2.374024
-1.685451
-0.205635
-2.377578
0.149879
-2.296591
0.889297
-3.302859
-1.152978
-2.365736
-2.464816
-2.898027
-1.645878
-1.689545
-3.302859
-0.230056
-2.987125
-1.545988
-2.578792
-2.376391
-1.618445
-0.337153
-2.384584
0.123657
-2.372840
-3.299570
-1.034912
-2.371657
-2.506728
-2.817189
-2.372840
-3.291340
-3.299570
-1.087287
-1.703420
-0.418126
-2.375208
-0.476536
-3.296279
-3.622742
-3.286402
-1.921067
-2.553269
-1.975196
-0.452758
-2.006863
-2.005665
-1.262974
-2.576109
-3.572910
-0.057569
-2.910734
0.303180
-1.430895
-2.377578
-0.869693
-1.466061
-1.013251
0.305274
-1.466777
-2.425783
-2.376391
-3.013576
0.528432
-3.291340
-1.197788
0.301799
0.003404
-1.030042
-2.292345
-1.692943
-2.370473
-2.126292
-2.081234
-2.690609
-1.131123
-0.218915
-3.291340
-1.758716
-2.483599
-1.897018
-3.044730
-2.504157
-2.484884
-0.388987
-1.079814
-2.767462
-2.486169
-2.374024
-0.865925
-1.602857
0.532805
0.506350
-2.936596
-1.173623
0.046984
-1.689545
-3.292986
0.888995
-2.576104
-2.502231
0.297212
-2.396621
-1.023673
-1.726617
-2.372840
-0.817533
-0.488938
-1.870782
0.381085
-0.900209
0.798511
0.912004
-1.823130
-0.349152
0.425652
-2.376391
0.426733
-0.229116
0.356714
-2.691448
-1.239354
-2.930994
-1.448227
-2.376391
-3.301215
-1.931479
-1.273276
0.651446
-0.177644
-2.934111
0.321958
-2.377578
-2.754346
-0.196673
-1.583053
-3.302859
0.291015
0.303639
-0.873030
-2.368106
-2.374024
-2.371657
-2.588674
-0.065308
-2.505443
-2.376391
0.291691
-2.522024
0.218969
-1.212961
-2.576109
-1.948747
-2.248392
-0.607458
0.287251
-3.297923
-3.291340
0.150808
-1.658967
-2.773750
-3.248554
0.307287
0.102625
-1.079273
-0.511982
-2.080949
-0.519648
-1.223517
-2.375208
-2.490024
-2.385864
0.300466
-3.448850
-3.296279
-3.010460
-0.618031
-2.371657
-3.281466
0.306976
-1.880546
-1.632632
-1.935034
-0.414161
-1.548846
-2.028513
-0.841440
1.038788
0.048666
-1.649740
-2.377578
-2.300963
-2.493876
-3.527778
-1.612202
-1.579117
-0.714858
-1.561281
-2.461793
-1.730502
-2.049530
-3.291340
-2.801160
-1.837487
-2.378764
-0.351673
-1.617343
-2.458243
-3.017161
-1.648918
-1.499735
-2.372840
-1.702286
-3.005787
0.153680
-0.387430
-1.077648
-0.271956
-2.495164
-0.656500
-2.372840
0.390376
-3.301215
-3.199234
-0.375737
-0.133295
-1.655505
-3.291340
0.296284
-3.456071
-2.821561
-2.887255
-1.644523
0.569790
-2.374024
-1.485728
-2.855168
-2.821270
-1.924308
-0.851299
-3.000922
0.303639
0.283732
-0.757723
-1.799164
-1.201400
-3.580665
-0.068411
-2.147318
-3.291340
0.457611
-0.908431
-2.375208
-2.356266
-2.688371
-2.129858
-0.359959
-0.446287
-0.779840
-1.916108
0.387782
-2.718084
-1.971215
-1.709780
-3.674301
-3.296279
-2.374024
-2.696328
-2.177016
-2.226019
-0.365009
0.284498
0.353494
-2.031303
-2.414324
-1.012949
-0.626284
-2.365736
-0.430753
-1.076026
-3.139489
-1.648918
-2.365736
-2.817458
1.040359
-1.654680
-0.937655
-0.537181
0.306823
-2.788111
-0.274464
-1.174615
-1.082517
0.050727
-0.448446
0.893464
-1.428714
-1.069598
-2.538848
0.292565
-3.288050
-3.461489
-1.692943
-2.372840
-1.874620
-3.212085
-0.364182
-1.933896
0.301493
-2.375208
0.992377
-3.288050
-3.296279
-3.744742
-3.289694
-2.370473
-0.175006
0.303722
1.597109
-2.376391
-2.225501
-0.781867
-2.375208
-3.000729
0.303792
-0.357851
0.307441
-2.655349
-1.627571
-1.409053
-2.308161
0.143414
-3.702232
-2.378764
-3.287538
-0.802804
-2.916968
-2.370473
0.290859
-1.496399
-2.488741
-3.299570
-2.595011
-2.371657
-2.641191
-2.374024
-1.090292
-1.558987
0.522974
-2.430922
-0.720231
0.148495
0.302795
-1.683815
-0.675868
-0.511915
0.893464
-1.133582
0.150962
-2.376391
-1.855894
-1.433499
-2.364550
-2.356170
-1.948065
-2.093392
-2.374024
-1.695493
0.801247
-1.583172
-3.297923
0.531391
-1.053991
0.152279
-3.416368
-2.753065
-2.372840
-2.653905
-3.298194
-3.296279
-2.369287
-2.372840
-2.568399
0.297511
-1.163400
-2.375208
0.428246
-0.501155
-2.368106
-2.795429
-1.354194
0.392566
-1.201476
0.305581
-0.125473
-1.225469
-3.046136
-3.423266
-2.599470
0.303411
-1.079814
-3.299570
-2.578676
-1.024884
-3.299570
0.386782
-1.695493
-3.284758
-3.010460
-2.251929
-2.328054
-1.779518
0.159297
-0.926907
-3.289694
0.304802
-3.201003
-1.048980
-1.079273
-2.561948
-0.068186
-3.292986
0.303331
-2.830290
-0.549071
-3.299570
-3.291340
-2.382313
-2.969944
-3.304507
0.756350
-1.081435
0.351022
-2.502875
-2.741982
-2.754912
-2.248463
-1.789955
-1.824086
0.424390
-0.611690
-0.429039
-2.475893
-3.038508
-3.296279
0.751602
-3.297923
-1.245155
0.652450
-2.081660
-2.856678
-2.701646
-0.339372
-3.226136
-2.366920
-1.823284
0.302258
-2.334105
-0.054472
0.522974
-3.289694
0.304248
-2.372840
-1.075486
-2.377578
-1.077648
-1.668725
-3.276529
-2.824083
-1.078731
-0.927030
-3.166069
0.823953
-3.335759
0.386387
-2.379945
-1.079814
-1.064664
-2.490024
0.382195
-1.633482
-2.987086
-1.547670
-3.019809
-1.637275
-0.736382
-2.278116
-2.893594
0.294735
-1.082944
-2.921641
-3.289694
-1.633813
-0.178751
-3.296279
-3.012457
-1.554897
-2.375208
0.406845
0.742344
-2.470043
0.274434
-1.564676
-1.690838
0.395821
-3.016690
-0.359960
-1.619889
-1.085658
0.302108
-0.923712
-2.019226
0.627689
0.302017
-1.714222
-0.920982
0.632250
1.211353
-0.646991
-1.081313
-1.544019
-1.037617
-2.753065
1.992959
-2.501589
0.305425
-2.964076
-3.297923
-3.075234
-2.946574
0.303255
0.338160
-3.299570
-1.123046
-2.080234
-3.288050
0.050704
-0.220160
1.580079
-1.940044
-2.368106
-3.013576
-2.370473
-2.766181
-3.291340
0.305274
0.402775
0.307751
-2.370473
-2.378764
-2.365736
0.304555
-3.291340
0.311397
-2.538848
-2.784096
-0.706779
-3.291340
-1.072629
-1.354955
-1.835753
-3.291340
-2.889124
-2.510578
-0.037274
0.676239
-1.079814
-1.478510
-2.252921
-0.514544
-3.297923
0.300422
-3.284758
0.302017
-0.478625
-1.404350
-3.292986
-2.379945
-0.707469
1.040359
-1.045797
-0.310837
-3.289694
-1.155324
0.049132
-0.038533
0.532805
-2.504949
-1.861725
-2.856196
-0.200193
-4.046190
-2.754127
-3.005787
-1.082944
-1.282443
-0.316048
0.278929
-2.415676
-2.382313
-2.549125
0.431706
-2.376391
-2.474607
-1.412280
-0.711800
-4.024067
-0.200543
-0.400273
-2.341505
-2.774673
-2.371657
-2.322394
-2.368106
0.677983
0.304340
-3.284758
0.304248
-3.299570
-0.646993
-0.565263
0.223813
0.425872
-1.034030
-0.596065
-2.369287
-1.925292
-2.786699
-1.780775
-2.591265
-1.966249
-1.583108
-1.020401
-2.073653
-2.447624
-3.094626
-1.652208
-3.221776
-0.512268
0.297987
-0.424222
-3.604059
-2.362544
-3.297923
0.372022
-2.372840
-3.286402
0.393577
0.899952
-2.058302
-0.978649
-2.562674
0.300115
-2.113131
-2.381131
-2.500177
-2.475893
0.156136
-2.758137
-0.714809
0.141138
-2.064884
-2.381131
-3.007520
0.797689
-0.065805
-1.693793
-2.466900
-2.374024
-2.372840
-2.058302
0.262598
-3.302859
-1.194438
-2.934111
-3.025359
-1.489373
-2.378764
-0.363921
-2.342248
-1.035948
0.306665
0.069721
-2.618703
-2.803231
-2.783859
-3.012017
-2.372840
0.646048
0.286211
-3.010460
0.300880
-2.283741
-1.703137
-2.496448
-1.194776
-2.371657
-2.483599
-3.292986
-3.465384
0.512301
-3.279822
-3.286402
-1.649740
-1.150786
-1.074946
-2.371657
-3.291340
-2.069843
-2.930469
-2.121903
-2.412603
0.003338
-2.374024
0.819321
-2.794212
-1.681887
-1.869298
0.331064
0.368515
0.300573
0.425438
-1.284168
-2.641536
-3.022919
-3.137402
-0.780652
-1.086199
-3.595037
-2.480348
0.307287
-1.077109
-3.134417
-3.409149
-2.750150
0.904125
-2.366920
-3.292986
-2.376391
-1.715238
-0.457934
-2.374024
-3.297923
-1.568181
-2.151869
-2.377578
-1.688429
-2.379945
-3.286402
-3.291340
-0.525301
0.305738
0.369838
-1.082517
-0.479499
-2.988646
-1.911428
-1.511731
-1.069965
-0.161018
0.426733
-2.370473
-2.468184
-1.013812
-2.514436
-2.809246
-3.297923
-2.786699
1.034607
-2.808108
-3.383308
-2.371657
-2.374024
-1.129937
-2.905310
-1.099718
-3.456071
-2.469239
-1.797663
-1.599894
-2.768480
-3.297923
-2.369287
-3.299570
-2.374024
0.957304
-2.988646
-2.487452
-2.374024
-0.378922
-2.983968
-2.370473
-0.361040
-2.368106
-2.120805
-2.110135
-3.304473
-1.125605
0.290162
-1.927511
-3.288050
-0.044553
-2.669457
-1.558200
-1.609698
-2.934111
-2.583819
0.301183
0.295044
1.072077
-3.306155
-2.828849
-1.240260
-1.044111
-1.443393
-2.798542
0.223582
-1.078731
-1.634778
-2.376391
-2.372840
-2.377578
-2.495164
-3.288050
0.194793
1.019362
-1.905605
-0.216744
-2.477178
-3.289694
-3.284758
-2.374024
0.429542
-0.910066
0.349310
-0.879268
-0.985442
-2.135064
-3.286402
0.074724
-0.814498
-1.473959
-2.940339
0.390975
-2.374024
0.669955
-2.382313
-2.370473
-3.297923
-0.349152
-2.478462
-2.374024
0.047203
-3.309597
-1.651387
-2.492596
-3.292986
0.121373
-0.684336
0.300422
-3.278175
-0.538952
-2.861405
-2.805515
0.341139
-1.029414
-2.495164
-2.377578
-3.296279
-2.370473
-1.142034
0.341042
-0.070385
-2.368106
-2.374024
-2.377578
-2.570969
0.302017
-2.370473
0.876274
-2.371657
-2.363369
-2.378764
-3.307797
-3.301215
-2.836299
-2.574823
-2.376391
-0.322762
-2.987086
-0.921436
-2.372840
-2.725586
-0.116578
0.489465
-3.033834
0.373190
-1.080228
-3.292986
-2.378764
-3.240608
-2.376391
-2.370473
-2.368106
-2.563259
0.353113
-2.565828
-3.291340
-1.502348
0.905051
-3.296279
-2.379945
-2.369287
-3.296279
0.045409
-2.804734
-2.125194
-3.506245
-2.370473
-3.289694
-2.377578
-2.374024
-1.077648
-2.531662
-2.375208
-0.332349
0.278154
-2.377578
-1.176108
-1.208785
0.302108
-1.051151
-3.288050
0.302719
-3.296279
-1.279122
-3.296279
-2.372840
0.426952
-3.291340
-2.377578
-3.291340
-2.990203
-2.370473
-1.084682
-2.371657
-0.369525
-2.376391
-1.648918
-2.372840
-1.049518
-1.021041
-3.005787
-2.510578
-1.455566
-2.374024
0.828384
-0.382377
-3.296279
-1.132147
-3.292986
-2.966829
-2.888922
-3.288050
-3.470510
0.299539
-2.576109
-3.291340
-1.168438
-3.301215
-3.301215
-2.372840
-2.374024
-3.294631
0.424354
-1.078191
-2.376391
-2.824286
-3.291340
-3.289694
-2.581251
-3.291340
-3.288050
-2.374024
-2.748994
0.301341
-2.376391
-3.292986
-2.569684
-2.520857
-3.289694
-2.014758
-2.300112
-1.118951
-2.369287
-0.473385
-2.684360
-2.376391
0.306665
-0.626542
-2.917857
0.874931
-3.292986
-2.370473
-2.377578
-3.283111
-3.296279
-1.648095
0.301651
-2.515722
-3.296279
-3.294631
-2.558642
-2.608032
-0.823960
-3.289694
-3.296279
-2.371657
-2.381131
-2.370473
-2.374024
-0.527247
-2.374024
-2.368106
-2.377578
-1.605568
-1.043472
-2.369287
-1.699738
-2.052825
-1.062502
-3.294631
0.743114
0.153080
-3.288050
-2.369287
-2.570969
-0.279602
-0.457004
-2.366920
-2.375208
-2.381131
-3.297923
-3.292986
-2.375208
-1.021929
0.458700
-1.654680
-2.366920
-1.692943
-2.374024
0.381596
-0.780682
0.426733
-2.378764
0.425674
-0.382960
-2.506728
-3.291340
-2.377578
-3.296279
-3.299570
-3.304507
0.304962
0.797689
-2.378764
-0.774410
-1.700588
-1.689545
-2.021515
0.375209
-3.292986
-2.376391
-2.370473
-2.371657
-3.289694
-1.649740
-1.194776
0.801796
-1.713497
-2.375208
-2.378764
0.151580
-3.297923
-1.873026
-3.297923
-2.569684
-2.371657
-3.289694
-2.381131
-1.847691
-1.607270
-2.375208
-2.486169
-3.289694
-3.299570
-2.376391
0.048357
-3.292986
-3.301215
-1.648918
-1.698892
-2.370473
0.900416
-2.996435
-2.369287
-1.669161
-2.110934
0.910613
-3.116157
-2.371657
0.049154
-1.474031
-2.569684
-3.299570
-2.369287
-2.513152
-3.821925
0.293340
-0.794626
-0.931010
0.297832
-1.935832
1.031496
-1.101432
-1.198992
-3.299570
-2.371657
-1.819502
-1.086366
-4.022106
-2.375208
0.986850
-2.370473
0.913858
-2.374024
-3.297923
0.301553
-3.296279
-2.372840
0.289398
0.152667
-3.296279
-2.378764
-2.375208
-2.410898
-0.784205
-3.283111
-2.382313
-1.941975
-0.866302
-1.077648
-1.077109
0.152120
-2.945015
-1.694057
-2.365736
-2.591511
-1.589646
-2.375208
-2.371657
-0.023509
-1.333120
-3.299570
-1.079273
-2.371657
-2.377578
-3.297923
-3.291340
-2.368106
-2.375208
0.289931
-3.291340
-3.292986
-3.297923
-2.516005
-1.655505
-1.805840
-1.590965
0.430192
-1.078191
0.218635
-3.289694
-0.521813
-1.967529
-2.182905
-3.284758
-2.081933
-3.306155
-0.178285
0.367993
-2.375208
-3.289694
-3.001111
0.126753
0.383302
-2.505443
-2.379945
-2.375208
-2.483599
-3.284758
-2.472035
-3.297923
-3.050309
0.301954
-3.292986
-2.370473
-2.572253
-1.781069
-3.299570
-3.297923
-0.473141
0.846159
-2.370473
0.906439
-2.366920
0.301030
-3.301215
0.487457
-3.299570
-3.031819
-3.288050
-2.916968
-2.001070
-2.825938
-0.236408
-3.292986
-2.228627
-2.941900
-2.374024
-2.275459
-3.292986
-2.374024
-1.533563
-2.464328
-2.370473
0.151814
-2.372840
-2.477178
-3.289694
0.357292
-3.289694
0.237507
-2.371657
-3.294631
-2.370473
-2.777677
-2.377578
-3.291340
0.301493
-2.873936
-1.899750
-1.598702
-1.635627
-2.504157
-2.375208
-2.366920
-3.288050
-3.021371
-3.414564
0.293802
-0.995962
-3.297923
-3.259357
-0.665440
-3.297923
0.303180
-2.377578
-0.538136
-0.271525
-0.538621
-2.577394
-1.594507
-2.382313
-2.460825
0.531986
-3.291340
-1.179181
-2.358577
-3.284758
-2.371657
-3.286402
-2.375208
-2.381131
-2.371657
-2.375208
-3.294631
0.302719
-2.370473
-3.251420
-3.296279
-2.381131
-2.375208
-3.294631
-2.377578
-2.375208
-2.336255
-2.370473
-3.294631
-2.370473
0.798918
-0.416707
-1.187549
-1.243155
-3.302859
-1.933146
-2.659680
-1.079273
-0.390204
-3.284758
-2.495164
-1.580762
-3.294631
0.297059
-3.294631
-2.366920
-3.012017
-3.294631
-2.382313
-2.376391
0.426960
-2.375208
-2.372840
-2.372840
-1.592939
-2.308793
0.275361
-2.477178
-2.340871
-3.297923
-2.327448
0.407494
0.403820
-3.005787
0.306047
-3.292986
-2.468872
-2.374024
-2.377578
-2.372840
-2.377578
-3.306155
-2.368106
-2.570969
0.425459
-2.365736
-3.286402
-2.370473
-3.281466
-3.291340
-2.622812
-3.296279
-1.018917
-2.375208
-2.376391
-1.083487
-2.372840
-1.698892
0.913858
-2.370473
-2.379945
-2.562674
0.302872
0.152120
-2.363369
-2.375208
-3.299570
-3.291340
0.882926
0.303566
-2.377578
-3.283111
-3.294631
-2.030850
-3.296279
1.346764
-3.294631
-2.950572
-2.375208
-3.296279
-3.294631
-3.289694
-2.191093
-2.370473
-2.371657
-1.081979
-2.375208
-2.374024
-3.021371
0.469657
-2.371657
-2.372840
-3.296279
-2.375208
-3.301215
-3.297923
-2.572253
-3.296279
-2.376391
-1.566277
-3.022927
-2.108743
-2.374024
-2.474607
-3.299570
-0.698357
-3.296279
-1.546828
-3.297923
-1.649740
-2.370473
0.407279
-2.896709
-0.324271
-2.376391
-2.382313
-2.371657
0.762162
-3.915148
-2.377578
-3.289694
-1.652208
-2.372840
-2.488741
-2.381131
-1.444963
-2.375208
-3.294631
0.530304
-2.379945
-0.366732
-2.582818
-2.376391
-2.375208
0.285901
-2.576109
-3.292986
-2.572253
-3.297923
-0.877608
-2.374024
-3.291340
-1.691467
-3.301215
-2.259932
-2.372840
0.533079
-2.374024
0.274277
0.155026
-3.291340
-3.291340
-3.301215
-3.299570
0.532256
-0.178751
-2.372840
-2.370473
-3.297923
-2.567115
-2.376391
-2.371657
-1.510606
-1.037276
-3.297923
1.040881
0.051014
-0.176627
-2.848786
-1.646449
-1.085658
-3.291340
-2.371657
-2.377578
-3.297923
-2.371657
-0.415133
-2.378764
-1.149815
-3.292986
-2.374024
0.304555
-3.286402
-3.291340
0.152821
-2.377578
-2.376391
-0.322089
-1.248748
-2.374024
-2.377578
-3.296279
-2.384681
-2.370473
-2.574823
-1.699738
-3.284758
-3.007347
-2.437346
-3.288050
-2.377578
-2.376391
-2.376391
-3.292986
-2.374024
-2.377578
-3.297923
-2.374024
-2.372840
-2.379945
-2.376391
-1.425893
0.028534
-1.250549
-2.478462
-3.291340
-3.294631
-2.991764
-0.059953
-2.437761
-2.376391
-3.286402
0.047488
-0.410397
-1.182554
-2.377578
-2.577394
-2.378764
-1.861976
-3.297923
-2.375208
-3.015134
-2.375208
-2.760754
-3.296279
-2.569684
-2.378764
-2.385864
-3.301215
0.384578
-3.281466
-1.958932
-3.286402
-1.040861
-2.376391
-2.370473
-3.294631
-2.372840
-2.374024
-3.294631
0.605530
-1.650564
-3.043103
-3.291340
-2.372840
-3.291340
-2.001162
-2.302011
-2.374024
0.304248
0.302636
0.986309
-2.469467
-2.671233
-3.294631
-3.297923
-3.291340
-1.403636
-3.016690
-2.370473
-2.379945
0.893929
-3.292986
-2.377578
-1.895825
-2.536279
-3.291340
-3.296279
-3.289694
-0.069300
-3.299570
0.531712
-2.371657
-2.366920
-3.294631
-2.366920
-3.294631
-2.371657
0.300573
-3.484947
-3.296279
-3.291340
-3.291340
-3.291340
-2.372840
-2.364550
-2.371657
-2.376391
-3.296279
-2.377578
-2.371657
-3.297923
-2.372840
-2.240357
-2.327308
-2.757867
-3.294631
-3.007347
-3.291340
-1.500191
-3.297923
-3.292986
0.346652
-2.374024
-2.374024
-0.947430
0.967616
-3.306155
-2.376391
-3.297923
-2.370473
-2.815735
-2.999550
-2.108743
-1.026988
-0.763460
-2.533708
-0.871823
-2.426606
0.302413
-3.299570
0.426745
-2.375208
0.307129
-2.371657
-3.299570
-2.492596
0.430625
-0.124784
-2.371657
-1.192652
-2.565828
-2.376391
-2.378764
-2.377578
-3.289694
-3.294631
-2.381131
-3.299570
-1.017782
-2.379945
-2.378764
-3.296279
-2.371657
0.305581
-2.372840
-3.289694
-3.304507
-2.809905
-3.021371
-3.286402
0.222552
-3.609712
-2.372840
-2.786699
-0.894306
-2.371657
-2.541417
-2.496448
-3.289694
-3.301215
-0.042660
-3.292986
-2.469467
-2.372840
-3.292986
-3.296279
-2.505443
-2.374024
-1.213103
-3.296279
-3.299570
-3.286402
-3.018253
-0.322089
-3.225493
-2.372840
-2.371657
-1.100285
-1.543301
-3.295020
-2.369287
0.307904
-2.374024
-1.146258
-2.578676
-3.296279
0.760095
-2.375208
-2.490024
-3.289694
-0.121940
-2.768660
-1.693793
-1.248570
-2.372840
-2.375208
-1.693793
-2.374024
0.651115
0.284662
-2.372840
0.914322
-1.082154
-2.824480
-2.537563
-2.374024
-2.374024
-1.653860
-1.351082
-2.377578
-1.079273
-2.918526
-3.292986
-0.040854
-2.372840
-3.243617
-2.450472
-2.660041
-1.193572
-3.283111
-2.375208
-1.283025
0.431271
-2.377578
-3.296279
-2.374024
-2.374024
-3.075559
-3.465995
-0.787758
-1.795825
-3.284758
-2.372840
-0.062707
-2.539621
-2.372840
-2.369287
0.890685
-2.375208
-2.372840
-2.366920
-2.365736
-2.776637
-2.375208
-2.999550
-3.289694
-2.381131
-2.371657
-3.279822
1.092189
-2.372840
-3.306155
-2.577394
-3.296279
-3.291340
-3.274887
-2.543987
-3.296279
-2.370473
-2.372840
-3.297923
-1.654680
-2.369287
-3.297923
1.046633
-3.296279
-0.515707
-3.292986
1.316125
-3.029160
-3.015134
-3.302859
-3.089909
-0.801264
-2.368106
-2.381131
-2.377578
-3.299570
-3.286402
-3.286402
-3.012017
-2.383498
-0.600840
-2.496448
-2.372840
0.424354
-3.289694
-2.376391
-2.371657
-3.289694
-0.464728
-3.291340
0.891149
-2.571372
-0.957319
-3.297923
-0.624591
-3.297923
1.046119
-0.372187
-0.543580
-2.061995
-3.291340
-3.027600
-3.291340
-2.568399
0.300422
-0.767662
-2.374024
-1.839831
-2.568399
-2.370473
-2.368106
-2.372840
-3.297923
-2.551280
-1.208266
1.022980
-0.473631
-2.374024
-3.007347
-0.561609
-2.198459
-2.378764
-2.376391
-2.371657
-3.289694
-2.372840
-2.375208
-1.243482
-3.286402
-2.370473
0.263279
-3.292986
-2.576109
-1.086742
0.384710
-3.291340
0.151227
-2.371657
-2.377578
-2.374024
-2.780970
-2.568399
0.300880
-3.292986
-2.371657
-2.378764
-3.286402
-1.188641
-3.284758
1.042450
-1.814038
-3.291340
-3.289694
0.151116
-1.974491
-2.565828
-3.297923
-1.019261
-1.685355
-2.377578
-2.374024
-2.369287
-2.365736
-1.864848
-2.375208
0.889456
0.684856
-2.378764
-0.556300
-2.809905
1.214464
-2.377578
-2.378764
0.303639
0.308525
-2.376391
-3.288050
-2.375208
-2.378764
0.303099
-2.125974
-3.461489
-1.266001
0.079612
-3.283111
-2.491313
-3.291340
-1.906958
-3.299570
-0.333108
-3.296279
-1.592266
-2.368106
-2.378764
-2.374024
-0.451753
-3.301215
-3.002671
-2.857814
0.218184
-3.292986
-3.102088
-2.861084
-1.052223
-1.085010
-2.379945
-4.196891
-3.867363
-2.567115
-2.379945
-3.296279
-3.291340
-3.294631
-3.021371
0.385988
-3.291340
-2.365736
-2.789537
0.371166
-2.376391
-3.291340
-3.286402
-1.583059
-3.296279
0.757776
-0.561213
-2.488741
-2.372840
-2.576109
-1.793230
-2.895143
-1.122464
-1.499822
-1.730827
-0.978952
-1.568924
-2.375208
-2.446339
-3.284758
-3.297923
-3.286402
-2.371657
-3.289694
-1.689545
-0.470586
-2.368106
-3.297923
-2.377578
-3.297923
-2.365736
-2.573540
-2.374024
-2.568399
-3.289694
-1.271043
-2.564544
0.152588
-2.378764
-3.307797
-2.366920
-1.083487
-2.487452
-2.813082
-2.379945
-3.291340
-0.362908
-3.291340
-2.256824
-0.019023
-2.372840
-1.890907
-2.371657
-2.378764
-2.372840
1.047166
-2.378764
-2.376391
-1.278548
-2.374024
0.951830
-1.653035
-3.294631
-0.912371
-1.815859
-2.378764
-1.648095
-2.376391
-3.289694
-1.082399
-2.375208
-2.537563
-2.372840
-2.601000
-2.377578
-1.180804
-0.728509
-1.942051
-2.381131
-2.377578
-3.292986
-2.655349
-2.572253
-3.304507
-3.626721
-2.364550
-2.486169
-3.284758
-2.370473
-3.289694
-3.297923
-0.562371
-0.813455
-2.366920
-2.492596
-2.837596
0.680076
0.412251
-0.044642
-3.296279
-2.681771
-2.488741
-2.377578
-3.001111
-1.809486
-3.291340
-3.297923
-2.378764
-2.834679
-2.377578
-2.374024
-2.375208
-2.574823
-2.379945
-2.378764
-2.375208
-3.296279
-3.251844
-3.286402
-3.311088
-1.653035
-2.378764
-1.657151
-2.382313
-3.289694
0.603557
-2.581251
-2.371657
-2.370473
-2.376391
-2.371657
-2.371657
-3.296279
-3.289694
-3.289694
-3.296279
-2.379945
0.918489
-2.993321
-3.288050
0.304031
-3.297923
-3.283111
-2.383498
-2.375208
-1.692093
-3.619664
-1.686148
-0.557458
-2.370473
-2.374024
-3.291340
-0.464868
-2.375208
-1.479372
-2.379945
-1.190571
-3.301215
-2.375208
-3.301215
0.409655
-2.573540
-1.651387
-3.294631
-3.297923
-3.292986
-2.375208
-2.372840
-2.377578
-3.294631
-3.304507
0.370977
-2.378764
-3.296279
0.152279
-3.292986
-3.279822
-2.381131
-2.378764
-2.946574
0.290929
0.304962
-2.377578
-2.372840
-2.977202
-2.374024
-3.296279
-0.564784
-1.046814
-2.372840
-3.289694
-2.382313
-3.289694
-2.377578
-2.376391
-3.292986
-2.382313
-2.372840
-3.022927
-3.015134
-2.368106
-1.698892
-3.289694
0.298431
-2.574823
-3.286402
-2.374024
-2.372840
-3.296279
-1.863361
-2.371657
0.421382
-1.338337
-2.374024
-3.289694
-3.292986
-3.297923
-2.372840
-3.301215
-2.374024
-2.497735
-2.376391
-3.281466
0.302872
-2.375208
-1.633482
-3.041719
-1.351326
-1.062502
-2.372840
-2.376391
-2.570969
-2.372840
0.306665
-2.825938
-1.445462
-1.459032
-2.377578
-3.016690
-1.859035
-2.372840
-2.371657
-3.294631
-2.479749
-1.704672
-0.140648
-2.364550
-2.372840
-2.368106
-3.296279
-3.012017
-2.996435
-0.763845
0.306823
-2.372840
-1.689545
-2.109839
-2.985529
-1.696339
-2.570969
-0.890795
-0.460361
-2.137179
-0.059953
-2.376391
-1.224838
-3.291340
-2.374024
-2.375208
-2.370473
-2.734090
0.223696
-2.904502
-1.783874
-2.379945
-1.589164
-1.700588
-3.301215
-2.375208
-2.376391
-3.306155
-1.796106
-2.370473
-3.297923
-0.773958
-1.141102
-0.805291
-2.370473
-2.374024
-0.537759
-1.075343
-3.301215
-1.640686
-2.381131
-2.378764
0.281941
-2.378764
-2.378764
-2.116424
0.843139
-2.370473
-3.292986
-2.377578
-2.576109
-2.371657
-2.882689
-2.371657
-2.375208
-3.288050
-2.366920
-2.372840
-3.302859
-3.294631
-2.371657
0.144884
-1.081435
-1.626691
-2.378764
-2.376391
-2.372840
-3.292986
-2.381131
-3.291340
-1.692943
-2.369287
0.878635
-2.378764
-2.379945
-1.697191
-1.077648
-3.289694
-2.377578
0.966042
-3.292986
-0.556453
-0.979730
-0.358400
-3.010460
-0.321416
-2.382313
-2.564544
-2.726101
-2.374024
-3.291340
-2.792709
-3.296279
-2.381131
-2.828849
-3.288050
-3.296279
-3.291340
-1.021330
0.649441
-2.368106
-1.197186
-4.421329
-2.374024
-2.378764
-2.561974
-3.289694
-1.822151
-3.288050
-2.377578
0.303566
-2.374024
-2.378764
-3.001111
-2.371657
-1.111930
-3.002671
-3.294631
0.303639
-2.484884
-0.986133
-1.393602
-2.708029
0.427598
-0.715989
-1.814949
0.302483
-3.520292
-2.483599
-2.376391
-3.296279
-2.375208
-2.377578
-3.289694
-2.323897
-3.302859
-2.375208
-3.289694
-2.948132
0.478722
-2.370473
-0.338520
-1.730670
-2.460423
-1.098059
-3.291340
-3.301215
-2.822111
-2.375208
-2.371657
-2.375208
-2.379945
-2.372840
-2.568399
-3.015134
-2.375208
-2.374024
-2.378764
-1.653860
-3.294631
-2.374024
-3.288050
-2.576109
-2.375208
-2.374024
-1.074946
0.468109
-1.658314
-3.289694
-2.372840
0.678684
-2.996435
-2.377578
-2.977283
-2.374024
0.791532
-1.241772
-2.376391
-3.292986
-1.037159
0.521595
-3.297923
-3.296279
-2.368106
-3.289694
0.152120
-3.307797
-3.294631
-2.368106
-2.376391
-3.292986
-2.515722
-2.375208
-2.368106
1.043495
-0.824033
-2.374024
-3.296279
-3.304507
-2.776637
0.304708
-2.377578
-2.378764
-0.172665
-2.568399
-1.594585
-1.123188
-2.808280
-3.304507
-2.569684
0.389580
-2.470750
-3.302859
-3.304507
-0.036175
-2.366920
1.037454
-1.650564
-2.372840
-2.487452
-0.612005
0.302947
-0.632767
0.279237
0.970570
-3.284758
-2.372840
-2.369287
-3.294631
-2.378764
-2.217643
0.042326
-3.015134
-2.372840
-2.377578
-2.375208
-3.296279
0.528133
-2.374024
-2.377578
-1.618028
-2.483599
-2.375208
-1.121851
-0.294339
-2.570969
-3.297923
-2.577394
0.046864
-0.287304
-2.376391
-0.178470
-3.292986
-2.370473
-3.479536
-2.762197
-1.371782
-3.297923
-2.532424
-2.051719
-2.636769
-2.378764
-2.372840
0.797277
-2.375208
-2.999550
-2.375208
-3.292986
0.396035
0.308525
1.769010
-2.582533
-2.371657
-2.374024
-2.375208
-3.299570
-2.376391
0.531163
-2.532192
-2.488741
-3.294631
-0.908541
0.489969
-2.923657
-0.311004
0.900075
-2.379945
-0.964327
-3.289694
-2.375208
-2.371657
-2.378764
-3.008902
-2.370473
-2.372840
-3.278175
-2.999811
-2.375208
-3.276529
-2.377578
-2.375208
-2.569684
-2.377578
-2.374024
-1.077109
-3.299570
-3.301215
0.428246
-2.379945
-2.377578
0.465847
-3.294631
-0.766514
-2.791207
-3.294631
-0.985913
-2.376391
0.532530
-1.697191
-0.094725
0.893001
-2.378764
-3.288050
0.426960
-2.484884
0.305425
-2.371657
-1.537752
-1.697191
-1.659619
0.425215
-2.374024
0.385388
-0.069079
-0.363635
-2.504157
-2.955922
-1.284344
-1.975783
-3.012017
0.370406
-2.105457
-2.372840
-3.296279
-1.344951
-3.294631
-3.284758
-2.369287
-2.811363
-3.269949
-2.376391
-1.571475
-2.372840
-2.138352
-3.077406
-1.653035
-2.369287
-2.556185
-1.317700
-1.650564
-3.297923
-2.378764
-3.296279
-2.376391
0.212114
-4.243688
-1.653860
-2.572253
-2.904466
0.296438
0.292307
-2.368106
1.034607
-3.288050
-2.372840
-3.297923
-2.608338
-2.116424
-3.297923
0.274124
-2.376391
-1.321587
-2.492596
-1.925009
-2.375208
-3.302859
-2.529854
0.877710
-2.370473
0.527062
-2.375208
-2.370473
-2.375208
-3.278175
-0.943009
-3.294631
-3.297923
-3.002671
0.304802
-1.692943
-2.372840
-1.698385
-0.575505
-2.377578
-3.296279
1.035134
-2.502875
-2.490024
-2.375208
-2.369287
-2.289772
-0.451137
-1.079814
-2.368106
-3.283111
0.420956
-1.582237
-2.372840
-3.297923
-3.291340
0.388778
0.889456
-0.487940
-2.374024
-1.653860
-2.376391
-2.490024
-1.070457
-3.302859
-2.061591
-3.288050
-2.152605
-2.371657
-3.301215
-2.372840
-0.330370
-1.082400
-2.376391
0.405115
-2.372840
-2.788188
-3.302859
-2.375208
-3.301215
-2.371657
0.420956
-0.934234
-3.294631
0.428889
-2.568399
-1.248500
-3.297923
-3.013576
-3.291340
-2.523431
-3.292986
-3.291340
-2.374024
-0.925928
-3.286402
-3.299570
-0.364001
-2.372840
-2.570969
0.153046
-2.365736
0.305274
-3.294631
-2.371657
-2.377578
-3.291340
-3.292986
-2.916968
-2.378764
-2.375208
-3.304507
-3.297923
-3.297923
-2.376391
-2.825938
-2.378764
-2.371657
-2.490024
-2.378764
-2.563259
-1.592939
0.292410
-3.292986
-2.772309
-2.379945
-1.079273
-2.795715
-1.700013
-3.291340
-3.294631
-2.377578
-2.812248
0.413117
0.651781
0.917101
-2.374024
-3.579462
-2.568399
-3.289694
-1.087887
-1.652208
-0.984615
-3.307797
-2.569684
-3.297923
-2.633015
-3.291340
-2.369287
0.304648
0.292100
-3.033834
-1.888612
-3.132285
-2.882689
-2.107648
-2.377578
-2.376391
-3.289694
-1.595409
-3.294631
-2.572253
-1.118951
-1.820957
-1.344872
-3.296279
-3.296279
-3.292986
-2.479749
0.297678
-2.378764
-2.369287
0.279395
0.303566
-2.602966
-2.365939
0.224497
-2.376391
-2.381131
-0.380414
-0.754947
-0.535916
-3.292986
-3.301215
-3.299570
-2.983968
-3.294631
-1.764960
-2.370473
-0.313189
-0.922483
-0.231129
-1.082944
-3.288050
-2.372840
-2.381131
-3.294631
-3.292986
-1.692943
-2.572253
0.307287
-3.044737
-1.049518
-2.203259
-1.229624
-2.376391
-2.260694
0.529252
-1.669532
1.043495
-3.056371
-2.569684
-2.729620
-3.296279
0.307595
-2.383498
-2.378764
-3.294631
-1.064485
-0.896611
-2.997993
-1.077648
-1.061379
-2.374024
-2.376391
-2.744323
-3.296279
-2.365736
-2.368106
-1.084150
0.306823
-2.374024
-2.371657
-3.294631
-2.374024
-2.372840
-3.294631
-1.080895
-1.649740
-2.372840
0.294424
-2.374024
-2.475893
-1.510606
-1.653035
-2.108500
-2.782188
0.427815
-1.788316
0.430192
-0.042861
-2.495627
-2.372840
-2.479749
-2.091899
-3.819555
-2.379945
-1.759422
-3.296279
-2.375208
-2.375208
-3.289694
-2.371657
-2.376391
-3.294631
-3.294631
-2.383498
-2.379945
-3.296279
-3.007347
-1.084682
-2.381131
-2.377578
0.412683
-3.004229
-2.309389
0.533079
-3.286402
-3.294631
-2.582818
-2.569684
-0.978701
-2.377578
-2.475893
-2.379945
-1.958687
-2.569684
-2.365736
-2.058302
-0.131667
-1.696339
-3.296279
-3.288050
-0.292579
-2.370473
-3.026042
-2.372840
-3.299570
-3.289694
-2.810749
0.218410
-2.374024
-2.375208
-1.703137
-2.375208
-2.372840
-2.381131
-2.378764
-2.377578
-0.938147
-2.374024
-2.375208
-0.456025
-1.652208
-2.376391
-2.369287
-3.436221
-3.294631
-3.292986
-0.372622
-3.297923
0.301799
-3.292986
-2.819169
-2.568399
-3.288050
-2.375208
-3.289694
0.305425
-3.008902
-2.330007
-3.299570
-2.371657
-1.324375
-1.692943
-2.371657
0.983688
-0.325617
-2.369287
-3.292986
-3.297923
-2.377578
0.838223
-3.281466
-0.279123
-0.751112
-1.952077
0.747742
-2.672328
-2.125194
-2.270032
-2.472035
-2.374024
-3.301215
-2.370073
-0.729035
0.637835
-3.299570
-0.784721
-3.294631
-1.199857
-3.284758
-2.370473
-2.371657
-2.378764
-2.368106
-2.369287
-2.375208
-2.372840
-1.054387
-2.372840
-1.648918
-2.374024
-2.372840
-2.845926
-2.806237
-3.292986
-3.296279
0.745428
-1.965092
-3.281466
-2.378764
0.506409
-2.669788
0.915769
-2.580133
-3.846654
-3.289694
-1.815271
-2.596442
-2.376391
-3.302859
0.251012
-3.288050
0.426083
-2.371657
-3.284758
-2.372840
-3.294631
-2.375208
-2.375208
-2.369287
-2.511867
0.364665
-3.292986
-2.376391
0.371925
-3.292986
0.428895
-2.375208
-1.044155
-2.951249
-2.377578
-1.123016
-3.016690
-2.117517
-2.573540
0.951472
-2.376391
-3.296279
-2.377578
-3.286402
0.156455
-2.374024
-1.043568
0.305473
1.060675
-2.375208
-0.177240
-3.007347
-2.923202
-3.294631
-2.376391
-2.376391
-3.728690
-2.371657
-1.186948
-3.296279
-2.374024
-3.274887
-2.631663
-0.199978
-0.461894
-1.402916
-1.079814
-3.297923
-2.371657
0.322896
-3.286402
-2.374024
-3.302859
-2.479749
-2.502875
-0.291371
-2.375208
-1.197186
-3.302859
-1.241198
-3.292986
-2.370473
-2.916968
0.035529
-2.374335
0.341217
-1.487817
1.432627
-2.372840
-1.165291
0.151348
-3.301215
-2.491313
-1.188795
-3.291340
-1.656327
-2.372840
-3.296279
-3.288050
-3.510213
-2.376391
-3.294631
-0.629034
-3.289694
0.422030
-3.296279
-3.001111
-2.119916
-2.376391
-0.059892
-2.853541
-2.651018
-2.208447
-1.652208
-3.005787
0.301651
-2.374024
-1.086742
-3.209010
-1.817682
-3.027600
-2.372840
-2.375208
-2.012806
-3.302859
0.076624
-2.370473
-2.790270
-3.898526
-2.369287
-2.371657
-2.576109
-2.375208
-0.915029
-2.379945
-2.376391
-2.269636
-0.270686
-2.375208
-3.291340
-2.888922
-3.289694
-2.377578
-1.080353
-1.653035
-2.371657
-0.558880
-3.291340
-2.113131
0.350224
-2.369287
-3.296279
-2.377578
-1.426972
-3.292986
-2.497735
0.223696
-2.376391
0.534716
0.047344
-2.376391
-2.374024
-1.694644
-3.281466
0.530344
-3.292986
-3.291340
-3.291340
-3.276529
-2.378764
-2.375208
-3.058889
0.304802
-2.010972
-3.296279
-1.194776
-2.369287
-2.372840
-2.374024
-2.342136
-0.455748
-1.706826
-3.289694
-2.334855
0.649441
-2.819769
-2.384681
-2.369287
-2.375208
-2.375208
-2.372840
-1.625045
-1.986083
-2.376391
-2.509299
-2.377578
0.285439
0.046386
-3.021371
-2.313079
-2.375208
-2.930971
-2.370473
-2.382313
-3.294631
-2.374024
-3.297923
-2.483599
-2.336442
-2.570969
-3.012017
0.531439
-1.650564
-3.292986
0.303566
-3.146049
-2.371657
-2.490024
-2.750520
-2.377578
-2.537153
0.301704
-2.372840
0.305581
-3.291340
0.426960
-1.520494
-1.683842
-1.074403
-2.369190
-2.375208
-3.301215
0.301183
-2.573540
0.401007
-3.299570
-0.907029
-2.376391
-2.376391
-2.374024
-2.377578
-1.695493
-3.284758
-2.369287
-3.286402
-1.905956
-1.239806
0.221871
-3.286402
-1.692943
-1.836622
-0.355815
-0.910406
0.395768
-2.374024
-0.334375
-3.291340
-2.371657
0.425885
-2.830064
-2.375208
-2.378764
-3.288050
-3.016690
-0.973348
-2.378764
-0.623872
-3.296279
0.421817
-3.289694
0.426745
-2.379945
-3.301215
-2.371657
-2.510578
-2.374024
-1.078731
-2.378764
-2.490024
0.292766
1.000626
-3.296279
-2.506728
-1.820442
-1.038701
-2.370473
0.299847
-0.233454
-2.370473
-1.815859
-3.302528
-2.382313
-2.923202
-2.570969
-2.368106
0.683219
-3.299570
-2.372840
-2.372840
-2.375208
-3.297923
-2.372840
-2.671233
-2.370473
-3.296279
0.425885
-1.827301
-1.693793
0.301493
0.530890
-2.376391
-3.288050
-3.294631
0.152175
-1.081435
-2.490024
-1.081435
-1.807664
-2.372840
-2.374024
0.306511
-1.731780
-2.370473
-2.369287
-1.194172
-2.369287
0.309457
-2.493876
-2.679894
-2.547840
-3.477731
-2.806846
-1.810398
-2.374024
-2.369287
-1.897787
-1.084027
-2.374024
-2.574823
-3.301215
-3.294631
-1.076567
-2.125194
-1.079273
0.428673
-3.296279
-2.374024
0.859636
-2.472035
-2.377578
-3.296279
0.088457
0.428246
-2.369287
-3.281466
-2.372840
-3.297923
-0.217956
-2.704443
-2.430513
0.302872
-1.923003
-2.511867
-3.291340
0.300310
-3.307797
-1.893084
-0.060143
0.653794
-1.703986
-1.652208
0.426519
-2.372840
-0.368801
-2.570969
-1.079273
-3.002550
-2.033116
-2.372840
-1.808580
-1.548089
-2.369287
-3.018253
0.333918
-2.376391
-2.427066
-2.374024
0.308369
0.308215
-1.078191
0.682522
-2.379945
-2.379945
-1.649740
-3.292986
-2.845287
-2.584160
-2.372840
0.303878
-2.570969
-2.378764
-2.371657
-2.816761
-2.355115
0.292100
-1.081979
-1.269950
-3.475591
-1.964326
-2.370473
-2.499017
-2.374024
-2.887255
-1.963812
1.037223
0.299847
0.893150
-0.434638
-2.376391
-2.374024
0.738485
-1.696339
-1.747716
0.296919
0.403970
-2.371657
-2.369287
-2.830308
-2.372840
0.123398
-1.141532
-2.375208
-3.296279
-1.370296
0.306511
-1.890907
-2.371657
-2.244543
-2.382313
-1.084682
-3.294631
-2.502875
-3.296279
-2.648131
-2.378764
0.301398
1.041405
-2.368106
0.223781
-1.275287
-3.299570
0.341977
-2.542704
-0.666166
-3.288050
-2.379945
1.101504
-3.292986
-3.294631
-1.071497
-2.517007
-1.592939
0.426733
-2.374024
-2.759645
-0.125181
-0.935700
-2.374024
-2.376391
0.904125
-2.369287
0.219647
-2.366920
-1.086742
-2.411435
-1.123636
-0.675868
-1.700588
-2.521036
-2.465612
-1.688697
-2.372840
-2.371657
-2.569684
-2.568399
-0.068005
0.910149
0.528978
-2.376391
-2.493876
-2.370473
-1.326045
-3.286402
-2.377578
-1.080895
-2.676837
-2.340746
-2.048431
-2.496448
-3.296279
-2.372840
-2.563259
-0.361040
-1.080353
-1.127290
-2.136930
-1.702693
-2.509299
-2.372840
-3.291340
-2.376391
-2.336509
-2.377578
-0.581837
-1.559468
0.304401
-0.270598
-3.291340
-3.306155
-2.655349
-2.373513
-3.294631
-2.993321
-2.505443
-3.261158
-2.483155
-2.372840
1.018836
-2.377578
0.149087
-2.375208
-2.369287
0.529795
-2.483599
-3.296279
-2.374024
-1.653035
-2.943119
-3.297923
-2.232727
-2.370473
-3.296279
-3.016690
-1.653035
-2.330469
-2.382313
-2.375208
-2.375208
0.423531
0.303944
0.153680
-2.987086
0.897637
-2.493876
-3.288050
-2.580133
-3.007347
-3.296279
0.891303
0.370597
-3.294631
0.304708
0.530068
-3.297923
-3.292986
0.016455
-3.297923
-2.913852
0.304401
-3.297923
-1.700588
-0.526342
-1.696339
0.303180
-2.374024
-2.375208
0.798511
-3.301215
-2.378764
-3.007347
-0.766514
-1.577420
-3.296279
-3.276529
-3.296279
-2.372840
0.222898
-2.371657
-1.819502
-3.296279
-1.442270
-2.377578
0.432138
-3.294631
0.424171
-1.076792
0.147979
0.151348
0.903303
0.512115
-2.595972
-3.288050
-1.397887
-1.071154
-2.365736
0.218748
-1.648095
-0.549835
-0.207127
-1.813128
-2.378764
0.157605
-1.867146
-2.379945
-2.377578
-2.248723
-2.573540
-2.377578
0.304648
-2.528569
-3.302859
-2.182467
-3.299570
-1.926527
0.922198
-2.027598
-3.291340
-2.374024
-3.292986
-2.371657
-2.600904
-3.297923
-1.960653
-2.369287
-2.372840
-2.371657
-2.378764
-2.376391
-2.374024
-2.375208
-1.699738
-3.292986
-2.319223
-3.301215
0.657902
-2.365736
-2.374024
-0.715743
0.305016
-2.228685
-2.801728
-2.382313
-2.374024
-2.555551
-1.648095
0.508203
-2.514436
-1.138264
-2.374024
-3.288050
-2.376391
-3.297923
-0.488430
-2.817189
-0.058283
-2.377578
-2.378764
-3.294631
-2.374024
-2.371657
-2.379945
-2.371657
-2.374024
-3.297923
-2.477178
-3.022927
-2.374024
0.683917
0.770193
0.747742
-2.381131
-1.084570
-3.296279
0.301183
-1.814949
-2.382313
-1.065504
0.378788
-2.374024
0.766043
-1.152079
-3.227160
-3.292986
-3.291340
-2.508011
-3.283111
-0.328842
-2.372840
-2.377578
-2.171943
-2.015419
-3.299570
-0.848462
0.293029
-2.377578
-2.374024
-2.370473
-2.752088
-1.700588
0.050548
-3.291340
-2.378764
-3.296279
-2.638753
-2.377578
-1.619039
-2.048431
-2.552984
-0.538145
-2.369287
-2.376391
-2.076600
-0.540975
0.303024
-3.289694
-3.289694
-3.301215
-2.234572
-2.371657
-1.651387
-0.971318
0.069703
-3.439833
-0.068729
-2.371657
-2.490024
-1.385362
-3.297923
-2.372840
-2.501589
-3.297923
-3.890212
-3.286402
-3.297923
-2.375208
-1.649740
-3.291340
-1.954362
-1.079814
-0.472979
-3.021371
-2.371657
-3.304507
-3.292986
0.918955
-3.291340
-2.375208
0.423958
-2.382313
-2.379945
-3.031280
-1.031320
-2.930994
-2.910734
-2.773412
-3.299570
0.287404
-0.819956
-0.497986
-2.843735
-2.492596
-3.027600
-3.294631
-1.548652
-3.299570
-2.263543
-1.649740
-1.815859
-2.372840
-0.756559
-3.294631
-3.299570
-3.291340
-3.286402
-2.528628
-1.697191
1.537208
-2.368106
-2.377578
-3.294631
-3.199185
-3.296279
-3.291340
-3.299570
-2.372840
1.332532
0.304496
-1.826712
1.025657
-2.376391
0.303482
-3.288050
-3.284758
-3.289694
-2.379945
-1.876573
-2.839422
-0.354730
-2.440938
0.341217
-1.044649
-2.370473
-2.482316
-2.375208
-3.294631
-2.493876
0.889297
-1.086306
-3.296279
0.254598
-0.642878
-2.777839
-2.376391
-1.625045
0.308681
-1.041401
-2.536279
-2.370473
-2.490024
-1.088370
-2.108743
0.399279
-1.076567
-3.297923
-1.627537
-3.018253
-2.376391
-2.372840
-2.376391
-2.372840
-2.569684
-3.294631
-2.567115
0.298221
-1.073862
-2.368106
-2.428500
-2.567115
0.046842
-2.376391
-2.374024
-2.377578
0.426519
-1.653035
-2.366920
-2.381131
-1.653035
-1.650564
-2.065975
-3.007347
-0.165384
-2.374024
-2.367762
-2.502875
-1.621749
-3.294631
-2.370473
-1.699738
-2.256095
-2.375208
-3.054850
-2.376391
0.301553
-2.725375
-3.297923
-2.158113
-2.365736
0.293340
-0.547692
-1.622441
0.389580
-3.294631
-3.302859
-2.668342
-2.335843
-3.284758
-1.079273
0.352922
0.923588
-1.132995
-2.478238
-3.291340
-2.371657
-0.380340
-3.294631
-2.375208
-1.685298
-1.571015
-3.296279
-1.641129
-2.487452
-2.550413
-3.012017
-2.375208
-2.577394
-2.376391
-0.057726
-2.477178
-2.375208
-3.296279
-0.721451
0.307441
-2.370473
0.304401
0.617374
-2.377578
-1.458512
-2.892759
1.215089
-3.043185
-3.292986
-1.385345
-2.990203
0.425872
0.304496
0.037132
-3.291340
-1.698040
-2.383498
-1.483924
-2.405858
-2.812248
-1.086742
-3.998164
-2.374024
-2.377578
-0.709912
-3.297923
-2.376391
-3.289694
-1.855182
-1.078731
-3.294631
0.447379
-3.289694
-2.800224
-1.812326
-0.558133
-2.371657
-2.375208
-0.520603
-1.102563
-2.482316
0.458391
0.652117
-2.360999
-2.491313
-2.371657
-1.084570
0.044878
-2.649573
-2.374024
-2.369287
0.907370
-2.371657
-2.371657
-2.374024
-2.378764
-1.691245
-2.514436
-3.415884
-1.652208
-2.375208
1.042444
-1.832912
-2.573540
-3.299570
0.895786
-3.299570
-1.360747
0.961654
-3.294631
-2.373199
-2.371657
-1.697191
0.423744
-3.299570
-2.830308
-3.283111
-2.368106
0.370597
-2.563144
-2.371657
-1.574003
1.068877
-2.372840
-2.372840
0.152821
-2.374024
-0.668707
-2.012669
-2.371657
0.897175
-1.643677
-2.370473
-2.475893
-2.376391
0.528707
-2.381131
0.533898
-2.371657
-3.297923
-2.472035
-2.378764
0.861492
-2.370473
-1.984881
-1.653860
-3.299570
-1.140605
-3.301215
-2.376391
-2.499017
-2.369287
-0.166210
-2.382313
-2.379945
-3.291340
0.340515
-2.370473
-2.374024
0.965711
-2.504157
-1.406435
-0.765752
-2.378764
-2.542089
0.490221
-2.535583
-3.299570
-2.372840
0.489718
-2.375208
-3.296279
-2.371657
-3.294631
-3.215637
-3.289694
-2.370473
-0.296704
0.152667
-0.545702
0.156136
-1.086199
0.902269
-2.377578
0.648434
0.308836
-2.372840
-2.656010
0.381401
-1.570624
-2.375208
-1.083487
-1.667463
-3.288050
-1.466468
0.428461
-2.574823
-3.596129
-2.372840
-2.247131
-1.084140
-2.366920
-2.495164
-2.375208
-1.274556
0.293494
-2.376391
-2.164903
-0.726420
-3.309445
-3.296279
-0.516240
-2.492596
-2.759307
0.408575
-3.296279
-2.372840
-0.059740
-1.645624
-2.712090
-3.007347
-2.369287
-3.304507
0.871942
-3.316955
0.305115
-1.224067
-2.138470
-2.379945
-2.376391
-2.372840
-3.296279
-3.500323
-2.139449
-2.572253
-0.537598
-3.012017
-3.289694
0.897175
-2.370473
-2.379945
-2.791207
-3.289694
-2.372840
-2.505443
-1.245924
-2.801186
-2.378764
-2.377578
-1.120344
-2.371657
-0.956749
-2.374024
-2.372840
-2.879567
-0.984929
-0.421209
-1.729136
-2.264895
-1.171588
-3.294631
-1.414021
0.459318
-2.906880
-0.372310
-3.289694
-3.294631
-0.279869
-1.694644
-2.028695
-1.090861
-2.375208
-2.376391
-1.601992
-3.294631
-2.944910
-1.647270
-1.133467
0.301954
-0.581472
-2.515722
-2.378764
-2.372840
-2.376391
-3.291340
-1.586353
-1.700866
-2.074661
-1.345861
-2.369287
-3.292986
-3.301215
-3.297923
-3.294631
-3.292986
-2.764151
-2.493876
-1.610549
-1.549683
0.298121
0.047274
-2.375208
0.304648
0.869366
0.303639
-2.126292
-2.374024
-2.368106
-2.814277
0.305425
-3.286402
0.380000
-2.561325
-2.366920
-2.370473
-2.372840
-1.531293
-3.296279
-0.209401
-2.372840
-2.918526
-3.288050
-3.623144
-1.595409
0.298102
-2.377578
-1.698040
-1.552597
-1.942904
-1.078731
-1.743467
-3.297923
-2.484884
-3.284758
-2.372840
-2.375208
0.303180
-2.125296
-3.302859
-1.562243
-0.310164
-1.695493
-1.979346
-2.785197
-1.648095
-2.566904
-1.086742
-2.813758
-2.375208
-2.368106
-2.372840
-2.973064
-3.292986
-1.696339
0.033576
0.898563
-2.128482
-2.375208
-3.284758
-1.193572
0.464613
0.304496
-2.370473
-1.808580
-2.366920
-2.374024
0.303180
-2.374024
-2.502875
-2.366467
-1.035850
-2.370473
-2.993321
-2.378764
-1.077373
1.214464
-2.891192
-2.129580
1.089938
-2.378764
-2.577394
-3.286402
-2.337673
-2.375208
-2.572253
-2.377578
-2.375208
0.428680
-0.668081
-2.377578
-3.296279
-2.497095
0.296593
-2.378764
-2.372840
-2.515722
-2.376391
-2.324307
-2.370473
-3.296279
-0.744278
-2.372840
0.217957
-3.289694
-3.035393
-2.379945
-0.279248
-3.296279
-3.302859
0.301651
-1.087827
-2.377578
-0.815698
-0.364001
-2.546559
0.148561
-2.746315
-2.469467
0.429111
-1.040321
-3.013576
-2.374024
0.853454
-0.467884
-2.578676
-2.397582
-0.101637
-2.374024
-3.289694
-2.378764
-1.867715
-1.083058
-2.372840
0.606266
-0.533672
-3.613551
0.190043
-2.245790
-3.271679
1.068336
-3.010460
-2.369287
0.079776
-3.291340
-2.577394
-2.371657
-3.291340
-2.372840
-3.292986
0.145856
-3.296279
-2.574823
-1.078191
-2.904502
0.655457
-3.302859
-2.323976
-3.299570
-3.302859
-0.981010
-3.291340
-2.375208
0.354966
-2.926318
-1.699738
-2.771668
1.042444
-3.291340
1.183339
0.394783
-2.382313
0.150191
0.616121
-2.372840
-1.510170
-2.475893
-0.807671
0.432571
-2.912294
0.222898
-2.383498
-2.372840
0.426952
-2.496448
0.895319
-2.369287
-2.371657
-3.306155
1.479519
-3.012017
-2.383498
-1.839973
-2.509299
-0.360500
-1.086306
-2.372840
-0.712317
-2.776637
-1.693793
-3.302859
-2.377578
-3.296279
-3.294631
0.881150
-0.467884
0.308215
-3.299570
-1.652208
-2.299200
-0.939841
-2.376391
-1.083487
-2.508011
-0.883485
-2.368106
-1.788895
-1.039240
-3.217286
0.304648
-3.289694
-2.879567
-1.947522
-2.374024
-1.653035
-2.370473
-1.157738
-3.724849
-0.553313
-1.630937
-1.699738
-3.296279
-3.294631
-3.286402
1.060377
-3.292986
-2.366920
-3.299570
0.424999
-3.291340
-2.658239
-3.296279
-2.385037
-2.372840
-1.076026
-2.366920
-2.121903
-1.807664
-3.294631
-0.057108
-2.116629
-3.005787
-2.368106
0.303944
0.676934
-2.693508
-2.376391
-3.302859
-3.292986
-2.576109
-1.084800
-3.286402
-3.284758
-2.678843
-3.484947
-2.372840
-3.012017
-3.194244
-0.949710
-1.323403
-2.486169
-0.938008
-2.378764
-0.556300
0.866587
-2.374024
-1.136504
-2.495164
0.426530
-1.017240
-2.376391
0.425032
0.306202
0.892539
-1.241116
0.047662
-1.601992
0.048253
0.297520
-1.912977
-2.371657
-2.112034
-2.372840
0.295826
0.975294
-2.383498
-2.118614
-2.310897
0.300727
-2.377578
0.210310
-1.790973
-2.370473
-1.692081
-2.371657
-3.008902
-3.289694
-3.297923
-3.296279
-2.742862
-1.118951
-3.284758
-3.289694
0.308369
-2.377578
0.417652
0.429542
-1.024734
0.301030
0.875392
-3.007347
-1.893860
-1.649740
-2.379945
-1.084570
-0.977197
-3.069966
-3.297923
-0.364727
-2.372840
-3.002671
0.029860
-2.374024
-2.364550
-2.368106
-2.816761
-0.303617
0.384588
-3.286402
-2.377578
-2.900604
0.508203
-3.296279
0.218748
-3.291340
-3.000922
-3.297923
-3.301215
-2.697221
-2.464328
0.427381
-2.374024
-2.375208
-1.807664
-2.375208
-2.375208
0.518042
-3.286402
0.391559
0.900882
-3.294631
-1.633482
-3.297923
-2.369287
-2.913852
-3.299570
-2.374024
-1.943052
0.299655
-3.301215
-0.776479
-2.033081
-2.302864
-0.722475
0.221564
-2.112034
-2.375208
-2.372840
-2.594908
-2.374024
0.454744
-1.073321
0.424601
-3.299570
-1.753936
-2.378764
-1.540638
-1.630026
-1.068994
-3.035393
-3.301215
-2.376391
-2.376391
-3.289694
-0.207022
-1.695493
-2.121903
-1.760285
-0.877488
-2.377578
-3.296279
0.981063
-2.569684
-3.286402
-3.299570
-0.542713
-3.294631
-3.301215
0.898686
1.037223
-0.823699
-0.295156
-2.371657
-2.383498
0.964471
-1.483405
0.532530
-3.291340
0.287865
-3.021545
-3.296279
-2.064370
0.075815
-0.503964
-3.304507
-3.284758
-2.369287
-2.379945
-2.374024
-2.904502
-2.473319
-2.374024
-1.702571
-2.370473
-3.296279
-2.762229
0.679728
-2.371657
-1.952795
-0.701717
0.291787
0.900998
0.679728
-2.366920
-3.294631
-2.371657
-1.734684
-1.656419
-2.370473
-2.818647
0.037169
-2.378764
0.302947
-3.722934
-1.182800
-2.372840
-2.511867
-3.288050
-2.369287
-2.376391
-1.043152
-3.279822
-2.602966
-1.082517
-0.068729
0.338856
-1.890907
-3.289694
-2.377578
-1.831818
-1.454438
-2.377578
-3.301215
-1.086199
-1.650564
-3.299570
-1.931022
-2.018276
0.304496
-1.025315
0.151543
-2.887044
-3.292986
-2.375208
-3.284758
-2.671233
-2.375208
-2.371657
-2.377578
-2.370473
-2.374024
-0.123532
-3.286402
-1.025790
-2.377578
0.308215
-2.365736
-2.120805
-3.289694
0.302567
-2.378764
0.368314
0.074405
-1.197186
-1.030585
-2.797220
-1.077109
-0.766514
-1.400025
-2.684226
-2.490024
0.299381
-2.372840
-3.015815
-0.931484
0.881610
-0.326621
0.305425
-2.537153
1.378743
-3.297923
0.035935
-1.038157
-3.351000
-1.631784
-3.007347
-2.927874
-2.138352
-0.792364
-3.288050
-1.838948
0.429976
0.735101
-2.800224
-2.063784
-2.496448
-1.712372
-1.697841
-3.288050
-0.347170
-3.296279
-2.821561
-2.371657
-0.309710
-2.370473
-1.075486
-3.043846
-2.377578
0.307751
-1.734106
0.877248
-2.652462
-2.379945
-1.598702
-2.810749
-0.269366
-3.304507
-1.236740
-2.379945
-3.289694
-3.301215
-2.491313
-2.370473
-0.509975
-3.288050
0.531986
-2.371657
-2.371657
-2.364550
-2.379945
0.342623
-2.997993
-3.294631
-1.081435
-1.040861
-3.297923
-1.082771
1.657583
0.488967
0.305891
-2.372840
-2.854266
-2.875504
-2.370473
-2.366920
-2.377578
-0.044461
-2.126292
-3.291340
-3.256783
-2.375208
-3.299570
0.308525
-0.648637
-1.120707
-3.292986
-2.371657
-2.828786
0.679032
-3.296279
-2.474607
-1.281745
-0.235565
0.167316
0.531712
-2.371657
-2.370473
-1.573366
0.531163
-0.044618
0.150962
-3.296279
-3.292986
0.296132
-3.288050
-1.738799
0.684619
-2.369287
-2.376391
0.886978
-2.905118
-0.553473
-0.363817
-2.375208
-1.085221
-2.583880
-3.297923
0.452640
0.905519
-3.296279
0.301799
-0.842318
-2.377578
-2.375208
-2.789634
-2.366469
-2.132869
-1.122687
0.426733
-2.379945
-1.082944
-2.453110
-1.699738
-3.297923
0.155817
-1.938037
1.029331
-1.660627
0.530890
-2.379945
-0.166396
0.867516
-2.491313
-3.304507
-2.168220
-3.297923
-2.484884
-3.301215
-2.934111
0.362611
-3.296279
0.745884
-0.353477
-2.506728
-2.871781
-0.951802
-0.360500
0.306202
0.302326
0.682178
-3.301215
-2.786748
-2.538848
-2.371657
-1.444913
-2.374024
-2.523431
-3.288050
0.531439
-0.417804
-2.576109
-2.304471
-0.435595
0.681125
-2.375208
-3.291340
-2.037837
-3.002671
0.216839
-2.113131
-0.322593
-2.374024
-1.088370
0.301183
-3.284758
-2.434645
-2.376391
-2.785302
-2.379945
-3.296279
0.204015
-1.662364
0.383791
-0.363316
0.280015
-2.950280
-3.018253
0.342446
-3.291340
-3.281466
-2.980857
-2.364550
-2.375208
-1.024734
-2.377578
-2.477178
-1.142480
-1.078191
-2.371657
-3.289694
-2.376391
-2.365736
-2.374024
-3.292986
-2.584254
-3.021371
-2.370473
-3.004229
-3.001111
-2.242673
-3.289694
0.900882
-3.105804
-2.723570
-3.292986
0.306976
-1.083487
-1.649740
-2.371657
-3.296279
-3.297923
-3.297923
-2.365736
-2.061591
-0.307813
-3.299570
-2.566929
-2.370473
-2.375208
-0.960918
-2.813754
-0.523719
-2.370473
-2.374024
-1.915468
-1.374032
-2.570969
-1.652208
-2.372840
-1.087287
-2.368106
-1.652208
-2.369287
0.909766
-2.376391
0.219197
-3.302859
-1.812218
-1.944365
-2.483599
-1.570197
-1.080353
-2.375208
-2.209749
-3.299570
-1.081435
-0.910984
-3.294631
-2.827393
-2.381131
-1.596233
-1.887456
0.307287
-1.079814
-2.377578
-2.643797
-1.840787
0.304862
-2.374024
-0.814972
-2.382313
-2.376391
-3.296279
-2.370473
-3.043846
-1.078191
0.300880
0.146398
-1.881086
-2.117474
-1.697191
-2.518293
-2.698941
-2.372840
-3.289694
-0.907495
-2.372840
-1.084422
0.534445
-2.607833
-2.815890
-2.374024
-2.131773
0.295675
-2.369287
-3.284758
-1.085658
-3.300875
-0.334917
-2.835402
-3.012017
-2.488801
-2.352923
-3.297923
-2.477178
-2.372840
-3.302859
-3.016690
-2.473072
-2.574823
-2.482316
-3.284758
-3.294631
-2.371657
-2.377578
0.303878
-2.857496
-3.286402
-1.054715
0.216839
-2.844128
-2.376391
-2.374024
-3.713337
-2.696852
-2.765085
-2.791075
0.214095
-2.578676
-2.375208
-1.964008
-2.374024
-2.907043
-2.509299
-2.376391
-1.356519
-0.456478
-2.374024
-2.372840
-3.043185
-3.283111
-2.372840
-2.277352
0.680778
-2.370473
0.959075
-3.362226
0.308369
-2.572253
-0.246943
-2.305410
-2.572253
0.677983
-3.292986
0.390975
0.938735
-1.581415
-3.307797
-2.495164
-1.833936
1.020411
-2.375208
-1.082944
0.374239
-3.301215
-2.377578
-1.472060
-1.528726
-2.442709
0.126675
-2.122357
-3.294631
-3.010460
-3.299570
0.743884
-2.374024
-2.374024
-1.511657
-2.376391
-1.081435
-3.294631
-3.297923
-0.816586
-3.294631
-0.042188
0.431057
-2.161390
-2.374024
-2.374024
-1.865729
-1.498103
0.152197
-2.570969
-2.462189
-2.375208
-0.510594
-2.570969
-2.375208
-3.297923
-2.375208
-3.177630
-2.057648
-0.297905
0.674844
-2.372840
-2.729582
-1.039572
-2.491313
-3.301215
-0.695601
-2.374024
0.462482
-3.015134
-3.292986
-0.067210
-3.007347
-3.294631
-2.370473
-3.292986
-2.376391
-2.379945
-2.130675
-3.417060
-2.371657
-2.760352
0.045600
-0.365009
-2.128482
-2.377578
-1.068451
-2.372840
-3.185985
-2.376391
0.885212
-3.019809
-3.288050
-2.508011
-3.021371
0.900998
-1.562107
-2.378764
-1.079144
-3.286402
0.428246
-1.470264
-2.369287
-2.372840
-1.673116
-3.299570
-3.292986
0.906439
-2.374024
-1.776171
-0.441201
-1.685298
-2.379945
-1.025263
-2.517007
-0.466785
-2.371657
-3.134417
-2.534994
-2.501589
-1.239806
-2.375208
0.620832
-2.577394
-2.365736
-3.004229
0.467357
-2.798295
-2.574757
0.047414
-1.517304
-2.377578
-1.625837
-3.289694
-0.712805
-1.079273
-2.577445
-2.598815
-2.370473
-0.059802
-2.502875
1.037875
-1.180923
-0.876582
-2.372840
-3.294631
-2.371657
-2.751887
-1.703137
-2.500302
-2.378764
-3.027600
-2.132869
-3.288050
-2.172096
-3.288050
-1.618194
-1.233731
-3.301215
-3.297923
0.293226
-3.284758
-2.299430
0.347220
-3.296279
-1.562478
-3.289694
-0.327966
-2.003350
0.736977
-3.296279
-1.790558
-2.760754
-2.482316
-2.567115
-0.361221
-1.652607
-2.572253
-2.368106
-2.371657
-2.490024
0.304340
-1.375583
0.303482
-1.076567
-2.506728
-2.376391
-1.082517
0.373634
-1.696339
1.215089
-3.294631
-2.969944
-2.371657
-1.075486
-1.651387
0.747877
-2.491313
0.534177
0.304401
-2.382240
-2.912294
-3.284758
-2.369287
-2.576109
-3.296279
0.075737
-2.482316
-0.722147
0.340515
-2.372840
-2.497735
-0.579917
-3.301215
1.058196
-2.690269
-2.576109
-3.291340
-2.569684
-2.501589
-2.292560
-2.371657
-2.569684
-2.477659
-2.374024
-1.026317
-3.286402
-3.289694
0.800560
-2.565828
-2.376391
-2.273383
-3.474117
-1.397902
-3.281466
-2.372840
-2.493876
-2.819769
-3.299570
0.306511
-3.292986
-2.513934
-1.255839
-2.372840
-1.823297
-1.411827
-2.377578
-1.024734
-2.910734
-2.474607
-2.997993
-2.483599
-2.070363
-2.378764
-2.378764
-2.560692
-2.378764
-2.176796
-2.372840
-2.377578
-0.383553
-2.994308
-1.456310
0.037711
-0.448956
-2.372840
-2.378764
-2.369287
-3.297923
-2.488741
-1.072240
-2.375208
-1.891184
-3.289694
-1.181306
-0.544399
-3.294631
0.466374
0.294889
0.429542
-2.558642
-0.065484
0.300269
-3.288050
-1.083058
-2.372840
-0.825394
-0.424361
-3.297923
-3.289694
-2.379945
-1.074946
-3.291340
-3.289694
-1.699166
-3.297923
-2.741605
-0.275079
0.533350
-3.007041
-3.297923
-2.378764
-3.007347
-1.081858
-1.080895
-2.239198
-2.378764
-3.297923
-2.379945
-1.832954
0.423100
-2.127386
-1.270715
-3.012017
-3.289694
-2.921641
-1.412766
0.342269
-3.026042
1.203262
-2.990203
-3.294631
0.880954
-3.019809
0.155737
-1.290659
-2.375208
0.152649
-2.371657
-3.296279
-2.375208
0.303566
-1.197820
0.153680
-3.296279
-3.037711
-1.435784
-3.294631
-2.334951
-0.365381
-3.013576
-2.549125
0.299200
-0.107511
-2.375208
-2.321688
-2.370473
-3.294631
-2.369287
-1.039778
-3.297923
-2.377578
-2.511867
-1.145274
-1.424780
0.427600
-3.292986
0.909223
-2.374024
-3.291340
-2.372840
-2.374024
-1.582332
-2.573540
-1.651387
-3.010460
-2.999550
-3.024481
-2.502875
0.220320
-1.278468
0.304708
-3.301215
-0.179301
-2.344959
-1.620743
0.256076
-3.075098
-1.690396
-0.427842
0.305891
-2.997993
-2.370473
0.304248
0.301799
-3.299570
-3.289694
-2.116525
-0.360139
-2.371657
-3.281682
-2.374024
-2.371657
-2.840809
-3.286402
-3.299570
-3.291340
-1.651387
-1.133184
-2.488741
-2.371657
-2.369287
-3.284758
-2.375208
-2.561400
-1.235730
-3.018253
-3.296279
0.367391
-3.291340
-2.381131
-3.289694
-1.019175
-1.071154
-2.481030
0.873539
-3.296279
-3.301215
-1.515558
-2.505443
-0.648299
-1.078191
-2.377578
-2.376391
-2.947606
-2.707471
-1.697191
-1.593759
-3.283111
-1.648918
-1.704619
-1.078731
-2.526002
-1.510314
-2.506728
-2.534514
0.282050
-2.583819
-2.372840
-3.294631
-2.366920
-1.786896
-1.334287
-2.358453
-2.377578
-2.518293
-1.149065
0.305425
-0.413329
-3.145496
-1.776171
-3.294631
-2.370473
-2.366920
-3.297923
-2.374024
0.304962
-2.376391
0.923126
-1.080353
0.383703
-2.529900
-3.286402
0.306356
-2.570969
-2.377578
-1.036534
-3.296279
-1.649740
-2.379945
-3.151805
-1.646449
-2.806237
-1.482625
-2.375208
-2.916968
-0.040752
-2.348887
-0.453809
-0.509030
-3.291340
-3.015134
-2.378764
-2.370473
0.992192
-2.859312
-1.059422
-3.318661
0.343499
-0.984345
-2.376391
0.869832
0.295826
-2.375208
-1.493115
-2.366920
-1.081979
-2.068167
0.428033
-1.878140
-3.294631
-2.372840
-3.299570
0.394380
-1.023010
-1.770696
-3.284758
-1.818220
-2.493876
-3.291340
0.305891
-0.395357
-1.036534
-2.765654
0.360439
0.531986
-2.504157
-2.469467
-2.540134
-2.616948
-2.374024
-0.176403
0.426530
-2.200654
-1.818589
-2.376391
-3.291340
-1.692093
-1.080353
-3.022927
0.298780
-1.660665
0.885302
0.388537
-2.488741
-2.449257
-2.520830
-3.015134
-3.294631
-1.083601
-3.292986
-2.377578
-2.370473
-3.284226
-2.377578
-2.375208
-1.748523
-2.469085
-3.301215
-3.297923
-3.296279
1.066144
-2.379945
-3.296279
-3.288050
1.334584
-3.378562
0.894073
-2.690269
-2.595806
-3.296279
-1.698040
-1.931022
-3.169869
-3.304507
-3.294631
-2.372840
-2.887362
0.406845
1.043495
-2.923202
0.529491
0.428033
-2.375208
-3.292986
-2.369287
-2.369287
-2.369287
-2.376391
-2.377578
-2.871781
-1.050803
-1.882140
0.389638
0.305425
-1.077648
-0.218293
-2.564544
-3.010460
-3.721017
-2.508011
-0.620274
-2.372840
-2.487452
-0.468009
-2.250166
-2.485980
-0.874322
0.153601
-0.693470
-1.262452
-3.307797
-1.076426
0.980001
-1.126725
-3.288050
-3.289694
0.912076
-2.379945
-3.294631
-1.813128
-2.374024
-0.478523
0.431271
0.848049
-2.839305
-2.374024
-2.375208
-1.919393
-3.297923
-2.376391
-3.297923
-2.374024
-2.364550
0.156061
0.148912
-2.474607
-2.379945
-3.286402
-0.584432
0.519681
-2.374024
-2.371657
0.341393
-1.693522
-1.083058
-1.128535
-0.709227
0.878635
-2.377578
0.402953
-3.299570
-2.498284
-3.013576
-2.533708
0.915769
-1.313240
-3.233744
0.428033
-2.540134
-3.299570
-2.374024
-0.732906
-0.554025
-2.375208
0.304802
-2.376391
-0.719539
0.302872
-2.486169
-3.291340
-1.506273
-1.809089
0.304340
-1.512934
-3.288050
-3.296279
0.355015
-2.424496
0.301341
-2.510334
-1.033289
0.534991
-0.721451
-2.374024
0.296287
-2.370473
0.299351
-2.375208
-2.374024
-3.241968
-2.570969
-2.374024
-2.371657
-0.279092
-2.115325
-3.294631
-2.370473
-3.286402
-3.027600
-2.369287
-2.125194
-2.370473
-2.377578
-1.807428
-2.071460
-2.371657
-2.195205
-3.301215
-0.320745
-3.299570
-3.299570
-3.022927
-2.577394
0.308215
-2.377578
-2.377578
-2.723917
-3.297923
-0.590794
-2.774673
-3.292986
-0.365009
0.950111
-0.476079
-2.370473
-1.045192
-2.374024
-0.127994
-3.281466
-2.366920
-0.470694
-2.795715
-2.969944
-1.083487
-2.376391
-2.573540
-0.498376
-3.299570
-0.069079
-1.269294
-2.372840
-1.698040
0.426960
0.491979
-3.292986
-3.286402
-2.107272
-3.288050
-2.376391
-3.301215
0.534177
-2.601623
0.301651
-2.375208
-2.569684
-0.436625
-1.755806
-2.372840
-1.028432
-2.523431
-2.578676
-2.506728
-1.543162
-2.917857
-2.499017
-2.372840
-2.893098
-4.330093
-1.548486
-1.240307
-1.030585
-2.374024
-1.945663
-2.720401
-2.923202
-2.920338
-2.517007
0.893464
-3.302859
0.300573
-2.805515
-2.510578
0.299228
-1.862088
-2.513152
0.297511
-3.004229
-3.299570
-2.375208
-2.510503
-1.225332
-3.513825
0.353693
-2.371657
-3.609475
0.152437
0.395987
0.430408
-2.376391
0.656687
-2.560692
-2.368106
0.420682
-3.019809
-2.376391
0.978441
-3.109514
0.412463
-3.294631
-3.297923
-2.377578
-2.374024
-2.997993
-2.538848
-2.093392
-2.818647
-3.294631
0.306356
-3.288050
0.003273
1.042444
-1.466796
-2.496448
0.218861
-1.696339
-2.376391
-1.085658
-2.372840
-3.297923
-3.296279
-0.330815
-0.243731
-2.374024
0.297832
-3.289694
-1.038701
0.303331
0.210435
-1.244606
-1.595409
-2.377578
-3.299570
-2.574788
-1.827038
-2.420079
-2.377578
1.608883
1.530494
-2.368106
-2.372840
-2.543987
0.744654
-2.370473
-1.907610
-2.377578
-2.377578
-0.159155
-2.374024
-2.376391
-0.060173
-1.241198
-2.378764
-0.821860
0.046890
0.290518
-2.821456
-2.375208
-1.068285
0.425438
-3.169373
-3.296279
-2.374024
-0.066095
-1.271201
-1.893925
-3.291340
0.303099
-1.698040
-1.649740
-2.366920
-2.372840
-3.299570
0.740797
-1.961802
-2.491313
-1.223156
-2.371657
-1.194416
0.387782
-2.773533
-3.292986
-3.012017
-1.896803
-3.297923
-3.301215
-1.574872
0.299809
0.916229
-0.044710
0.732314
-1.078573
-2.374024
0.048460
-2.371657
-2.371657
-2.374024
-1.075343
-1.687083
-2.395624
-2.372840
1.040873
-3.273125
-2.487452
-2.369287
-1.650471
-2.370473
-0.052027
-2.375208
-2.368106
0.350832
-2.385864
-1.398153
-1.350494
-2.377578
-3.292986
-1.438591
0.681477
-2.376391
-2.381131
0.884195
-2.478462
-1.528726
0.046842
-3.304507
-3.292986
-1.643156
0.303944
-2.379945
-2.370473
-2.379945
-2.546559
-3.018253
-2.982509
-2.375208
-3.296279
-1.651387
-2.369287
0.307129
-2.370473
-2.814277
-2.835293
-2.377578
0.370786
-2.561974
-2.376378
-0.206810
-3.292986
-2.375208
-2.379945
-1.650564
-3.299570
-1.032132
-2.365736
-3.297923
-2.378764
-2.375208
-2.500302
-2.377578
-3.294631
-2.378764
-1.380406
-1.640686
-3.281466
-0.282202
-3.015134
-0.434880
0.046055
-2.375208
0.145746
-3.013576
-3.292986
-2.502657
-2.573417
-3.296279
-2.365736
0.306665
-2.381131
-0.422929
-3.296279
-2.125194
-2.377578
-0.207022
-2.374024
-2.372840
-2.570969
-2.481030
-0.548710
-0.535193
-0.523341
-2.947120
-2.376391
-3.299570
-2.372840
-2.372840
-2.938560
0.291787
-3.301215
-3.288050
-2.365657
-1.231285
0.388980
0.305274
-0.818502
-0.720449
-2.994878
-1.815872
-2.378764
0.295197
-3.013576
-2.881153
-3.296279
0.902382
-2.370473
0.149726
-2.576104
-2.366920
-2.517007
-3.016690
-2.577445
0.025129
-2.376391
-2.375208
-1.138957
-1.916984
-3.019809
-2.377578
-2.517007
-3.299570
-3.288050
-2.493876
-1.781775
-3.018253
-1.698892
0.304648
0.370977
0.301030
-0.873568
-3.288050
-3.299570
0.912466
-2.484884
-3.292986
-3.279822
-2.994878
0.914843
-3.294631
-2.381131
-2.265119
-1.085658
-0.712538
-3.291340
-2.377578
-2.780970
-1.697191
-1.271513
0.221071
-1.081979
-2.862896
-1.081435
-3.301215
-3.291340
-2.379945
-2.368106
-0.538000
-2.879567
-2.495164
-3.292986
0.151348
0.295972
0.152120
-3.302859
-1.659560
-3.296279
-0.473385
0.302108
-3.289694
-2.125194
-1.097885
-2.374024
-3.299570
-3.297923
-2.371657
1.048217
-2.461758
-3.297923
-2.374024
-3.278175
-3.294631
-1.907610
-1.128149
-3.301215
-3.289694
-2.378764
-3.291340
-2.371657
-3.266656
-1.792182
-3.289694
-3.001111
-2.375208
-2.577394
-2.381131
-2.376391
-2.371657
-0.093391
-2.375208
-1.083487
-3.297923
0.222552
0.890838
-2.370473
-2.378764
-2.496448
-1.047352
-3.292986
0.891613
-2.372840
-3.294631
-2.369287
-0.365272
-3.297923
-2.374024
-2.371657
-2.514436
-2.366920
-2.377578
-3.297923
-2.375208
-3.289694
-2.370473
-1.671964
-0.040812
-2.375208
-3.292986
-2.375208
-2.805515
-1.077109
-3.035393
-2.572253
-2.377578
-2.369287
0.659480
-2.013790
-2.491313
0.612822
-0.208960
-2.982412
0.902269
-2.517007
-3.297923
-0.634718
-3.292986
-2.376391
-0.068042
-2.377578
-2.577394
-2.371657
-2.377578
-1.841795
-3.299570
-2.376391
-2.374024
-2.581251
0.398847
-0.452352
-2.370473
-3.294631
-3.286402
-2.369287
-3.021371
-2.513152
-2.377578
-3.302859
-2.372840
-1.077109
0.390777
-2.366920
-2.513152
-2.520857
-3.292986
-3.728690
-3.277764
-1.034912
-3.035393
-2.371657
-2.371657
-3.286402
-3.289694
0.303255
-2.377578
-2.374024
-2.372840
-2.577394
0.906073
-2.376391
-3.297923
-0.758445
-1.023481
0.680778
-2.376391
-0.225208
-2.375208
-3.299570
-3.302859
-2.370473
-3.296279
-3.291340
0.425885
-2.374024
-1.702286
-3.296279
0.303792
-2.113131
-2.374024
-3.291340
0.303878
-2.368106
-2.818647
-2.466900
-3.291340
-2.371657
-2.372840
-2.531136
-2.504157
-2.376391
-2.375208
-2.374024
-3.297923
-2.378764
-1.804598
0.899149
-3.292986
-2.377578
-2.377578
-1.970475
-2.368106
0.367368
-2.574823
-3.299570
-3.302859
-2.470750
-0.130258
0.304248
-1.645624
-2.490024
-3.292986
-0.941224
-3.291340
-3.291340
-1.816771
-2.371657
-3.297923
-3.291340
-3.289694
-2.377578
-2.374024
-3.007347
-2.912294
0.304031
-3.030715
-1.077648
-3.297923
-3.299570
-2.372840
0.297511
-0.602803
0.304648
-0.643320
-1.678887
-2.528569
-2.798542
-2.505443
-0.359549
-1.772059
-2.704030
-2.372840
-2.382313
1.039312
-2.372840
0.429328
-3.002671
-2.372840
0.512028
-1.026795
-2.374024
-1.177880
0.529491
-3.296279
-2.371657
-2.378764
-1.695493
0.300930
-2.379945
-1.084682
-3.204037
-1.699166
-2.374024
0.428246
-1.145167
-2.996435
-2.374024
0.387183
-2.370473
-3.288050
-3.291340
-3.307797
-2.374024
-3.286402
-2.529854
-3.291340
-2.533708
-3.288050
-3.306155
-3.281466
-1.681053
-2.118614
-2.370473
-3.288050
-3.297923
-2.369287
-2.382313
-3.007347
-2.519576
-2.374024
0.409006
-2.376391
-3.002671
0.394380
0.531163
-2.379470
-2.374024
-2.372840
-2.483599
0.900998
0.286641
-2.372840
-2.369287
-2.567115
-2.375208
-2.369287
-3.284758
-3.297923
-0.526298
-2.982412
-3.291340
-2.370473
-2.371657
-2.375208
0.296898
-2.372840
-2.438630
0.836003
-2.270037
-1.601882
0.303331
-1.628337
-2.997993
-0.060143
-2.377578
-3.292986
-3.299570
-1.650564
-0.821610
-1.078191
0.304496
-3.304507
-1.937038
-2.374024
-3.297923
-1.027903
-2.372840
-0.172941
-1.086742
-3.304507
-3.010460
-2.577394
-3.012017
1.035625
-3.291340
0.061348
-1.805840
-2.377578
-1.702571
-3.288050
-3.296279
-2.185127
-2.372840
-0.352574
-2.368106
-2.377578
-2.369287
-3.286402
-2.572253
-2.376391
-2.371657
-2.372840
-2.374950
-3.291340
-3.297923
-3.004229
-3.007347
-2.379945
-3.288050
-2.382313
-3.296279
-2.376391
-1.102525
-2.371657
-2.838820
-2.478462
-2.375208
-0.527159
-3.294631
-3.296279
0.416143
-1.080353
-2.371657
-0.424920
-3.294631
-2.490024
-1.080353
-3.291340
-1.632632
-2.371657
-2.363369
-3.217286
-3.294631
-2.371657
0.306202
-1.814038
-3.296279
-1.289586
0.304496
-2.374024
-2.379945
0.417005
0.300880
-3.297923
-2.376391
-3.294631
-1.647270
0.306665
-2.310881
-2.371657
-2.371657
-1.252752
-2.375208
-1.651387
-0.177707
0.300422
-0.111108
-3.294631
1.104315
-3.296279
-2.323689
-2.374024
-2.470750
-3.294631
-2.801160
-2.504157
0.391154
-3.292986
0.425032
-0.583073
-3.292986
-2.371657
-3.029160
-2.907618
-2.785302
-3.296279
-2.374024
-1.888945
-2.840809
0.301183
0.533079
0.409006
-3.015134
-3.296279
-3.015134
-1.075486
-3.291340
-2.376391
-1.399588
-3.291340
-2.113131
-1.648095
-0.245574
-1.034370
-2.377578
-2.375208
0.301341
-2.377578
-3.301215
-2.506728
-2.377578
0.304648
-3.284758
-3.603954
0.534177
-1.694644
-2.511867
-3.026042
-2.372840
-3.299570
-3.148627
-1.080353
-1.655505
-2.937223
0.304862
-2.495164
-2.376391
0.159079
-0.540345
-2.127386
0.303180
-2.363369
-3.294631
-2.382313
-2.371657
-2.378764
0.995988
-2.374024
-3.299570
-2.831765
0.303722
-3.304473
-0.736529
-3.291340
-1.078731
-1.059297
-0.224382
-0.280021
-3.284758
-3.007347
-2.370473
-2.370473
-0.363635
-1.080772
-1.656327
-2.381131
-0.644573
-3.005787
-3.296279
-2.376391
-3.297923
-0.365381
-2.374024
-2.975375
-2.482316
-2.374024
-3.292986
-2.381131
0.893150
-2.376391
-2.374024
0.420956
-2.379945
-1.080353
-2.377578
-2.383498
1.183692
0.891149
-2.372840
-2.849255
-2.372840
-2.444065
-1.077109
-3.288050
-1.161671
-2.901386
0.290859
-1.083601
-2.500302
-1.885015
-1.890907
-2.376391
-1.578120
0.306511
-1.700588
-3.294631
-2.376391
0.531439
-0.232878
-2.371657
-3.297923
-3.289694
-3.291340
-3.291340
-2.368106
-2.124097
-1.986880
-2.368106
0.031883
-1.694644
-3.008902
-3.618499
-3.291340
-3.294631
-3.294631
-3.004229
-1.220807
-3.291340
-3.292986
-2.067073
-1.646449
-3.289694
-2.374024
-3.288050
-2.478462
-3.279822
-2.378764
-2.376391
-3.297923
-3.286402
-2.377578
-3.010460
-3.289694
-2.568399
0.304098
-2.372840
-3.297923
-2.819735
-3.292986
-1.237992
-2.370473
0.218522
-0.995740
-1.079273
-3.283111
-2.371657
-3.292986
-3.301215
-3.294631
-2.370473
-2.369287
-2.474607
-2.573540
-0.042270
-1.080353
-3.299570
-3.306155
-3.291340
-2.988646
-2.119707
-3.004229
-3.294631
-2.376391
-2.570969
-2.377578
-3.294631
-2.375208
-2.375208
-3.299570
-3.294631
-2.383498
-2.372840
-2.374024
-2.371657
-2.374024
-2.374024
-3.294631
-3.302859
-2.375208
-3.292986
-3.296279
-2.371657
-2.375208
-3.299570
-3.297923
-3.281466
-2.572253
-3.292986
-3.294631
-2.377578
-2.379945
-2.374024
-3.296279
-2.377578
-2.376391
-2.370473
-3.297923
-2.378764
-2.368106
-2.576109
-2.378764
-2.370473
-2.379945
-2.383498
-2.370473
-2.371657
-3.304507
-3.283111
-2.371657
-2.376391
-2.376391
-2.372840
-2.374024
-2.370473
-3.297923
-3.291340
-3.289694
-2.378764
-3.296279
-2.374024
-2.368106
-3.297923
-2.372840
-2.378764
-2.377578
-3.301215
-3.292986
-2.377578
-3.296279
-2.371657
-3.294631
-2.372840
-3.296279
-3.288050
-3.299570
-3.291340
-2.370473
-3.299570
-2.377578
-2.369287
-2.371657
-3.296279
-3.301215
-2.378764
-3.297923
-3.289694
-2.377578
-2.376391
-2.369287
-3.296279
-3.283111
-2.379945
-2.368106
-2.372840
-2.572253
-2.374024
-3.284758
-2.368106
-2.372840
-3.301215
-3.309445
-3.292986
-3.288050
-2.377578
-3.296279
-3.292986
-1.653860
-3.301215
-3.297923
-2.376391
-3.299570
-2.376391
-2.370473
-3.304507
-2.377578
-2.374024
-2.379945
-3.297923
-3.294631
-2.375208
-2.378764
-3.288050
-2.375208
-2.374024
-2.375208
-3.296279
-3.297923
-2.381131
-2.382313
-2.366920
-2.376391
-3.286402
-2.379945
-3.294631
-2.572253
-2.374024
-2.369287
-2.374024
-2.374024
-2.379945
-2.372840
-3.286402
-3.279822
-2.363369
-3.291340
-2.372840
-3.296279
-2.379945
-2.374024
-3.302859
-2.374024
-3.294631
-2.370473
-3.284758
-2.378764
-2.369287
-2.377578
-2.376391
-2.369287
-2.573540
-3.292986
-2.372840
-3.299570
-3.294631
-2.370473
-2.376391
-2.368106
-2.375208
-3.289694
-3.292986
-3.292986
-2.377578
-2.376391
-2.376391
-3.294631
-3.299570
-2.369287
-2.376391
-3.301215
-3.301215
-2.365736
-3.609475
-2.379945
-3.294631
-3.289694
-2.379945
-3.288050
-2.365736
-3.296279
-2.375208
-2.377578
-2.378764
-3.292986
-2.374024
-2.366920
-3.299570
-2.375208
-2.366920
-2.383498
-2.377578
-2.375208
-2.368106
-2.370473
-3.294631
-3.286402
-2.370473
-3.304507
-2.372840
-2.370473
-2.374024
-3.288050
-2.371657
-2.376391
-2.372840
-2.368106
-3.294631
-2.366920
-3.301215
-3.292986
-2.374024
-3.299570
-2.376391
-2.372840
-3.292986
-3.297923
-3.284758
-3.292986
-3.301215
-3.292986
-2.574823
-2.377578
-1.645624
-3.296279
-3.288050
-2.371657
-2.377578
-3.294631
-3.299570
-3.299570
-3.288050
-3.284758
-3.623914
-2.577394
-1.649740
-2.374024
-2.370473
-2.374024
-3.297923
-1.653035
-3.288050
-2.370473
-2.375208
-3.291340
-1.650564
-2.376391
-2.372840
-2.372840
-3.284758
-3.302859
-3.301215
-2.371657
-2.377578
-3.301215
-3.299570
-2.371657
-3.284758
-3.292986
-3.292986
-2.374024
-3.294631
-2.369287
-2.384681
-2.371657
-2.369287
-3.296279
-2.375208
-2.371657
-3.292986
-2.382313
-3.294631
-3.291340
-2.374024
-2.370473
-2.370473
-3.288050
-3.294631
-3.292986
-3.301215
-3.296279
-2.375208
-3.301215
-3.296279
-2.371657
-3.289694
-2.372840
-3.291340
-3.299570
-3.296279
-3.294631
-2.379945
-2.371657
-3.291340
-3.294631
-1.647270
-2.374024
-2.370473
-2.376391
-2.364550
-3.289694
-2.374024
-2.375208
-2.370473
-2.374024
-2.378764
-3.302859
-2.383498
-3.284758
-3.283111
-3.296279
-2.565828
-2.371657
-3.296279
-3.289694
-2.379945
-2.375208
-2.379945
-3.292986
-2.377578
-2.368106
-2.374024
-2.381131
-3.294631
-2.377578
-2.372840
-3.284758
-3.302859
-2.370473
-3.278175
-2.573540
-2.369287
-3.301215
-2.369287
-3.302859
-3.288050
-2.372840
-3.278175
-2.382313
-2.370473
-3.294631
-2.372840
-2.378764
-2.565828
-2.370473
-3.286402
-2.375208
-3.302859
-3.296279
-3.299570
-2.375208
-3.294631
-2.376391
-2.377578
-2.374024
-2.379945
-3.296279
-2.574823
-2.375208
-3.296279
-2.366920
-2.567115
-2.375208
-2.376391
-3.296279
-3.284758
-3.299570
-2.375208
-3.291340
-2.376391
-3.296279
-2.371657
-2.371657
-3.291340
-2.371657
-2.370473
-3.302859
-3.288050
-2.576109
-3.292986
-3.286402
-2.377578
-3.296279
-2.378764
-3.296279
-2.381131
-2.370473
-2.377578
-3.301215
-3.297923
-2.371657
-2.372840
-2.375208
-2.375208
-2.375208
-3.299570
-2.372840
-3.297923
-3.284758
-3.292986
-2.371657
-2.377578
-3.288050
-3.292986
-2.377578
-3.294631
-2.377578
-3.289694
-2.372840
-3.289694
-2.377578
-3.281466
-2.372840
-2.366920
-2.564544
-2.570969
-2.372840
-3.292986
-3.291340
-2.375208
-2.366920
-1.648918
-3.289694
-3.299570
-3.302859
-3.297923
-2.377578
-2.375208
-2.572253
-3.284758
-2.372840
-2.372840
-2.572253
-2.374024
-2.375208
-3.292986
-2.375208
-2.378764
-3.299570
-2.372840
-3.283111
-2.377578
-2.375208
-3.284758
-3.296279
-3.299570
-3.292986
-2.370473
-3.286402
-2.379945
-2.371657
-2.371657
-3.296279
-2.377578
-2.378764
-2.369287
-2.375208
-3.292986
-3.283111
-3.297923
-2.375208
-2.375208
-2.371657
-3.294631
-2.371657
-3.299570
-2.375208
-2.369287
-3.289694
-3.284758
-3.299570
-3.289694
-3.291340
-2.370473
-3.288050
-3.296279
-2.369287
-2.370473
-2.573540
-3.289694
-2.377578
-2.371657
-3.297923
-2.374024
-3.294631
-3.294631
-2.574823
-2.378764
-1.649740
-3.291340
-2.376391
-3.288050
-3.289694
-2.371657
-3.292986
-2.375208
-3.281466
-2.572253
-2.381131
-2.573540
-1.648095
-3.297923
-2.369287
-3.297923
-2.374024
-2.576109
-3.301215
-3.288050
-3.297923
-2.365736
-2.371657
-2.382313
-2.371657
-2.366920
-2.377578
-2.374024
-2.369287
-2.372840
-3.294631
-2.368106
-2.375208
-2.374024
-2.370473
-2.574823
-2.381131
-2.369287
-3.279822
-2.371657
-3.289694
-3.289694
-3.297923
-2.377578
-2.376391
-2.376391
-3.299570
-2.369287
-3.299570
-2.374024
-2.568399
-3.299570
-2.375208
-2.374024
-3.292986
-2.375208
-1.653035
-3.289694
-2.374024
-3.291340
-2.572253
-3.299570
-2.381131
-2.376391
-3.289694
-3.292986
-2.384681
-2.586389
-2.374024
-3.296279
-2.376391
-2.372840
-3.297923
-2.370473
-2.369287
-2.376391
-3.291340
-3.292986
-2.368106
-3.284758
-3.294631
-2.375208
-2.371657
-2.376391
-2.376391
-2.377578
-2.572253
-2.369287
-2.372840
-3.294631
-2.366920
-2.567115
-2.378764
-3.297923
-2.369287
-2.375208
-3.297923
-2.370473
-3.304507
-2.381131
-2.377578
-2.368106
-3.291340
-3.291340
-3.297923
-2.379945
-2.565828
-3.296279
-3.296279
-2.371657
-2.374024
-3.304507
-2.381131
-3.288050
-2.371657
-2.377578
-3.286402
-2.374024
-2.376391
-3.297923
-3.286402
-2.374024
-2.565828
-3.296279
-2.374024
-3.288050
-3.286402
-3.292986
-2.370473
-2.374024
-3.288050
-3.291340
-2.371657
-2.374024
-3.286402
-2.372840
-3.296279
-3.297923
-3.286402
-3.289694
-2.378764
-2.379945
-3.292986
-3.296279
-3.299570
-2.375208
-3.296279
-3.301215
-2.379945
-3.294631
-3.291340
-2.375208
-3.292986
-2.369287
-2.366920
-3.291340
-3.289694
-2.375208
-3.297923
-2.375208
-3.297923
-3.291340
-2.372840
-3.288050
-2.372840
-2.371657
-2.364550
-2.375208
-2.382313
-3.301215
-3.289694
-3.291340
-2.370473
-2.375208
-2.370473
-3.289694
-2.375208
-3.297923
-3.294631
-2.374024
-2.368106
-2.370473
-3.283111
-3.288050
-2.372840
-3.278175
-2.371657
-2.376391
-3.296279
-2.378764
-2.374024
-2.372840
-2.375208
-3.289694
-2.374024
-3.288050
-2.377578
-2.371657
-3.289694
-2.369287
-2.379945
-2.378764
-3.296279
-3.304507
-2.368106
-2.369287
-2.372840
-2.374024
-2.375208
-3.292986
-3.296279
-3.307797
-2.369287
-2.374024
-2.376391
-2.372840
-2.376391
-3.294631
-3.292986
-2.371657
-2.576109
-3.288050
-2.374024
-2.375208
-2.565828
-3.299570
-2.378764
-2.369287
-3.291340
-3.294631
-3.286402
-2.372840
-3.304507
-3.292986
-3.301215
-3.296279
-2.371657
-3.291340
-2.377578
-2.382313
-3.294631
-3.294631
-3.292986
-2.377578
-3.291340
-3.284758
-2.377578
-2.375208
-3.299570
-2.379945
-2.371657
-2.370473
-3.284758
-3.292986
-2.382313
-2.383498
-3.299570
-2.371657
-3.302859
-2.371657
-3.294631
-2.364550
-2.374024
-2.371657
-2.375208
-3.288050
-2.369287
-3.288050
-2.370473
-2.376391
-3.294631
-2.377578
-3.291340
-3.301215
-3.306155
-3.292986
-2.572253
-3.297923
-2.576109
-2.372840
-3.292986
-2.374024
-2.375208
-2.577394
-2.574823
-3.289694
-3.292986
-2.375208
-2.381131
-2.372840
-2.378764
-3.299570
-1.656327
-2.568399
-3.291340
-2.370473
-2.576109
-2.377578
-2.372840
-3.297923
-3.284758
-3.297923
-3.292986
-2.372840
-3.273239
-2.375208
-3.299570
-2.374024
-2.368106
-2.375208
-3.286402
-2.375208
-2.370473
-2.375208
-3.296279
-2.374024
-2.377578
-2.376391
-2.576109
-2.570969
-3.302859
-3.297923
-3.291340
-2.368106
-3.301215
-3.296279
-2.370473
-3.274887
-2.374024
-3.296279
-2.376391
-3.304507
-2.376391
-3.297923
-3.296279
-3.296279
-2.378764
-3.284758
-2.368106
-3.294631
-3.301215
-2.366920
-2.369287
-3.288050
-3.292986
-3.288050
-2.370473
-3.301215
-2.372840
-3.284758
-2.372840
-2.572253
-3.301215
-2.366920
-2.375208
-3.288050
-2.378764
-2.573540
-2.370473
-2.370473
-2.370473
-3.301215
-2.379945
-1.649740
-3.297923
-2.374024
-3.292986
-2.377578
-2.384681
-3.297923
-3.291340
-2.567115
-3.297923
-2.374024
-2.375208
-2.374024
-2.372840
-3.296279
-3.292986
-2.379945
-2.375208
-2.377578
-3.292986
-3.289694
-3.291340
-2.570969
-2.572253
-3.299570
-2.379945
-2.381131
-2.366920
-2.374024
-3.299570
-3.304507
-3.289694
-2.377578
-3.296279
-2.370473
-2.377578
-2.375208
-2.375208
-2.374024
-2.374024
-2.370473
-2.374024
-2.378764
-2.371657
-2.372840
-2.370473
-3.299570
-2.378764
-2.376391
-3.291340
-2.376391
-3.296279
-2.374024
-3.288050
-3.306155
-3.291340
-2.378764
-2.371657
-2.369287
-2.375208
-2.378764
-2.379945
-2.382313
-2.383498
-2.369287
-3.292986
-2.370473
-3.296279
-3.296279
-3.301215
-2.372840
-3.289694
-3.304507
-2.376391
-2.369287
-3.296279
-3.294631
-2.374024
-3.292986
-3.301215
-2.363369
-2.377578
-3.306155
-3.296279
-2.376391
-3.296279
-3.294631
-3.306155
-2.372840
-2.374024
-3.288050
-2.581251
-3.294631
-2.369287
-2.378764
-2.366920
-2.372840
-2.375208
-3.294631
-3.623914
-2.567115
-2.374024
-3.301215
-3.294631
-3.288050
-2.381131
-2.371657
-2.376391
-3.296279
-2.374024
-2.381131
-2.371657
-3.294631
-2.374024
-2.378764
-3.299570
-2.375208
-3.299570
-2.371657
-2.375208
-2.369287
-3.304507
-2.377578
-3.286402
-3.304507
-2.370473
-3.284758
-3.302859
-2.376391
-2.372840
-2.574823
-2.376391
-1.647270
-2.374024
-2.378764
-3.299570
-3.299570
-2.370473
-2.382313
-2.375208
-2.375208
-2.372840
-3.294631
-3.294631
-2.374024
-2.377578
-3.289694
-3.292986
-1.653035
-2.370473
-3.302859
-3.296279
-3.288050
-2.572253
-3.294631
-3.299570
-3.296279
-3.292986
-2.370473
-2.375208
-3.286402
-3.292986
-2.375208
-3.292986
-3.286402
-3.292986
-2.372840
-2.374024
-2.370473
-2.377578
-2.370473
-3.292986
-3.294631
-3.301215
-2.569684
-2.375208
-3.288050
-2.376391
-3.302859
-2.372840
-2.372840
-2.371657
-2.376391
-2.376391
-3.301215
-3.297923
-2.370473
-2.372840
-3.291340
-1.648095
-3.301215
-2.369287
-2.374024
-3.291340
-3.299570
-3.292986
-2.379945
-3.299570
-2.377578
-3.294631
-3.288050
-3.294631
-3.291340
-2.377578
-2.378764
-2.376391
-3.294631
-3.296279
-3.291340
-2.378764
-2.372840
-2.371657
-3.294631
-2.371657
-3.294631
-3.291340
-3.288050
-2.382313
-2.374024
-3.296279
-2.377578
-2.369287
-2.378764
-2.377578
-2.371657
-2.371657
-2.375208
-2.371657
-3.296279
-3.292986
-2.381131
-2.369287
-3.292986
-2.371657
-2.381131
-3.289694
-2.374024
-3.296279
-2.371657
-3.289694
-2.374024
-3.288050
-2.362184
-3.292986
-2.374024
-2.376391
-2.370473
-1.650564
-2.371657
-3.283111
-2.375208
-2.371657
-3.292986
-3.302859
-3.301215
-2.375208
-2.370473
-3.291340
-3.289694
-2.576109
-3.294631
-2.574823
-2.376391
-2.370473
-2.370473
-2.377578
-1.652208
-2.378764
-2.374024
-2.368106
-2.371657
-3.288050
-3.297923
-2.379945
-3.288050
-2.371657
-3.294631
-3.296279
-2.375208
-3.294631
-3.297923
-2.368106
-2.374024
-2.372840
-3.283111
-3.294631
-3.304507
-3.289694
-2.375208
-2.372840
-3.283111
-3.291340
-2.377578
-3.297923
-3.289694
-2.368106
-3.291340
-3.294631
-3.294631
-3.299570
-2.371657
-2.374024
-2.370473
-3.301215
-3.302859
-2.368106
-3.299570
-3.292986
-2.574823
-2.374024
-3.289694
-2.379945
-2.372840
-2.372840
-2.578676
-3.292986
-2.384681
-3.284758
-2.372840
-2.375208
-1.651387
-3.294631
-2.371657
-3.294631
-2.366920
-2.379945
-3.283111
-3.297923
-3.291340
-1.656327
-3.292986
-3.297923
-2.369287
-3.302859
-3.286402
-2.378764
-2.375208
-2.374024
-3.294631
-3.302859
-3.292986
-3.294631
-2.374024
-2.368106
-3.291340
-2.559405
-3.292986
-2.377578
-2.568399
-2.375208
-3.286402
-2.375208
-2.374024
-2.379945
-3.297923
-2.375208
-2.382313
-2.366920
-2.375208
-2.370473
-2.372840
-3.292986
-2.376391
-3.297923
-3.296279
-2.384681
-3.297923
-2.371657
-2.578676
-2.369287
-2.370473
-2.366920
-3.292986
-2.376391
-2.371657
-2.372840
-2.372840
-2.374024
-3.278175
-2.374024
-2.366920
-3.294631
-3.297923
-3.288050
-3.294631
-3.294631
-2.574823
-2.374024
-3.291340
-2.374024
-3.296279
-2.576109
-3.297923
-2.371657
-3.291340
-3.292986
-2.375208
-2.374024
-3.292986
-2.374024
-2.375208
-3.294631
-2.372840
-3.294631
-2.378764
-3.291340
-2.579964
-3.311088
-2.371657
-3.292986
-2.370473
-2.372840
-2.375208
-2.368106
-3.297923
-3.291340
-2.371657
-2.375208
-2.368106
-3.292986
-2.368106
-3.289694
-2.375208
-3.294631
-2.368106
-3.296279
-1.650564
-3.292986
-2.378764
-2.374024
-3.284758
-3.291340
-2.572253
-2.370473
-2.369287
-3.297923
-3.291340
-1.653035
-2.370473
-3.279822
-3.291340
-2.372840
-1.651387
-3.297923
-2.578676
-2.372840
-2.376391
-2.374024
-2.376391
-3.296279
-2.368106
-2.371657
-2.377578
-3.304507
-3.299570
-2.376391
-3.292986
-3.291340
-2.375208
-2.372840
-2.378764
-2.375208
-3.296279
-3.296279
-2.371657
-2.374024
-2.384681
-2.364550
-2.370473
-2.376391
-2.375208
-3.292986
-3.292986
-2.369287
-2.376391
-2.370473
-3.288050
-2.371657
-3.292986
-3.291340
-2.371657
-2.382313
-2.376391
-3.284758
-2.372840
-2.372840
-2.370473
-2.577394
-2.376391
-2.372840
-1.652208
-3.294631
-2.376391
-2.368106
-3.291340
-2.378764
-2.372840
-3.294631
-2.379945
-2.369287
-3.294631
-2.376391
-3.286402
-3.286402
-2.568399
-2.377578
-2.569684
-2.371657
-2.374024
-2.568399
-2.378764
-3.301215
-3.296279
-2.377578
-3.283111
-2.377578
-3.288050
-3.301215
-2.370473
-2.365736
-2.371657
-3.297923
-2.376391
-3.296279
-2.371657
-2.372840
-3.294631
-3.291340
-2.371657
-2.372840
-2.378764
-2.378764
-2.377578
-2.372840
-2.376391
-3.299570
-2.371657
-2.375208
-2.370473
-2.374024
-2.565828
-2.371657
-3.294631
-2.371657
-3.288050
-3.286402
-2.375208
-2.376391
-2.382313
-2.374024
-2.374024
-3.288050
-3.279822
-3.291340
-2.374024
-3.302859
-2.376391
-3.297923
-2.376391
-3.294631
-2.378764
-2.371657
-2.372840
-2.376391
-3.296279
-2.371657
-2.371657
-3.289694
-3.292986
-3.299570
-3.291340
-3.294631
-3.284758
-2.378764
-3.286402
-3.302859
-3.296279
-2.377578
-3.292986
-2.374024
-2.377578
-3.296279
-2.370473
-2.374024
-2.377578
-2.378764
-3.299570
-2.375208
-3.286402
-2.379945
-3.291340
-2.371657
-2.371657
-2.378764
-3.288050
-3.297923
-2.374024
-2.379945
-2.376391
-3.289694
-2.366920
-3.294631
-2.378764
-2.376391
-2.371657
-3.307797
-3.296279
-2.372840
-2.379945
-2.372840
-3.289694
-2.372840
-3.302859
-3.294631
-2.371657
-2.576109
-3.292986
-3.292986
-2.377578
-3.291340
-2.372840
-2.388233
-2.375208
-2.371657
-2.375208
-2.376391
-2.375208
-2.369287
-3.301215
-3.299570
-2.377578
-3.294631
-3.299570
-3.291340
-2.372840
-3.289694
-3.299570
-2.370473
-3.291340
-3.288050
-2.561974
-2.379945
-3.292986
-2.377578
-2.372840
-2.570969
-2.569684
-3.291340
-2.374024
-2.368106
-3.297923
-3.302859
-2.372840
-3.292986
-2.375208
-3.284758
-3.301215
-2.376391
-2.374024
-2.579964
-2.375208
-2.574823
-2.376391
-3.301215
-2.378764
-2.372840
-3.292986
-2.371657
-2.378764
-3.292986
-3.291340
-3.299570
-3.289694
-2.370473
-3.289694
-2.374024
-3.289694
-3.292986
-3.297923
-3.294631
-3.291340
-2.366920
-3.299570
-3.296279
-2.369287
-2.372840
-2.381131
-3.284758
-2.372840
-2.572253
-2.374024
-2.379945
-2.375208
-3.291340
-2.374024
-2.569684
-2.374024
-2.377578
-2.374024
-2.374024
-2.370473
-3.283111
-2.376391
-2.376391
-3.304507
-2.573540
-2.572253
-1.653035
-3.304507
-2.377578
-3.292986
-2.372840
-3.289694
-3.292986
-3.291340
-3.288050
-2.372840
-3.291340
-3.286402
-2.369287
-3.299570
-2.378764
-3.299570
-3.301215
-2.371657
-2.371657
-2.370473
-3.276529
-2.371657
-3.289694
-3.286402
-3.301215
-2.569684
-3.288050
-3.297923
-2.375208
-3.288050
-2.372840
-2.370473
-3.291340
-3.297923
-2.374024
-3.291340
-2.375208
-2.375208
-3.286402
-2.568399
-2.375208
-3.297923
-3.292986
-3.297923
-2.378764
-3.297923
-3.292986
-2.377578
-2.371657
-2.375208
-3.288050
-3.296279
-3.301215
-2.378764
-3.294631
-2.374024
-3.301215
-3.284758
-3.299570
-3.297923
-2.377578
-2.375208
-1.648918
-2.378764
-3.291340
-3.291340
-3.284758
-2.376391
-2.372840
-1.651387
-3.291340
-2.371657
-3.294631
-2.378764
-2.376391
-2.376391
-2.377578
-2.379945
-3.286402
-2.379945
-3.286402
-2.376391
-2.374024
-2.372840
-3.294631
-2.372840
-2.372840
-2.370473
-2.370473
-3.304507
-2.377578
-3.292986
-3.299570
-1.652208
-2.369287
-2.377578
-3.297923
-3.288050
-2.370473
-2.372840
-2.375208
-2.382313
-3.294631
-2.569684
-2.374024
-3.302859
-2.374024
-2.368106
-3.296279
-3.292986
-2.371657
-2.370473
-2.371657
-3.301215
-2.370473
-2.569684
-2.381131
-3.296279
-2.371657
-3.289694
-2.381131
-2.374024
-2.372840
-2.381131
-3.292986
-3.301215
-1.647270
-2.379945
-3.292986
-2.372840
-3.292986
-3.292986
-3.297923
-3.292986
-3.302859
-2.368106
-2.579964
-2.376391
-2.372840
-3.304507
-3.286402
-3.294631
-3.284758
-3.283111
-3.294631
-2.369287
-2.375208
-2.369287
-3.291340
-2.375208
-3.292986
-3.294631
-2.376391
-3.294631
-3.288050
-3.279822
-2.370473
-3.297923
-3.301215
-3.288050
-2.376391
-3.292986
-3.283111
-2.389418
-3.297923
-2.371657
-2.382313
-2.576109
-2.375208
-2.376391
-3.284758
-3.302859
-3.297923
-3.297923
-3.294631
-2.383498
-2.371657
-3.297923
-3.294631
-2.372840
-2.375208
-3.304507
-2.379945
-3.288050
-2.572253
-2.372840
-2.371657
-3.279822
-3.294631
-2.382313
-3.296279
-2.376391
-2.374024
-2.381131
-2.376391
-3.284758
-3.288050
-3.289694
-2.372840
-2.375208
-2.375208
-2.365736
-3.296279
-3.286402
-2.369287
-2.570969
-2.573540
-2.371657
-3.292986
-3.291340
-2.378764
-2.374024
-3.294631
-2.371657
-2.376391
-3.283111
-2.363369
-3.286402
-3.292986
-3.288050
-3.289694
-3.296279
-3.292986
-2.378764
-3.291340
-2.372840
-2.377578
-2.370473
-2.377578
-2.369287
-3.288050
-2.375208
-2.376391
-2.376391
-2.372840
-3.288050
-2.379945
-2.378764
-2.378764
-2.377578
-2.563259
-2.375208
-3.294631
-2.374024
-3.292986
-2.372840
-3.289694
-2.379945
-2.569684
-2.375208
-3.288050
-2.374024
-3.286402
-3.289694
-2.375208
-2.369287
-1.649740
-2.376391
-2.578676
-2.375208
-2.369287
-2.374024
-2.382313
-3.294631
-2.372840
-2.374024
-3.294631
-2.374024
-2.376391
-2.374024
-2.376391
-3.294631
-2.375208
-2.573540
-2.377578
-3.292986
-2.381131
-3.299570
-2.381131
-2.371657
-3.294631
-3.299570
-2.369287
-2.377578
-2.379945
-2.378764
-2.370473
-3.283111
-2.378764
-2.372840
-2.376391
-2.382313
-3.289694
-2.383498
-3.301215
-3.284758
-1.650564
-2.374024
-2.372840
-3.296279
-2.369287
-2.366920
-0.766900
-3.297923
-3.299570
-2.371657
-2.371657
-3.291340
-2.377578
-3.286402
-1.653035
-3.301215
-3.286402
-2.374024
-2.377578
-1.653035
-3.291340
-2.369287
-3.297923
-2.377578
-2.368106
-3.294631
-2.372840
-2.377578
-2.370473
-2.375208
-2.375208
-3.291340
-2.374024
-2.375208
-3.292986
-2.560692
-2.370473
-3.297923
-2.375208
-2.377578
-3.297923
-3.288050
-2.377578
-2.375208
-2.369287
-3.294631
-2.374024
-2.371657
-3.288050
-2.378764
-2.379945
-3.294631
-2.376391
-3.286402
-2.371657
-3.309445
-2.375208
-3.291340
-2.379945
-2.376391
-2.369287
-2.576109
-2.377578
-2.372840
-2.376391
-2.565828
-2.381131
-3.297923
-2.377578
-2.377578
-3.296279
-3.296279
-2.371657
-2.371657
-2.365736
-3.292986
-3.301215
-2.378764
-3.292986
-3.284758
-2.374024
-1.653860
-2.368106
-2.371657
-3.294631
-3.294631
-3.288050
-2.366920
-3.294631
-2.374024
-2.364550
-2.372840
-3.294631
-3.284758
-2.371657
-2.370473
-3.292986
-3.302859
-3.297923
-3.292986
-2.374024
-3.294631
-2.378764
-3.289694
-2.371657
-3.297923
-2.574823
-2.570969
-3.299570
-2.372840
-3.301215
-2.372840
-2.372840
-2.578676
-3.289694
-2.569684
-2.381131
-3.288050
-2.374024
-3.291340
-3.294631
-2.369287
-3.288050
-3.291340
-2.374024
-2.568399
-3.297923
-2.371657
-3.301215
-3.288050
-2.378764
-2.379945
-3.291340
-2.372840
-3.292986
-2.569684
-2.374024
-3.297923
-3.289694
-2.376391
-2.374024
-2.382313
-3.296279
-2.374024
-2.370473
-2.372840
-2.369287
-2.375208
-3.297923
-3.296279
-3.286402
-3.292986
-2.577394
-2.570969
-3.289694
-1.652208
-2.375208
-2.379945
-2.382313
-2.378764
-2.375208
-2.378764
-2.374024
-2.376391
-2.377578
-2.379945
-3.299570
-3.288050
-2.382313
-3.296279
-3.296279
-2.375208
-2.374024
-3.299570
-2.372840
-3.292986
-2.375208
-2.377578
-2.375208
-3.297923
-2.570969
-2.377578
-2.377578
-3.292986
-3.278175
-2.370473
-2.568399
-3.296279
-2.368106
-2.378764
-3.291340
-2.376391
-2.363369
-2.370473
-2.372840
-2.570969
-2.374024
-2.372840
-2.376391
-2.371657
-3.296279
-2.375208
-3.289694
-2.375208
-2.371657
-3.286402
-3.291340
-3.294631
-3.299570
-2.378764
-2.371657
-3.301215
-3.291726
-2.371657
-2.378764
-3.292986
-3.291340
-3.302859
-2.372840
-2.375208
-2.376391
-3.306155
-3.286402
-3.292986
-2.372840
-3.289694
-2.573540
-3.296279
-2.379945
-3.284758
-3.302859
-2.377578
-2.365736
-2.370473
-3.296279
-2.377578
-2.374024
-3.292986
-2.376391
-3.288050
-3.294631
-2.375208
-2.378764
-1.650564
-2.370473
-2.372840
-3.291340
-3.291340
-2.371657
-3.291340
-3.289694
-3.288050
-3.292986
-3.284758
-2.372840
-3.292986
-3.292986
-2.371657
-2.379945
-2.378764
-3.294631
-2.374024
-3.296279
-2.368106
-2.375208
-2.377578
-1.654680
-3.288050
-2.371657
-2.374024
-2.369287
-3.289694
-2.368106
-2.374024
-3.291340
-2.379945
-2.379945
-3.292986
-3.292986
-3.301215
-2.379945
-2.375208
-3.288050
-3.289694
-2.374024
-2.369287
-2.371657
-2.376391
-3.301215
-3.301215
-2.371657
-3.294631
-2.374024
-3.286402
-3.297923
-2.371657
-2.370473
-2.371657
-2.371657
-3.294631
-2.375208
-3.274887
-2.383498
-3.294631
-3.294631
-3.292986
-3.288050
-2.375208
-2.366920
-3.289694
-3.291340
-3.302859
-2.371657
-3.294631
-3.292986
-2.378764
-3.286402
-2.370473
-3.288050
-3.289694
-2.563259
-3.304507
-3.296279
-2.375208
-3.297923
-3.292986
-2.370473
-1.648095
-2.376391
-3.291340
-3.284758
-2.376391
-3.296279
-2.370473
-2.371657
-2.372840
-2.377578
-2.371657
-2.372840
-3.297923
-2.372840
-2.382313
-3.296279
-2.372840
-3.291340
-2.369287
-2.576109
-3.304507
-3.291340
-3.299570
-2.378764
-3.292986
-2.374024
-2.366920
-3.288050
-2.374024
-3.294631
-2.374024
-2.379945
-3.297923
-2.573540
-3.286402
-2.381131
-3.301215
-3.292986
-2.370473
-2.372840
-3.294631
-3.302859
-3.301215
-3.307797
-1.652208
-2.377578
-3.292986
-3.304507
-3.299570
-3.286402
-3.296279
-2.375208
-3.291340
-2.378764
-3.291340
-2.379945
-2.363369
-2.377578
-2.568399
-3.297923
-2.378764
-2.375208
-2.568399
-2.374024
-3.297923
-2.379945
-3.291340
-3.302859
-2.375208
-2.375208
-2.378764
-2.375208
-3.289694
-2.369287
-2.371657
-3.286402
-2.372840
-2.375208
-3.288050
-2.374024
-3.299570
-1.651387
-2.573540
-1.653035
-2.379945
-3.291340
-3.288050
-2.372840
-3.304507
-2.376391
-2.374024
-3.296279
-2.577394
-2.375208
-2.377578
-2.368106
-2.370473
-2.376391
-2.379945
-1.656327
-2.573540
-2.376391
-3.292986
-3.296279
-3.296279
-2.376391
-3.291340
-3.292986
-3.296279
-2.374024
-2.370473
-3.291340
-2.375208
-3.299570
-2.378764
-3.296279
-2.375208
-3.302859
-3.288050
-2.371657
-2.374024
-2.374024
-3.299570
-2.376391
-2.377578
-3.302859
-2.372840
-3.297923
-2.376391
-2.372840
-3.291340
-3.281466
-3.294631
-3.292986
-1.645624
-2.374024
-2.369287
-2.366920
-2.376391
-2.370473
-2.376391
-2.378764
-2.374024
-2.368106
-2.370473
-3.301215
-2.369287
-2.576109
-3.289694
-3.292986
-2.374024
-3.296279
-3.297923
-3.299570
-2.372840
-2.368106
-2.371657
-2.374024
-3.294631
-2.572253
-3.297923
-2.574823
-2.371657
-2.376391
-2.377578
-3.296279
-3.286402
-3.296279
-3.297923
-2.368106
-2.374024
-2.374024
-2.369287
-2.376391
-3.281466
-2.384681
-2.371657
-3.297923
-2.377578
-3.279822
-2.374024
-2.576109
-2.377578
-2.372840
-2.374024
-3.302859
-2.372840
-3.302859
-2.374024
-3.297923
-3.302859
-2.371657
-2.372840
-3.294631
-2.370473
-3.294631
-3.301215
-3.289694
-2.371657
-2.371657
-3.296279
-2.372840
-3.301215
-3.302859
-2.372840
-2.378764
-2.376391
-2.371657
-3.294631
-2.378764
-2.377578
-2.370473
-2.375208
-2.372840
-1.653035
-2.371657
-2.375208
-2.378764
-2.383498
-2.376391
-2.369287
-2.372840
-3.294631
-2.374024
-2.374024
-2.363369
-3.284758
-3.288050
-2.370473
-2.368106
-2.375208
-3.291340
-3.292986
-2.378764
-2.377578
-2.374024
-3.297923
-3.296279
-3.292986
-2.377578
-3.291340
-3.296279
-2.377578
-2.374024
-2.377578
-1.649740
-2.370473
-2.374024
-2.379945
-2.371657
-2.374024
-3.292986
-2.371657
-3.294631
-3.296279
-2.372840
-2.369287
-2.371657
-2.372840
-3.294631
-3.299570
-2.375208
-3.297923
-3.294631
-2.376391
-2.370473
-3.286402
-3.296279
-2.374024
-2.378764
-3.289694
-3.297923
-2.376391
-2.375208
-2.371657
-2.377578
-3.291340
-3.296279
-2.378764
-2.374024
-3.299570
-2.369287
-2.370473
-3.296279
-3.291340
-3.302859
-3.291340
-2.377578
-3.292986
-3.292986
-2.574823
-2.378764
-3.294631
-2.379945
-2.381131
-2.374024
-3.296279
-2.372840
-2.376391
-2.370473
-2.370473
-2.577394
-2.379945
-1.650564
-3.291340
-2.381131
-2.369287
-2.385864
-2.577394
-3.292986
-3.296279
-2.375208
-3.288050
-3.296279
-2.377578
-2.375208
-2.370473
-2.371657
-2.377578
-3.284758
-2.370473
-3.296279
-2.377578
-3.297923
-3.296279
-2.379945
-2.377578
-3.289694
-2.382313
-2.379945
-2.377578
-3.289694
-3.292986
-3.296279
-2.374024
-3.301215
-3.292986
-3.291340
-3.297923
-2.384681
-3.291340
-2.572253
-2.377578
-3.294631
-2.371657
-3.296279
-2.376391
-2.379945
-2.375208
-1.656327
-3.294631
-2.372840
-2.371657
-2.378764
-3.299570
-1.648095
-3.297923
-3.301215
-3.294631
-3.294631
-2.375208
-2.379945
-3.289694
-3.291340
-3.297923
-3.286402
-2.578676
-2.372840
-2.374024
-3.291340
-2.371657
-3.284758
-2.378764
-2.374024
-3.291340
-3.289694
-2.376391
-3.292986
-3.299570
-2.375208
-2.371657
-2.374024
-2.568399
-2.379945
-3.288050
-2.371657
-2.376391
-3.289694
-3.292986
-3.288050
-2.379945
-2.385864
-2.372840
-2.376391
-2.378764
-3.299570
-2.377578
-2.379945
-1.649740
-3.291340
-2.376391
-2.370473
-3.296279
-3.294631
-2.374024
-2.372840
-3.291340
-2.567115
-3.297923
-2.382313
-2.370473
-2.375208
-2.374024
-3.291340
-3.292986
-2.381131
-2.370473
-2.572253
-2.375208
-2.371657
-3.288050
-2.368106
-2.372840
-2.372840
-2.378764
-3.291340
-2.374024
-2.369287
-2.374024
-1.654680
-2.375208
-3.289694
-3.297923
-3.284758
-3.292986
-3.301215
-1.649740
-2.370473
-2.574823
-3.291340
-2.368106
-2.374024
-2.372840
-2.372840
-3.286402
-3.296279
-2.378764
-0.766133
-2.375208
-2.369287
-2.375208
-2.371657
-3.301215
-3.296279
-3.299570
-2.371657
-3.289694
-3.294631
-2.375208
-3.294631
-2.366920
-3.299570
-2.377578
-2.569684
-3.291340
-3.299570
-2.372840
-2.371657
-2.377578
-2.379945
-2.378764
-3.283111
-2.372840
-2.369287
-2.375208
-2.371657
-2.371657
-2.377578
-2.381131
-2.377578
-2.376391
-2.567115
-2.381131
-3.297923
-3.294631
-3.302859
-2.572253
-3.292986
-2.377578
-3.297923
-2.370473
-2.372840
-3.296279
-3.294631
-3.294631
-2.370473
-2.369287
-3.284758
-2.374024
-3.294631
-3.294631
-3.301215
-2.374024
-2.370473
-2.369287
-2.381131
-2.365736
-3.288050
-2.379945
-3.299570
-2.377578
-1.651387
-2.375208
-3.292986
-3.296279
-2.371657
-2.368106
-2.371657
-2.366920
-2.371657
-2.378764
-2.371657
-2.371657
-3.294631
-2.372840
-3.291340
-2.569684
-2.372840
-3.294631
-2.375208
-3.292986
-3.294631
-2.375208
-2.572253
-3.299570
-3.297923
-1.654680
-3.289694
-3.289694
-2.377578
-2.376391
-3.302859
-2.371657
-3.289694
-2.375208
-3.294631
-3.306155
-3.276529
-3.286402
-3.284758
-2.371657
-2.577394
-3.291340
-2.371657
-2.371657
-3.286402
-2.371657
-3.289694
-2.570969
-2.375208
-3.289694
-2.372840
-3.297923
-2.366920
-2.382313
-2.376391
-2.375208
-2.372840
-2.378764
-2.371657
-2.376391
-2.376391
-2.383498
-3.296279
-3.294631
-2.374024
-3.291340
-2.372840
-2.369287
-2.375208
-3.294631
-2.372840
-2.370473
-2.370473
-2.375208
-2.375208
-2.384681
-2.569684
-2.382313
-2.375208
-3.289694
-2.382313
-2.573540
-2.377578
-2.372840
-2.375208
-2.378764
-2.372840
-2.370473
-2.372840
-2.371657
-2.371657
-2.372840
-3.286402
-2.374024
-2.372840
-2.381131
-3.291340
-2.376391
-2.572253
-1.653035
-2.567115
-2.371657
-2.377578
-3.301215
-3.299570
-2.377578
-2.382313
-2.369287
-2.378764
-2.368106
-2.374024
-3.291340
-3.294631
-2.374024
-2.568399
-2.376391
-2.573540
-2.375208
-3.291340
-2.378764
-3.299570
-2.370473
-2.371657
-3.292986
-3.302859
-3.294631
-3.294631
-2.375208
-2.374024
-2.570969
-3.296279
-3.288050
-3.296279
-3.297923
-2.374024
-3.302859
-2.372840
-2.377578
-3.292986
-2.376391
-3.296279
-3.296279
-3.291340
-3.297923
-3.294631
-3.292986
-3.289694
-3.294631
-2.378764
-2.377578
-2.370473
-2.374024
-2.378764
-3.291340
-2.377578
-2.372840
-2.375208
-2.377578
-3.299570
-2.375208
-2.372840
-3.292986
-3.291340
-3.296279
-2.375208
-3.292986
-2.371657
-3.289694
-2.371657
-3.301215
-2.372840
-2.375208
-3.302859
-2.374024
-2.371657
-3.291340
-2.374024
-3.294631
-3.286402
-3.605865
-3.294631
-3.301215
-2.375208
-3.297923
-3.289694
-2.370473
-2.378764
-2.374024
-3.299570
-3.299570
-2.374024
-3.289694
-3.301215
-2.377578
-2.376391
-2.372840
-2.365736
-3.288050
-2.378764
-3.297923
-2.381131
-3.302859
-2.377578
-2.371657
-2.372840
-3.297923
-3.289694
-2.374024
-2.379945
-3.291340
-3.289694
-2.371657
-2.375208
-3.283111
-2.372840
-3.294631
-1.653035
-2.381131
-2.369287
-2.371657
-3.301215
-2.381131
-3.279822
-3.301215
-3.291340
-2.377578
-3.292986
-2.378764
-0.766900
-3.301215
-2.379945
-2.378764
-3.289694
-2.377578
-2.576109
-2.375208
-2.370473
-2.371657
-3.306155
-2.372840
-3.279822
-2.370473
-2.369287
-2.374024
-3.286402
-2.370473
-2.381131
-3.296279
-3.279822
-3.296279
-3.306155
-2.372840
-1.653860
-2.572253
-2.371657
-3.299570
-2.375208
-3.289694
-2.375208
-2.374024
-2.370473
-3.297923
-2.371657
-3.301215
-2.376391
-2.572253
-2.378764
-3.294631
-3.301215
-2.377578
-2.368106
-3.294631
-2.378764
-3.294631
-2.376391
-2.370473
-2.370473
-3.292986
-2.371657
-3.294631
-2.382313
-2.565828
-2.377578
-2.372840
-3.291340
-2.376391
-2.382313
-2.375208
-3.301215
-3.297923
-3.299570
-2.379945
-2.379945
-3.289694
-2.370473
-2.372840
-3.294631
-2.372840
-3.283111
-2.576109
-3.306155
-2.384681
-2.379945
-3.296279
-2.568399
-3.288050
-2.379945
-3.301215
-2.371657
-2.374024
-1.653860
-2.371657
-2.369287
-2.377578
-3.299570
-1.651387
-3.296279
-2.372840
-2.375208
-3.284758
-3.296279
-3.294631
-2.374024
-2.368106
-2.372840
-3.296279
-1.650564
-2.374024
-3.301215
-2.370473
-3.288050
-2.369287
-2.365736
-3.299570
-2.372840
-2.370473
-2.377578
-2.370473
-2.369287
-2.376391
-2.379945
-3.292986
-2.372840
-2.378764
-3.294631
-2.377578
-2.379945
-3.288050
-2.376391
-2.371657
-3.288050
-2.374024
-2.372840
-3.292986
-3.292986
-3.302859
-2.377578
-2.567115
-3.297923
-2.372840
-2.570969
-3.296279
-2.371657
-2.376391
-3.296279
-2.371657
-3.299570
-2.573540
-2.374024
-3.297923
-3.304507
-2.579964
-2.371657
-2.375208
-3.291340
-2.374024
-3.304507
-2.372840
-2.375208
-2.374024
-3.292986
-3.299570
-2.375208
-2.374024
-3.296279
-3.297923
-3.302859
-2.375208
-2.366920
-2.378764
-3.297923
-3.289694
-1.649740
-3.294631
-3.288050
-2.569684
-3.291340
-2.376391
-2.372840
-3.294631
-2.379945
-3.299570
-3.294631
-2.364550
-2.372840
-3.294631
-2.567115
-3.297923
-2.376391
-2.374024
-2.375208
-2.381131
-3.289694
-2.372840
-2.574823
-2.377578
-2.372840
-2.369287
-3.283111
-2.372840
-2.372840
-2.371657
-2.369287
-2.382313
-2.377578
-2.375208
-2.377578
-3.292986
-2.376391
-2.376391
-2.375208
-2.375208
-2.365736
-3.292986
-3.299570
-2.375208
-2.374024
-3.296279
-3.294631
-2.376391
-2.375208
-2.369287
-2.371657
-3.288050
-3.294631
-2.569684
-3.289694
-3.296279
-2.369287
-3.294631
-3.297923
-3.297923
-2.375208
-2.368106
-3.292986
-2.374024
-2.371657
-2.377578
-2.567115
-2.374024
-2.378764
-2.377578
-2.375208
-2.382313
-3.291340
-2.378764
-3.292986
-2.374024
-2.371657
-3.294631
-2.371657
-3.289694
-3.292986
-2.376391
-3.302859
-3.302859
-2.372840
-2.381131
-2.371657
-3.294631
-2.371657
-2.569684
-2.371657
-2.387049
-2.370473
-2.372840
-3.296279
-2.368106
-2.371657
-2.375208
-3.297923
-2.371657
-3.291340
-2.375208
-2.374024
-2.374024
-3.297923
-2.379945
-2.375208
-2.375208
-2.375208
-2.374024
-2.383498
-3.296279
-3.292986
-3.301215
-3.301215
-2.369287
-2.371657
-3.294631
-3.292986
-2.378764
-2.374024
-3.301215
-3.289694
-3.284758
-2.375208
-3.291340
-2.378764
-3.281466
-3.304507
-0.766133
-2.369287
-3.297923
-2.371657
-3.301215
-3.294631
-2.376391
-3.291340
-2.371657
-2.570969
-2.382313
-2.572253
-3.291340
-3.278175
-2.374024
-3.302859
-3.296279
-3.289694
-2.366920
-3.297923
-2.371657
-2.379945
-2.370473
-3.302859
-3.294631
-3.299570
-3.291340
-2.377578
-3.291340
-3.296279
-3.284758
-2.377578
-1.651387
-3.288050
-2.371657
-3.294631
-3.302859
-2.372840
-3.297923
-3.297923
-2.372840
-3.296279
-3.291340
-2.377578
-3.297923
-3.301215
-2.376391
-3.292986
-2.369287
-3.296279
-2.374024
-3.294631
-2.370473
-2.374024
-2.369287
-2.374024
-3.297923
-3.292986
-3.297923
-3.302859
-3.289694
-2.372840
-2.375208
-2.371657
-2.382313
-2.374024
-2.376391
-3.297923
-2.369287
-2.377578
-2.381131
-3.297923
-3.294631
-3.291340
-2.369287
-3.294631
-2.368106
-2.377578
-3.294631
-2.368106
-3.284758
-2.372840
-3.278175
-3.302859
-3.301215
-2.368106
-2.370473
-1.650564
-2.565828
-2.377578
-3.292986
-3.294631
-3.292986
-2.375208
-3.307797
-3.288050
-3.294631
-2.376391
-2.372840
-2.375208
-3.292986
-2.376391
-2.376391
-2.372840
-2.375208
-3.288050
-3.294631
-3.302859
-2.371657
-2.375208
-2.375208
-2.375208
-3.281466
-3.291340
-3.281466
-2.379945
-2.364550
-2.372840
-3.297923
-2.576109
-3.283111
-2.371657
-2.366920
-2.368106
-3.302859
-3.297923
-2.579964
-3.292986
-3.294631
-2.371657
-3.289694
-3.286402
-2.376391
-3.292986
-3.294631
-2.381131
-2.369287
-2.370473
-2.377578
-2.374024
-2.378764
-2.376391
-2.377578
-2.371657
-2.372840
-2.375208
-2.377578
-3.296279
-3.297923
-3.302859
-3.296279
-1.653035
-2.375208
-3.302859
-3.296279
-2.572253
-2.383498
-3.291340
-2.376391
-2.572253
-2.374024
-3.294631
-3.286402
-2.378764
-2.372840
-2.374024
-3.299570
-2.370473
-2.376391
-3.297923
-2.368106
-3.299570
-3.302859
-3.284758
-3.297923
-2.375208
-2.369287
-3.301215
-2.369287
-2.382313
-2.375208
-2.372840
-3.299570
-3.286402
-2.371657
-2.374024
-3.294631
-2.376391
-2.377578
-3.288050
-2.375208
-2.382313
-2.378764
-3.292986
-2.372840
-2.371657
-2.372840
-3.289694
-3.292986
-2.569684
-2.371657
-3.289694
-2.374024
-3.296279
-2.376391
-2.374024
-2.382313
-2.374024
-3.297923
-2.378764
-3.294631
-2.375208
-2.377578
-2.375208
-3.296279
-3.288050
-2.375208
-2.377578
-2.374024
-3.292986
-2.375208
-3.297923
-2.378764
-2.376391
-2.376391
-2.378764
-2.369287
-3.291340
-3.292986
-2.370473
-2.570969
-3.297923
-2.375208
-3.284758
-2.374024
-2.376391
-3.296279
-3.294631
-2.371657
-3.291340
-3.296279
-2.377578
-3.299570
-2.381131
-2.371657
-2.369287
-2.375208
-3.297923
-2.371657
-2.377578
-2.370473
-2.375208
-3.292986
-3.296279
-3.286402
-3.289694
-3.297923
-3.286402
-3.306155
-2.368106
-3.301215
-3.301215
-1.652208
-2.372840
-2.369287
-3.291340
-2.382313
-3.289694
-2.372840
-3.292986
-2.375208
-2.375208
-3.297923
-2.377578
-3.302859
-2.565828
-2.369287
-2.376391
-2.366920
-2.378764
-3.286402
-3.299570
-2.375208
-3.299570
-2.368106
-3.296279
-3.291340
-3.301215
-2.376391
-3.291340
-3.297923
-2.372840
-3.301215
-2.377578
-2.374024
-2.570969
-3.297923
-3.296279
-2.377578
-2.369287
-2.374024
-2.371657
-3.283111
-2.366920
-3.299570
-2.376391
-3.289694
-2.568399
-3.301215
-2.377578
-2.371657
-2.372840
-2.368106
-2.377578
-3.294631
-3.296279
-2.570969
-2.374024
-2.372840
-3.296279
-2.374024
-2.376391
-3.294631
-3.294631
-2.372840
-3.292986
-3.299570
-3.289694
-3.294631
-2.372840
-3.291340
-3.292986
-2.379945
-2.371657
-2.374024
-2.570969
-2.366920
-3.297923
-2.376391
-3.294631
-3.291340
-0.766514
-2.366920
-3.294631
-1.653860
-2.376391
-3.297923
-3.297923
-2.378764
-2.376391
-2.369287
-3.292986
-2.371657
-2.374024
-1.647270
-3.306155
-2.366920
-2.375208
-2.378764
-3.302859
-2.368106
-2.376391
-2.369287
-2.370473
-2.372840
-2.366920
-3.297923
-3.297923
-3.299570
-3.297923
-3.292986
-2.378764
-3.299570
-2.370473
-3.289694
-3.297923
-2.371657
-2.377578
-2.374024
-3.296279
-3.304507
-2.369287
-2.376391
-2.377578
-3.297923
-3.299570
-3.294631
-2.371657
-3.284758
-1.650564
-1.651387
-2.374024
-3.296279
-2.375208
-3.291340
-2.371657
-3.286402
-2.569684
-2.375208
-2.377578
-2.376391
-2.382313
-3.292986
-3.297923
-2.374024
-1.649740
-3.297923
-3.299570
-3.299570
-2.370473
-2.376391
-3.289694
-2.377578
-2.370473
-2.375208
-2.383498
-2.371657
-3.301215
-2.377578
-2.366920
-2.578676
-2.378764
-3.292986
-2.362184
-3.304507
-2.375208
-3.286402
-2.376391
-2.368106
-2.375208
-2.372840
-2.374024
-3.302859
-2.368106
-2.572253
-3.286402
-2.378764
-2.371657
-2.374024
-2.375208
-3.286402
-2.359817
-3.294631
-3.292986
-2.379945
-2.378764
-2.372840
-2.379945
-2.375208
-2.377578
-3.291340
-3.297923
-2.377578
-3.297923
-2.567115
-3.289694
-2.379945
-3.294631
-3.288050
-2.372840
-2.371657
-2.377578
-2.377578
-1.652208
-2.379945
-3.292986
-2.377578
-3.288050
-2.377578
-2.377578
-3.297923
-2.374024
-2.368106
-2.368106
-3.297923
-2.372840
-2.569684
-2.371657
-3.296279
-3.301215
-2.372840
-3.294631
-1.647270
-2.377578
-2.574823
-2.372840
-2.374024
-2.379945
-2.375208
-3.294631
-3.296279
-2.377578
-2.366920
-3.288050
-3.294631
-2.378764
-3.296279
-3.297923
-2.372840
-3.284758
-2.378764
-3.286402
-2.382313
-3.294631
-2.370473
-3.292986
-2.372840
-3.288050
-2.372840
-2.369287
-3.296279
-3.297923
-2.376391
-3.304507
-2.378764
-2.378764
-2.376391
-2.378764
-2.370473
-3.292986
-2.372840
-2.376391
-2.378764
-3.289694
-3.309445
-3.294631
-3.292986
-2.369287
-2.377578
-0.765752
-2.378764
-2.368106
-3.296279
-3.297923
-3.286402
-3.294631
-3.302859
-3.299570
-2.379945
-2.577394
-3.288050
-2.371657
-3.299570
-2.369287
-3.288050
-2.372840
-3.296279
-2.370473
-3.299570
-3.297923
-2.378764
-2.368106
-2.379945
-2.374024
-3.289694
-3.296279
-2.369287
-3.292986
-3.299570
-2.372840
-2.372840
-2.364550
-2.370473
-2.375208
-2.576109
-3.297923
-2.370473
-2.371657
-3.297923
-3.301215
-3.289694
-3.294631
-3.294631
-2.377578
-2.375208
-2.379945
-2.377578
-2.376391
-2.375208
-2.576109
-3.302859
-2.378764
-3.288050
-2.371657
-3.297923
-2.376391
-2.372840
-3.294631
-3.291340
-2.378764
-3.281466
-2.376391
-2.374024
-3.296279
-3.294631
-3.294631
-2.374024
-2.377578
-2.372840
-3.297923
-3.297923
-2.372840
-2.371657
-2.374024
-3.292986
-2.374024
-3.296279
-2.369287
-3.301215
-3.291340
-3.291340
-3.299570
-2.377578
-3.292986
-2.371657
-2.376391
-2.371657
-3.283111
-3.297923
-3.294631
-2.372840
-3.299570
-3.292986
-2.370473
-3.294631
-2.377578
-3.288050
-2.368106
-2.372840
-2.377578
-2.578676
-2.376391
-2.375208
-2.376391
-2.569684
-2.375208
-3.292986
-2.372840
-2.370473
-3.301215
-2.569684
-3.292986
-3.292986
-2.365736
-2.368106
-2.378764
-2.378764
-2.371657
-2.372840
-2.376391
-2.376391
-2.569684
-3.286402
-3.291340
-2.372840
-2.371657
-3.301215
-2.377578
-3.294631
-2.374024
-2.376391
-2.372840
-2.576109
-3.283111
-2.371657
-2.375208
-2.377578
-2.374024
-2.375208
-3.297923
-2.375208
-3.294631
-2.376391
-2.371657
-3.292986
-2.372840
-3.299570
-2.371657
-3.297923
-2.370473
-3.281466
-3.301215
-2.375208
-3.291340
-2.378764
-2.369287
-3.292986
-2.376391
-3.292986
-3.294631
-2.375208
-2.369287
-1.652208
-3.301215
-3.291340
-1.650564
-2.576109
-2.379945
-2.376391
-2.382313
-3.296279
-2.569684
-2.378764
-3.296279
-2.365736
-3.283111
-3.304507
-3.296279
-2.375208
-2.377578
-3.301215
-3.283111
-3.283111
-2.369287
-3.288050
-2.370473
-3.297923
-3.297923
-3.294631
-3.297923
-2.372840
-3.296279
-3.284758
-2.378764
-2.381131
-2.384681
-3.291340
-2.376391
-2.369287
-2.579964
-2.378764
-3.292986
-3.296279
-3.291340
-3.299570
-2.371657
-2.569684
-3.291340
-3.289694
-3.294631
-3.294631
-2.377578
-3.291340
-3.289694
-2.372840
-2.376391
-2.379945
-2.372840
-2.375208
-2.375208
-2.372840
-3.302859
-2.374024
-3.291340
-2.371657
-2.369287
-2.377578
-3.297923
-2.569684
-2.574823
-3.284758
-3.294631
-3.286402
-3.299570
-2.374024
-3.301215
-2.374024
-2.377578
-2.375208
-3.286402
-2.374024
-2.375208
-3.289694
-3.284758
-2.366920
-2.371657
-3.291340
-2.375208
-2.372840
-2.371657
-3.297923
-2.382313
-2.376391
-2.376391
-2.369287
-2.377578
-2.376391
-3.301215
-2.371657
-2.374024
-3.283111
-2.375208
-3.297923
-3.289694
-2.370473
-2.372840
-2.378764
-3.296279
-2.372840
-2.370473
-2.374024
-2.381131
-2.372840
-2.377578
-2.372840
-2.567115
-3.291340
-3.302859
-2.372840
-2.371657
-2.379945
-3.288050
-2.377578
-2.379945
-2.375208
-2.369287
-2.374024
-2.368106
-2.365736
-3.299570
-3.294631
-2.372840
-2.369287
-3.304507
-2.377578
-2.376391
-3.292986
-2.565828
-3.301215
-3.291340
-2.377578
-2.377578
-3.304507
-3.292986
-3.301215
-2.372840
-2.570969
-3.292986
-2.371657
-2.372840
-3.296279
-2.372840
-3.311088
-2.384681
-3.292986
-2.377578
-2.372840
-3.296279
-2.372840
-0.768426
-1.652208
-2.379945
-2.374024
-3.296279
-2.376391
-2.374024
-3.299570
-3.286402
-3.294631
-2.374024
-3.288050
-2.370473
-3.296279
-2.374024
-1.646449
-2.370473
-2.368106
-3.294631
-2.381131
-3.284758
-3.284758
-3.292986
-2.375208
-2.371657
-2.370473
-2.370473
-2.374024
-2.376391
-2.372840
-2.369287
-2.376391
-3.292986
-3.296279
-3.291340
-3.297923
-3.292986
-2.374024
-2.369287
-3.294631
-3.292986
-2.374024
-2.372840
-3.291340
-1.654680
-2.369287
-3.296279
-2.375208
-2.375208
-2.369287
-2.372840
-1.653860
-3.288050
-2.374024
-1.653860
-3.291340
-2.369287
-2.372840
-2.376391
-2.376391
-2.375208
-2.372840
-2.375208
-2.379945
-3.301215
-2.376391
-3.301215
-3.292986
-2.374024
-3.296279
-3.291340
-2.375208
-2.378764
-2.382313
-3.301215
-3.292986
-2.383498
-2.375208
-3.292986
-3.291340
-3.296279
-2.371657
-2.369287
-2.374024
-2.371657
-2.563259
-3.292986
-2.376391
-3.284758
-3.296279
-2.374024
-2.372840
-3.289694
-3.294631
-3.289694
-2.371657
-2.375208
-3.291726
-1.649740
-2.372840
-2.374024
-2.372840
-2.379945
-2.372840
-2.378764
-2.578676
-1.653860
-3.292986
-2.376391
-2.375208
-3.289694
-2.376391
-2.371657
-2.376391
-2.381131
-2.372840
-2.376391
-3.299570
-3.301215
-2.377578
-3.294631
-3.292986
-2.377578
-3.297923
-3.286402
-2.370473
-3.304507
-2.374024
-2.371657
-2.381131
-3.291340
-2.374024
-2.374024
-2.372840
-1.648918
-3.291340
-2.574823
-3.289694
-2.377578
-2.568399
-3.296279
-2.374024
-2.375208
-3.292986
-2.376391
-2.372840
-2.569684
-2.569684
-1.650564
-2.375208
-3.292986
-2.371657
-2.379945
-2.376391
-2.375208
-3.294631
-2.375208
-2.371657
-1.654680
-3.301215
-2.371657
-2.366920
-3.286402
-2.369287
-2.375208
-2.375208
-2.370473
-3.289694
-2.372840
-2.570969
-2.381131
-2.379945
-3.301215
-2.377578
-2.372840
-2.376391
-3.289694
-2.378764
-2.381131
-1.652208
-3.297923
-2.372840
-3.288050
-3.294631
-2.376391
-2.375208
-3.299570
-3.302859
-2.372840
-3.289694
-2.370473
-1.651387
-3.297923
-2.572253
-3.304507
-3.301215
-3.289694
-3.292986
-2.377578
-2.375208
-2.372840
-3.291340
-3.296279
-2.369287
-2.379945
-2.374024
-3.289694
-3.294631
-2.378764
-2.374024
-2.372840
-3.299570
-2.369287
-2.374024
-2.374024
-2.382313
-2.377578
-2.370473
-2.570969
-3.291340
-3.302859
-2.378764
-3.304507
-2.375208
-2.372840
-2.371657
-3.307797
-3.296279
-2.372840
-3.288050
-2.371657
-3.296279
-2.370473
-3.288050
-2.371657
-2.375208
-2.369287
-2.379945
-3.296279
-2.369287
-3.297923
-2.371657
-2.376391
-2.381131
-3.296279
-2.374024
-3.307797
-2.375208
-2.374024
-2.376391
-2.371657
-3.288050
-3.296279
-2.379945
-2.370473
-2.378764
-3.294631
-3.302859
-2.366920
-3.299570
-2.365736
-3.291340
-2.370473
-3.291340
-3.294631
-3.294631
-2.374024
-2.568399
-2.376391
-3.288050
-2.371657
-3.301215
-2.377578
-2.370473
-2.365736
-2.581251
-3.292986
-2.374024
-2.371657
-2.371657
-2.377578
-3.294631
-2.377578
-3.292986
-2.382313
-2.368106
-2.377578
-3.291340
-1.652208
-2.374024
-2.375208
-3.292986
-1.653860
-3.292986
-3.296279
-2.379945
-3.299570
-3.294631
-2.378764
-2.375208
-3.292986
-2.370473
-3.302859
-2.369287
-2.377578
-3.294631
-3.288050
-2.371657
-3.292986
-3.301215
-3.301215
-2.369287
-3.286402
-2.371657
-3.294631
-2.374024
-3.291340
-3.299570
-2.370473
-2.369287
-3.304507
-3.286402
-2.372840
-2.374024
-2.383498
-3.292986
-2.370473
-2.382313
-2.369287
-3.289694
-2.368106
-2.370473
-2.377578
-2.379945
-3.296279
-2.375208
-3.286402
-3.296279
-2.374024
-2.378764
-3.299570
-3.306155
-3.297923
-2.378764
-2.381131
-3.294631
-2.372840
-2.375208
-3.302859
-3.299570
-2.376391
-3.297923
-2.377578
-2.365736
-2.371657
-3.294631
-2.379945
-2.377578
-2.381131
-2.377578
-3.289694
-2.377578
-2.369287
-3.302859
-3.297923
-3.288050
-2.379945
-2.376391
-3.291340
-2.368106
-2.374024
-2.372840
-2.369287
-2.376391
-2.368106
-2.370473
-3.297923
-3.301215
-2.372840
-3.296279
-3.294631
-2.374024
-1.646449
-2.375208
-2.376391
-3.294631
-3.281466
-2.375208
-2.570969
-2.370473
-2.371657
-2.372840
-3.288050
-2.376391
-3.299570
-3.294631
-2.369287
-3.292986
-3.614890
-2.375208
-2.371657
-3.292986
-3.296279
-2.376391
-2.377578
-3.288050
-2.371657
-2.369287
-2.364550
-2.375208
-2.376391
-3.289694
-2.375208
-2.374024
-3.294631
-3.297923
-3.284758
-2.377578
-3.296279
-3.304507
-2.372840
-3.294631
-2.378764
-2.375208
-2.372840
-2.375208
-3.299570
-3.304507
-3.299570
-2.372840
-3.289694
-2.376391
-1.653860
-2.375208
-2.372840
-3.304507
-3.299570
-1.649740
-3.294631
-3.294631
-3.294631
-3.302859
-3.291340
-3.297923
-2.573540
-3.292986
-3.292986
-3.296279
-3.301215
-3.297923
-2.377578
-3.296279
-3.296279
-2.376391
-2.374024
-2.371657
-2.374024
-2.376391
-2.371657
-2.371657
-2.377578
-2.370473
-3.301215
-3.301215
-3.296279
-3.299570
-2.374024
-3.307797
-2.570969
-3.297923
-3.284758
-2.377578
-2.363369
-2.372840
-2.376391
-2.375208
-2.379945
-2.370473
-2.371657
-2.374024
-3.292986
-2.378764
-3.292986
-2.375208
-3.289694
-3.291340
-3.302859
-2.375208
-2.374024
-2.369287
-2.374024
-2.375208
-2.376391
-2.365736
-1.651387
-2.377578
-3.296279
-2.369287
-3.296279
-3.291340
-2.374024
-2.376391
-3.306155
-3.289694
-3.301215
-2.374024
-2.370473
-3.302859
-3.301215
-2.372840
-3.292986
-3.283111
-3.288050
-2.383498
-2.376391
-3.288050
-3.292986
-2.376391
-2.370473
-2.376391
-2.383498
-3.301215
-3.301215
-2.371657
-2.374024
-2.375208
-3.294631
-2.372840
-2.577394
-2.378764
-3.294631
-3.296279
-2.372840
-2.375208
-2.371657
-2.573540
-2.374024
-3.292986
-2.376391
-2.567115
-2.379945
-2.564544
-3.297923
-3.296279
-2.374024
-3.301215
-2.379945
-3.296279
-2.374024
-3.289694
-2.369287
-3.291340
-2.370473
-3.613084
-3.291340
-2.372840
-3.286402
-2.366920
-3.297923
-3.296279
-3.292986
-3.296279
-2.371657
-2.371657
-3.291340
-3.291340
-3.294631
-2.375208
-2.377578
-2.369287
-3.281466
-3.299570
-3.299570
-3.291340
-2.369287
-2.378764
-2.372840
-2.370473
-2.376391
-3.302859
-3.291340
-3.296279
-2.374024
-2.371657
-3.304507
-2.573540
-3.291340
-2.379945
-3.297923
-2.370473
-2.370473
-3.288050
-3.297923
-3.294631
-3.286402
-3.296279
-2.371657
-3.297923
-2.372840
-3.302859
-2.378764
-2.369287
-3.292986
-2.374024
-2.375208
-2.577394
-3.288050
-3.294631
-3.297923
-2.374024
-2.374024
-2.371657
-3.301215
-3.301215
-3.289694
-2.374024
-2.377578
-3.302859
-3.291340
-2.370473
-2.377578
-2.368106
-2.375208
-2.576109
-3.299570
-2.377578
-2.374024
-2.573540
-3.289694
-2.370473
-2.376391
-1.650564
-3.288050
-2.369287
-3.296279
-2.377578
-2.371657
-1.653860
-3.296279
-2.370473
-3.297923
-3.286402
-2.378764
-3.291340
-2.567115
-3.296279
-2.375208
-2.378764
-2.570969
-2.378764
-2.377578
-3.297923
-3.301215
-2.376391
-2.376391
-3.294631
-3.302859
-3.294631
-2.376391
-2.378764
-3.296279
-2.374024
-2.372840
-1.646449
-2.371657
-2.372840
-3.292986
-2.374024
-2.376391
-2.370473
-2.375208
-1.652208
-3.288050
-2.375208
-2.370473
-2.375208
-2.370473
-2.371657
-3.294631
-3.292986
-3.296279
-3.289694
-2.377578
-2.381131
-3.292986
-3.297923
-2.565828
-2.371657
-3.294631
-2.379945
-2.366920
-3.301215
-2.374024
-3.291340
-3.301215
-3.294631
-2.375208
-3.283111
-2.374024
-3.292986
-2.379945
-3.296279
-2.377578
-2.369287
-2.376391
-2.376391
-3.301215
-0.766514
-2.366920
-2.370473
-3.296279
-2.375208
-2.377578
-3.302859
-2.383498
-2.381131
-3.296279
-2.379945
-3.288050
-2.372840
-2.374024
-3.296279
-2.377578
-3.289694
-2.372840
-3.299570
-2.377578
-3.284758
-2.369287
-2.371657
-2.377578
-2.376391
-2.376391
-3.292986
-3.289694
-2.371657
-3.302859
-3.292986
-3.301215
-3.297923
-3.299570
-2.375208
-1.650564
-3.299570
-3.291340
-2.375208
-2.377578
-2.578676
-2.374024
-2.381131
-2.370473
-2.372840
-3.291340
-3.297923
-2.378764
-2.376391
-2.368106
-2.362184
-3.292986
-3.292986
-1.650564
-3.292986
-3.299570
-2.376391
-3.292986
-2.376391
-3.291340
-2.375208
-3.301215
-2.376391
-3.297923
-2.369287
-2.374024
-3.304507
-2.371657
-2.370473
-3.279822
-2.374024
-2.375208
-3.284758
-2.378764
-3.291340
-2.370473
-3.292986
-3.297923
-3.291340
-3.294631
-2.567115
-3.291340
-2.370473
-3.292986
-2.368106
-2.372840
-2.370473
-2.369287
-1.652208
-3.294631
-3.301215
-3.291340
-2.369287
-3.291340
-3.288050
-2.377578
-2.377578
-3.292986
-3.301215
-2.370473
-3.289694
-2.375208
-3.297923
-2.375208
-2.371657
-2.370473
-2.366920
-2.364550
-2.369287
-3.296279
-2.377578
-3.292986
-2.372840
-3.289694
-2.374024
-2.371657
-3.292986
-2.377578
-3.291340
-2.376391
-1.654680
-2.370473
-2.378764
-3.297923
-2.376391
-2.372840
-3.289694
-2.370473
-2.378764
-2.381131
-3.286402
-2.377578
-2.375208
-2.368106
-3.297923
-2.371657
-2.371657
-3.296279
-3.296279
-2.369287
-3.306155
-2.379945
-2.374024
-3.294631
-2.372840
-2.371657
-2.371657
-2.371657
-2.379945
-2.576109
-2.366920
-2.372840
-2.376391
-2.376391
-2.372840
-2.376391
-3.297923
-3.299570
-2.375208
-3.296279
-2.370473
-2.378764
-2.375208
-3.289694
-3.297923
-3.297923
-2.372840
-2.364550
-2.376391
-1.651387
-3.286402
-2.377578
-2.375208
-3.292986
-3.299570
-2.372840
-3.286402
-3.281466
-3.297923
-2.378764
-2.374024
-2.375208
-2.368106
-3.283111
-2.375208
-2.375208
-2.377578
-3.291340
-2.368106
-3.292986
-3.307797
-2.375208
-3.297923
-2.569684
-2.371657
-1.651387
-3.297923
-3.302859
-3.294631
-2.369287
-2.378764
-2.375208
-2.379945
-2.384681
-3.291340
-3.289694
-3.288050
-2.376391
-2.374024
-2.376391
-3.296279
-2.372840
-2.374024
-2.569684
-2.368106
-2.372840
-1.645624
-3.294631
-2.371657
-3.283111
-2.368106
-2.570969
-3.294631
-2.377578
-2.372840
-2.370473
-2.378764
-3.301215
-2.378764
-3.288050
-2.374024
-2.381131
-2.378764
-3.299570
-3.292986
-2.377578
-2.573540
-3.292986
-2.371657
-2.374024
-1.651387
-3.292986
-2.378764
-3.286402
-2.375208
-2.374024
-2.376391
-2.374024
-2.369287
-2.372840
-3.296279
-3.296279
-3.306155
-3.281466
-2.371657
-2.570969
-3.291340
-2.378764
-3.299570
-2.375208
-2.369287
-3.297923
-3.306155
-2.377578
-3.291340
-2.376391
-3.299570
-2.564544
-2.379945
-3.296279
-2.375208
-2.374024
-2.376391
-2.375208
-2.372840
-2.379945
-2.378764
-3.292986
-3.296279
-2.372840
-3.292986
-2.378764
-3.294631
-3.284758
-2.376391
-2.360999
-3.289694
-2.375208
-2.368106
-3.301215
-2.377578
-3.294631
-3.296279
-3.297923
-2.375208
-3.296279
-3.291340
-3.296279
-3.288050
-2.378764
-3.288050
-2.567115
-3.296279
-2.374024
-3.296279
-2.372840
-3.294631
-3.292986
-3.297923
-2.579964
-3.296279
-3.296279
-3.289694
-3.292986
-2.370473
-3.304507
-2.376391
-3.296279
-3.297923
-3.292986
-2.572253
-2.369287
-2.371657
-3.296279
-3.296279
-2.372840
-2.376391
-2.374024
-2.368106
-3.294631
-3.284758
-3.291340
-2.371657
-2.376391
-2.377578
-3.301215
-2.375208
-3.294631
-2.370473
-3.299570
-3.297923
-2.378764
-2.370473
-2.561974
-3.296279
-2.375208
-3.297923
-1.656327
-2.371657
-2.375208
-2.371657
-2.574823
-2.369287
-3.304507
-2.371657
-3.288050
-2.370473
-2.372840
-2.376391
-3.294631
-3.296279
-2.376391
-2.370473
-3.296279
-2.378764
-2.372840
-2.377578
-2.376391
-3.292986
-2.376391
-2.372840
-2.374024
-3.291340
-2.377578
-2.375208
-2.376391
-2.572253
-2.375208
-3.296279
-2.375208
-2.381131
-2.371657
-3.294631
-3.288050
-2.379945
-3.296279
-2.376391
-3.301215
-3.296279
-3.292986
-3.291340
-2.578676
-2.377578
-2.369287
-2.371657
-2.372840
-3.294631
-2.372840
-3.301215
-2.375208
-2.576109
-3.286402
-2.374024
-3.288050
-3.292986
-3.296279
-2.369287
-3.296279
-2.374024
-2.372840
-2.378764
-2.375208
-3.292986
-3.299570
-3.288050
-3.289694
-2.372840
-2.376391
-3.301215
-2.370473
-2.377578
-2.370473
-3.297923
-2.570969
-3.291340
-3.294631
-2.369287
-3.291340
-2.371657
-2.374024
-3.625720
-2.570969
-2.581251
-2.378764
-3.307797
-2.370473
-2.374024
-2.371657
-3.299570
-2.372840
-2.374024
-3.294631
-3.286402
-2.370473
-3.297923
-2.374024
-2.370473
-2.375208
-2.375208
-2.370473
-2.377578
-3.292986
-3.296279
-3.301215
-2.372840
-2.366920
-2.372840
-3.288050
-2.374024
-3.302859
-3.296279
-3.294631
-3.301215
-2.381131
-2.379945
-2.370473
-2.578676
-2.376391
-2.379945
-2.376391
-2.371657
-2.378764
-2.371657
-3.296279
-2.372840
-2.375208
-3.294631
-3.291340
-2.368106
-2.379945
-3.288050
-1.648918
-3.284758
-3.292986
-3.296279
-2.375208
-3.291340
-3.294631
-2.374024
-2.377578
-2.376391
-3.292986
-2.369287
-2.375208
-3.289694
-2.378764
-2.369287
-2.372840
-3.304507
-3.296279
-3.296279
-2.375208
-2.374024
-3.289694
-2.370473
-2.374024
-2.375208
-2.375208
-3.292986
-3.296279
-3.283111
-3.289694
-2.371657
-2.376391
-2.372840
-2.370473
-2.376391
-3.289694
-2.378764
-2.370473
-2.574823
-3.301215
-2.375208
-3.291340
-3.297923
-3.296279
-2.383498
-2.366920
-3.283111
-2.375208
-2.372840
-3.299570
-3.296279
-3.294631
-2.377578
-2.371657
-3.299570
-2.369287
-2.368106
-3.291340
-2.366920
-2.569684
-2.375208
-3.288050
-3.301215
-2.364550
-2.370473
-2.374024
-2.378764
-2.372840
-3.294631
-2.371657
-3.299570
-2.371657
-3.288050
-3.294631
-2.378764
-2.369287
-3.286402
-3.296279
-2.372840
-3.294631
-2.374024
-3.297923
-3.283111
-3.296279
-2.371657
-2.377578
-3.296279
-2.568399
-2.369287
-2.372840
-2.371657
-3.286402
-3.301215
-2.370473
-2.375208
-2.370473
-2.372840
-3.291340
-2.370473
-2.374024
-2.372840
-2.374024
-2.377578
-2.372840
-3.302859
-2.370473
-3.299570
-3.304507
-3.302859
-2.378764
-3.292986
-2.374024
-3.288050
-3.288050
-2.377578
-2.375208
-3.297923
-2.374024
-2.567115
-3.288050
-2.371657
-2.375208
-2.365736
-2.369287
-2.372840
-3.296279
-2.371657
-2.378764
-2.369287
-2.574823
-2.377578
-3.291340
-3.299570
-2.375208
-3.301215
-3.296279
-2.370473
-3.299570
-3.291340
-2.374024
-2.378764
-2.378764
-3.289694
-3.297923
-3.304507
-2.377578
-2.364550
-3.301215
-2.379945
-3.294631
-2.374024
-2.374024
-2.376391
-3.291340
-2.371657
-2.369287
-2.379945
-2.382313
-2.378764
-2.376391
-2.376391
-3.297923
-3.283111
-3.289694
-2.371657
-3.306155
-3.291340
-2.376391
-2.377578
-3.296279
-3.288050
-2.376391
-2.371657
-2.375208
-2.376391
-2.370473
-2.374024
-3.296279
-3.294631
-3.288050
-3.299570
-2.375208
-2.371657
-2.377578
-3.288050
-2.366920
-2.372840
-2.381131
-2.376391
-2.372840
-3.292986
-2.371657
-2.371657
-3.288050
-2.375208
-2.374024
-2.369287
-3.299570
-2.372840
-2.368106
-3.297923
-2.574823
-2.376391
-2.379945
-2.574823
-3.283111
-2.379945
-2.372840
-2.375208
-2.374024
-3.286402
-2.567115
-2.369287
-3.291340
-3.288050
-2.378764
-2.375208
-2.377578
-3.284758
-3.299570
-2.572253
-3.296279
-2.377578
-2.375208
-2.370473
-2.370473
-2.374024
-2.379945
-2.376391
-2.563259
-2.372840
-2.369287
-2.374024
-3.299570
-2.573540
-2.371657
-2.379945
-2.374024
-2.578676
-3.289694
-3.299570
-3.302859
-2.577394
-2.570969
-0.766900
-2.379945
-2.579964
-2.379945
-3.294631
-2.375208
-2.375208
-2.381131
-2.372840
-2.375208
-2.372840
-3.301215
-2.376391
-3.292986
-2.371657
-3.294631
-3.292986
-2.374024
-1.652208
-2.377578
-3.296279
-3.292986
-3.292986
-3.292986
-2.375208
-3.291340
-2.368106
-2.370473
-2.371657
-2.568399
-2.369287
-3.288050
-2.372840
-3.284758
-2.370473
-2.371657
-2.372840
-2.377578
-2.371657
-2.381131
-2.366920
-3.291340
-2.372840
-3.294631
-2.376391
-2.371657
-2.371657
-3.284758
-2.377578
-3.291340
-3.291340
-3.294631
-3.289694
-2.371657
-3.291340
-3.289694
-3.294631
-2.376391
-3.297923
-3.296279
-2.376391
-2.370473
-2.369287
-3.297923
-2.372840
-2.369287
-2.576109
-2.369287
-2.576109
-3.292986
-2.366920
-3.299570
-2.374024
-2.370473
-3.291340
-2.376391
-3.294631
-3.289694
-2.378764
-2.378764
-3.294631
-3.289694
-3.291340
-2.370473
-3.292986
-2.581251
-2.374024
-2.370473
-2.372840
-2.574650
-2.379945
-2.372840
-2.371657
-2.366920
-3.291340
-2.370473
-3.297923
-2.375208
-1.653860
-3.292986
-2.375208
-2.375208
-3.302859
-2.567115
-3.301215
-3.289694
-3.297923
-2.365736
-2.372840
-3.288050
-1.654680
-2.568399
-2.382313
-1.651387
-3.289694
-2.570969
-2.376391
-3.297923
-2.363369
-3.296279
-2.379945
-3.279822
-2.377578
-2.372840
-2.371657
-3.289694
-2.377578
-2.372840
-3.296279
-2.377578
-3.609475
-2.366920
-3.299570
-2.376391
-1.652208
-2.376391
-2.372840
-3.299570
-2.369287
-2.372840
-3.294631
-3.292986
-3.296279
-3.291340
-3.294631
-3.288050
-3.288050
-2.375208
-3.294631
-2.375208
-2.370473
-2.370473
-2.378764
-1.650564
-2.573540
-2.377578
-2.570969
-3.297923
-3.297923
-2.573540
-2.378764
-3.289694
-2.366920
-3.296279
-3.299570
-2.375208
-2.378764
-3.292986
-2.371657
-3.291340
-2.379945
-2.374024
-3.296279
-3.296279
-3.292986
-2.573540
-2.375208
-2.374024
-3.291340
-2.374024
-2.377578
-1.651387
-2.565828
-2.374024
-2.375208
-2.371657
-2.370473
-2.378764
-3.284758
-2.374024
-2.377578
-3.289694
-1.652208
-3.288050
-2.378764
-3.296279
-2.374024
-3.286402
-2.371657
-3.291340
-3.292986
-2.383498
-2.568399
-2.371657
-3.284758
-2.381131
-3.292986
-2.370473
-2.366920
-3.299570
-3.283111
-2.370473
-2.370473
-2.371657
-2.377578
-2.372840
-3.299570
-3.306155
-3.296279
-2.376391
-2.379945
-3.302859
-2.374024
-2.377578
-3.292986
-2.376391
-3.306155
-2.377578
-3.294631
-2.570969
-3.296279
-2.374024
-2.377578
-3.291340
-3.291340
-2.374024
-2.374024
-3.291340
-2.371657
-3.292986
-3.286402
-3.284758
-2.372840
-2.374024
-2.366920
-3.291340
-3.301215
-3.301215
-3.296279
-2.574823
-1.648918
-2.368106
-3.291340
-2.378764
-2.375208
-3.286402
-3.304507
-2.369287
-2.372840
-1.651387
-1.647270
-2.376391
-2.379945
-3.289694
-2.379945
-2.375208
-2.565828
-3.286402
-3.291340
-2.381131
-3.288050
-2.568399
-2.378764
-3.291340
-2.376391
-3.297923
-2.376391
-3.289694
-2.370473
-2.374024
-3.294631
-2.366920
-3.291340
-3.297923
-2.374024
-2.379945
-2.364550
-3.281466
-3.296279
-2.371657
-2.374024
-2.374024
-2.568399
-3.291340
-3.297923
-2.374024
-2.376391
-2.375208
-3.299570
-2.370473
-3.304507
-3.294631
-2.372840
-3.297923
-2.366920
-3.294631
-3.299570
-3.284758
-3.288050
-2.376391
-2.568399
-2.377578
-2.375208
-3.294631
-3.299570
-2.376391
-2.376391
-2.384681
-2.379945
-3.291340
-2.378764
-3.297923
-3.292986
-3.296279
-2.372840
-2.368106
-3.301215
-3.297923
-3.296279
-2.379945
-3.292986
-2.567115
-2.370473
-1.648095
-3.292986
-2.573540
-2.372840
-2.568399
-2.377578
-3.294631
-2.375208
-2.379945
-2.372840
-3.289694
-2.577394
-3.289694
-3.289694
-2.366920
-2.371657
-2.376391
-2.369287
-2.376391
-2.573540
-3.291340
-3.302859
-2.569684
-2.375208
-3.294631
-3.302859
-2.370473
-3.301215
-2.568399
-2.365736
-2.377578
-3.306155
-2.374024
-3.288050
-3.296279
-3.297923
-2.371657
-2.371657
-2.369287
-2.377578
-3.301215
-2.572253
-2.374024
-0.765752
-2.572253
-3.292986
-3.289694
-2.371657
-2.375208
-2.376391
-3.284758
-3.289694
-2.374024
-2.371657
-2.369287
-2.376391
-2.570969
-2.365736
-3.292986
-2.372840
-3.292986
-2.569684
-3.297923
-2.378764
-2.375208
-3.292986
-2.377578
-3.294631
-2.384681
-2.377578
-2.375208
-3.294631
-2.369287
-3.301215
-2.374024
-2.363369
-2.378764
-2.374024
-3.291340
-2.375208
-3.292986
-2.372840
-2.375208
-3.292986
-3.292986
-2.375208
-2.371657
-3.301215
-2.376391
-2.370473
-2.372840
-2.376391
-2.377578
-2.383498
-2.377578
-3.296279
-2.375208
-2.375208
-2.369287
-2.376391
-2.371657
-3.299570
-2.374024
-2.372840
-2.377578
-3.286402
-3.291340
-2.372840
-2.376391
-2.375208
-3.291340
-1.650564
-2.372840
-2.366920
-2.370473
-2.372840
-2.374024
-2.375208
-3.292986
-3.291340
-3.292986
-2.376391
-2.377578
-2.374024
-2.374024
-2.372840
-2.378764
-3.296279
-2.572253
-2.371657
-2.378764
-2.372840
-3.283111
-2.371657
-2.365736
-2.374024
-3.296279
-2.381131
-3.289694
-2.370473
-2.377578
-2.372840
-2.381131
-3.292986
-3.294631
-3.296279
-3.283111
-3.297923
-2.377578
-3.297923
-1.644801
-2.376391
-3.294631
-2.378764
-2.368106
-3.296279
-2.382313
-2.371657
-3.283111
-2.371657
-2.381131
-2.376391
-2.375208
-2.375208
-3.289694
-2.369287
-3.294631
-3.283111
-3.291340
-2.378764
-3.296279
-2.372840
-2.371657
-2.372840
-3.301215
-3.297923
-3.301215
-3.288050
-2.370473
-2.374024
-2.376391
-2.371657
-3.281466
-2.376391
-2.372840
-3.292986
-2.366920
-3.286402
-3.283111
-2.371657
-3.292986
-3.292986
-3.297923
-1.648095
-2.565828
-2.377578
-3.297923
-2.377578
-2.372840
-2.376391
-2.377578
-2.377578
-3.299570
-3.297923
-2.375208
-3.296279
-3.284758
-3.297923
-2.376391
-2.371657
-2.378764
-3.296279
-3.296279
-2.377578
-2.368106
-2.378764
-2.375208
-3.288050
-3.294631
-3.294631
-2.378764
-2.377578
-3.291340
-3.286402
-2.377578
-2.374024
-2.371657
-2.366920
-2.570969
-2.372840
-3.292986
-0.765371
-2.371657
-2.374024
-2.565828
-3.292986
-2.379945
-3.296279
-2.375208
-2.379945
-3.297923
-2.374024
-2.370473
-3.288050
-2.379945
-2.381131
-3.288050
-2.376391
-3.286402
-2.377578
-2.377578
-3.299570
-3.296279
-2.375208
-1.656327
-2.574823
-2.377578
-2.375208
-2.573540
-2.377578
-3.294631
-2.377578
-3.299570
-2.371657
-2.371657
-3.292986
-2.369287
-3.291340
-2.375208
-2.374024
-3.294631
-2.371657
-2.376391
-3.291340
-2.375208
-2.370473
-3.294631
-3.297923
-3.299570
-2.368106
-2.378764
-3.299570
-2.372840
-2.570969
-3.289694
-2.371657
-3.302859
-2.375208
-2.375208
-2.381131
-3.289694
-3.292986
-3.288050
-3.294631
-2.374024
-2.376391
-3.299570
-3.301215
-2.377578
-3.299570
-2.370473
-3.289694
-2.378764
-2.378764
-2.374024
-3.294631
-2.577394
-3.292986
-3.301215
-2.381131
-2.375208
-2.376391
-2.374024
-2.377578
-2.378764
-3.284758
-2.559405
-3.307797
-3.291340
-3.297923
-2.371657
-3.296279
-2.372840
-2.377578
-2.381131
-1.649740
-2.377578
-3.307797
-3.299570
-3.292986
-3.292986
-3.296279
-2.370473
-1.649740
-1.651387
-2.382313
-3.296279
-2.372840
-3.291340
-2.379945
-3.296279
-3.301215
-3.301215
-2.376391
-3.299570
-3.292986
-3.299570
-2.385864
-3.291340
-2.376391
-2.372840
-3.288050
-3.297923
-2.375208
-2.376391
-2.368106
-2.567115
-3.289694
-2.370473
-3.296279
-3.291340
-2.374024
-3.291340
-2.369287
-2.372840
-2.375208
-3.296279
-3.302859
-2.375208
-3.288050
-3.291340
-2.372840
-3.291340
-3.297923
-2.381131
-1.648918
-2.375208
-3.297923
-3.288050
-2.375208
-2.371657
-3.294631
-3.289694
-2.370473
-3.296279
-2.377578
-2.577394
-2.369287
-2.376391
-3.294631
-3.301215
-3.294631
-3.296279
-2.368106
-2.374024
-2.370473
-2.377578
-2.369287
-2.376391
-2.572253
-3.289694
-2.370473
-2.371657
-2.377578
-3.289694
-2.375208
-3.296279
-2.377578
-3.296279
-3.620303
-2.568399
-2.368106
-3.301215
-2.372840
-3.296279
-3.286402
-2.372840
-2.376391
-2.370473
-2.576109
-2.376391
-2.372840
-2.572253
-2.374024
-3.301215
-2.381131
-2.366920
-2.381131
-3.284758
-3.297923
-2.370473
-2.374024
-2.375208
-2.378764
-3.297923
-3.286402
-3.288050
-3.301215
-3.294631
-3.294631
-3.296279
-3.292986
-2.370473
-2.371657
-2.377578
-2.372840
-2.371657
-2.372840
-2.377578
-2.372840
-2.374024
-2.371657
-2.374024
-3.291340
-3.291340
-2.375208
-3.294631
-2.370473
-2.368106
-3.292986
-3.291340
-3.296279
-2.375208
-3.296279
-2.374024
-3.306155
-3.288050
-3.302859
-3.289694
-2.379945
-2.370473
-3.292986
-2.372840
-3.294631
-2.371657
-3.299570
-2.366920
-2.372840
-2.371657
-2.377578
-2.378764
-2.374024
-3.294631
-3.288050
-2.381131
-3.294631
-2.371657
-3.289694
-2.378764
-2.377578
-2.374024
-2.370473
-2.377578
-2.372840
-3.292986
-2.381131
-2.375208
-2.376391
-2.569684
-3.292986
-2.569684
-3.296279
-3.294631
-3.297923
-3.289694
-3.299570
-2.376391
-3.297923
-2.370473
-2.572253
-2.372840
-2.377578
-3.296279
-3.286402
-3.289694
-3.289694
-3.291340
-2.366920
-3.294631
-2.378764
-2.377578
-2.381131
-2.574823
-2.370473
-3.283111
-2.372840
-3.291340
-2.370473
-3.294631
-2.377578
-3.294631
-3.294631
-3.284758
-2.377578
-2.376391
-2.374024
-3.292986
-2.371657
-2.378764
-2.374024
-2.379945
-2.372840
-3.289694
-3.283111
-3.288050
-2.372840
-3.292986
-3.304507
-3.299570
-3.299570
-2.371657
-2.372840
-2.364550
-2.568399
-3.281466
-2.381131
-3.297923
-3.292986
-2.375208
-3.302859
-2.375208
-1.644801
-2.379945
-3.302859
-3.296279
-2.376391
-3.292986
-2.370473
-3.288050
-2.378764
-2.384681
-2.372840
-3.296279
-2.378764
-2.372840
-2.370473
-2.370473
-2.374024
-2.371657
-2.375208
-2.376391
-2.376391
-2.376391
-3.302859
-2.371657
-3.289694
-2.381131
-2.569684
-2.375208
-3.301215
-3.297923
-2.375208
-3.294631
-2.570969
-2.376391
-2.376391
-3.292986
-3.296279
-2.372840
-3.288050
-2.372840
-3.292986
-2.376391
-2.374024
-3.289694
-2.377578
-2.381131
-2.378764
-3.289694
-3.296279
-3.292986
-2.372840
-3.291340
-1.647270
-2.371657
-2.370473
-3.297923
-2.366920
-2.379945
-3.291340
-3.288050
-3.283111
-3.288050
-2.374024
-3.294631
-2.366920
-3.296279
-2.369287
-2.369287
-3.296279
-2.374024
-2.369287
-3.291340
-3.291340
-3.302859
-3.294631
-3.294631
-3.306155
-2.369287
-3.292986
-2.370473
-2.377578
-2.368106
-3.301215
-2.371657
-3.289694
-3.292986
-2.382313
-3.286402
-2.374024
-2.371657
-3.306155
-2.378764
-3.297923
-2.378764
-2.371657
-2.370473
-2.573540
-2.377578
-3.294631
-2.371657
-2.372840
-2.374024
-3.284758
-2.375208
-2.371657
-3.296279
-3.294631
-2.366920
-2.377578
-2.374024
-3.302859
-2.376391
-2.371657
-2.375208
-2.369287
-2.369287
-2.375208
-1.649740
-2.376391
-2.370473
-2.371657
-2.374024
-3.294631
-3.297923
-3.296279
-2.375208
-3.299570
-2.372840
-2.377578
-3.299570
-3.301215
-2.377578
-3.294631
-3.291340
-2.378764
-3.294631
-2.374024
-3.281466
-2.372840
-2.565828
-3.289694
-2.572253
-2.379945
-2.379945
-3.283111
-2.578676
-2.369287
-3.294631
-2.375208
-2.370473
-2.377578
-2.573540
-3.281466
-3.292986
-3.284758
-3.284758
-2.374024
-2.371657
-3.302859
-2.370473
-2.378764
-2.576109
-3.299570
-3.297923
-3.302859
-1.649740
-2.369287
-3.299570
-3.296279
-1.649740
-2.369287
-3.296279
-2.370473
-2.374024
-2.375208
-2.378764
-2.375208
-2.381131
-2.371657
-3.292986
-2.376391
-2.375208
-2.377578
-2.366920
-2.369287
-2.378764
-3.299570
-2.377578
-2.381131
-2.375208
-3.284758
-2.375208
-3.288050
-3.292986
-2.371657
-2.375208
-2.375208
-2.377578
-2.371657
-3.292986
-2.375208
-2.376391
-2.376391
-2.370473
-2.374024
-3.296279
-2.375208
-3.302859
-2.377578
-2.371657
-3.291340
-3.304507
-2.366920
-2.376391
-2.368106
-2.375208
-2.377578
-2.376391
-2.369287
-2.376391
-3.297923
-2.377578
-2.375208
-2.368106
-2.375208
-1.646449
-3.294631
-3.294631
-3.296279
-2.375208
-3.279822
-2.376391
-2.377578
-2.383498
-3.299570
-3.288050
-3.302859
-2.567115
-2.375208
-2.381131
-3.289694
-3.299570
-2.371657
-2.371657
-3.289694
-2.377578
-2.378764
-3.291340
-3.302859
-2.374024
-3.296279
-2.371657
-3.299570
-2.375208
-2.365736
-2.377578
-2.572253
-3.279822
-2.569684
-2.374024
-2.376391
-2.570969
-2.377578
-1.649740
-0.765752
-2.371657
-3.286402
-3.291340
-2.370473
-2.375208
-2.368106
-2.381131
-2.372840
-2.376391
-3.296279
-3.301215
-2.375208
-3.286402
-3.288050
-2.377578
-3.294631
-2.565828
-2.376391
-1.653860
-2.376391
-3.301215
-3.296279
-3.283111
-2.371657
-0.766133
-3.286402
-2.369287
-2.366920
-2.372840
-2.374024
-2.370473
-2.576109
-3.307797
-2.574823
-2.375208
-2.369287
-2.376391
-2.371657
-2.384681
-3.288050
-3.296279
-3.297923
-3.299570
-2.372840
-1.647270
-3.299570
-2.377578
-2.370473
-2.366920
-2.374024
-3.301215
-3.286402
-2.374024
-2.383498
-2.370473
-2.375208
-3.286402
-3.291340
-2.374024
-2.366920
-2.374024
-2.376391
-3.296279
-2.366920
-3.288050
-3.292986
-2.375208
-2.366920
-2.377578
-3.302859
-3.304507
-3.296279
-2.381131
-3.292986
-3.297923
-3.288050
-2.377578
-2.371657
-3.296279
-2.379945
-2.377578
-3.286402
-3.278175
-2.374024
-3.296279
-3.296279
-2.370473
-3.291340
-2.371657
-2.375208
-3.291340
-2.372840
-2.378764
-2.369287
-3.296279
-3.284758
-2.375208
-2.376391
-2.370473
-3.289694
-3.288050
-2.371657
-2.569684
-2.375208
-2.371657
-2.375208
-3.288050
-2.374024
-2.376391
-3.292986
-3.297923
-3.286402
-3.292986
-3.288050
-2.377578
-2.370473
-3.296279
-3.283111
-3.291340
-3.297923
-2.376391
-2.376391
-2.573540
-3.623914
-2.376391
-2.572253
-2.378764
-3.291340
-2.377578
-2.371657
-2.375208
-2.375208
-2.378764
-3.291340
-2.375208
-2.374024
-2.375208
-2.377578
-2.378764
-2.368106
-3.284758
-2.569684
-2.374024
-3.296279
-2.369287
-3.299570
-2.381131
-2.377578
-2.371657
-2.382313
-3.291340
-3.279822
-2.372840
-3.294631
-3.292986
-2.375208
-2.372840
-3.292986
-2.573540
-3.297923
-3.292986
-2.379945
-2.377578
-2.369287
-2.372840
-2.372840
-3.299570
-2.572253
-2.377578
-3.294631
-2.376391
-2.377578
-3.297923
-2.379945
-2.370473
-2.379945
-2.368106
-3.301215
-3.297923
-2.378764
-2.576109
-3.294631
-3.292986
-3.294631
-2.378764
-2.370473
-2.563259
-3.299570
-2.372840
-2.372840
-2.381131
-2.374024
-2.376391
-2.369287
-0.767284
-2.378764
-3.296279
-2.377578
-2.374024
-2.370473
-3.297923
-2.377578
-2.375208
-2.375208
-3.291340
-2.376391
-3.296279
-3.292986
-2.374024
-3.302859
-2.378764
-3.289694
-2.371657
-3.289694
-2.377578
-3.283111
-2.370473
-2.377578
-2.378764
-2.375208
-3.289694
-2.371657
-2.372840
-2.374024
-2.375208
-3.296279
-2.379945
-2.372840
-3.292986
-2.376391
-3.301215
-2.371657
-3.291340
-1.649740
-2.366920
-2.382313
-3.292986
-2.378764
-3.302859
-3.289694
-2.377578
-2.375208
-3.301215
-3.288050
-2.375208
-3.289694
-2.368106
-2.377578
-2.372840
-3.284758
-2.577394
-2.374024
-2.369287
-2.378764
-2.375208
-1.647270
-3.299570
-3.294631
-2.375208
-3.301215
-2.377578
-2.372840
-2.375208
-3.296279
-2.366920
-2.570969
-3.288050
-2.372840
-2.374024
-2.375208
-3.297923
-3.288050
-2.375208
-2.374024
-3.299570
-2.572253
-2.372840
-3.294631
-2.371657
-2.376391
-2.374024
-2.383498
-3.292986
-2.573540
-2.372840
-2.372840
-3.301215
-3.288050
-2.576109
-2.378764
-2.371657
-2.374024
-2.378764
-2.376391
-2.370473
-2.371657
-3.288050
-2.371657
-2.381131
-3.299570
-2.374024
-2.378764
-3.296279
-3.297923
-2.376391
-2.375208
-2.372840
-3.291340
-3.288050
-2.377578
-3.301215
-2.374024
-3.289694
-2.378764
-3.299570
-2.378764
-2.375208
-3.289694
-2.370473
-2.569684
-3.288050
-3.294631
-2.371657
-3.302859
-2.376391
-3.286402
-2.574823
-2.371657
-2.377578
-3.294631
-3.299570
-2.372840
-3.296279
-3.291340
-2.370473
-2.374024
-3.306155
-2.572253
-2.374024
-2.375208
-2.574823
-2.375208
-3.289694
-2.368106
-2.370473
-3.291340
-2.372840
-2.374024
-3.288050
-2.379945
-3.299570
-2.370473
-2.371657
-2.369287
-3.294631
-2.372840
-3.294631
-2.372840
-2.374024
-3.283111
-2.374024
-3.286402
-2.371657
-2.376391
-3.296279
-2.371657
-3.286402
-2.371657
-2.376391
-3.294631
-3.291340
-3.289694
-2.369287
-3.301215
-2.374024
-2.379945
-1.645624
-2.370473
-2.378764
-2.376391
-2.573540
-2.371657
-1.651387
-3.291340
-3.297923
-2.577394
-3.301215
-3.291340
-3.297923
-2.369287
-3.288050
-2.381131
-3.301215
-3.302859
-3.302859
-2.576109
-2.376391
-2.370473
-2.369287
-2.377578
-3.286402
-3.302859
-2.376391
-2.375208
-3.301215
-2.372840
-2.370473
-3.291340
-2.375208
-2.378764
-2.372840
-2.375208
-3.294631
-3.299570
-3.289694
-2.372840
-2.369287
-3.297923
-3.301215
-2.375208
-3.286402
-3.291340
-3.283111
-2.375208
-2.375208
-3.304507
-2.374024
-3.286402
-2.369287
-3.301215
-2.378764
-2.370473
-2.374024
-2.375208
-3.292986
-2.369287
-2.375208
-3.299570
-1.648918
-2.379945
-2.375208
-3.301215
-2.379945
-2.377578
-2.375208
-2.377578
-2.370473
-3.292986
-2.368106
-3.292986
-2.375208
-2.370473
-2.371657
-3.307797
-2.377578
-2.384681
-2.372840
-3.289694
-3.299570
-3.299570
-2.576109
-2.376391
-3.296279
-3.297923
-2.372840
-2.377578
-3.297923
-2.372840
-2.374024
-3.294631
-2.370473
-2.381131
-3.302859
-2.372840
-2.372840
-2.378764
-3.301215
-3.292986
-2.372840
-3.292986
-2.372840
-2.372840
-3.296279
-2.368106
-3.299570
-3.296279
-1.651387
-2.377578
-2.375208
-2.370473
-3.289694
-3.297923
-3.297923
-2.374024
-3.302859
-3.288050
-2.372840
-3.288050
-2.372840
-2.375208
-2.374024
-2.379945
-3.291340
-2.372840
-3.292986
-2.378764
-2.372840
-2.377578
-2.369287
-1.649740
-2.372840
-2.371657
-2.376391
-3.297923
-2.378764
-3.288050
-2.374024
-3.299570
-3.291340
-3.281466
-3.291340
-2.371657
-3.291340
-3.297923
-3.302859
-2.378764
-3.296279
-2.364550
-2.374024
-2.369287
-2.369287
-2.375208
-2.372840
-3.296279
-3.283111
-3.289694
-2.374024
-2.379945
-2.377578
-2.374024
-3.289694
-2.377578
-3.297923
-2.374024
-3.294631
-3.291340
-2.371657
-3.302859
-3.288050
-2.372840
-2.381131
-2.375208
-3.294631
-2.377578
-3.288050
-3.299570
-2.372840
-2.376391
-2.369287
-2.374024
-3.297923
-2.376391
-3.296279
-2.378764
-3.299570
-1.653860
-2.573540
-3.297923
-3.297923
-3.286402
-2.366920
-3.289694
-2.371657
-2.376391
-3.302859
-3.292986
-2.574823
-2.371657
-2.375208
-2.371657
-3.297923
-3.292986
-3.291340
-2.376391
-2.370473
-3.302859
-3.299570
-2.377578
-2.369287
-3.281466
-1.649740
-3.288050
-3.292986
-2.370473
-3.292986
-2.381131
-3.286402
-3.299570
-3.292986
-3.288050
-3.297923
-3.296279
-3.296279
-2.375208
-2.570969
-2.371657
-3.289694
-2.381131
-2.370473
-2.375208
-3.291340
-3.296279
-2.376391
-2.381131
-2.378764
-3.292986
-2.374024
-2.374024
-2.374024
-2.378764
-2.372840
-2.370473
-2.375208
-2.374024
-2.377578
-2.382313
-3.297923
-2.374024
-2.379945
-2.371657
-2.372840
-2.377578
-3.288050
-3.294631
-3.294631
-3.292986
-2.378764
-3.294631
-2.371657
-2.375208
-2.377578
-3.294631
-2.371657
-2.370473
-3.302859
-3.289694
-2.375208
-2.374024
-3.294631
-2.376391
-3.294631
-2.371657
-3.292986
-3.286402
-2.378764
-2.371657
-2.378764
-2.372840
-2.375208
-2.371657
-2.378764
-2.375208
-3.291340
-2.374024
-2.378764
-3.291340
-2.372840
-2.376391
-2.376391
-3.294631
-3.301215
-2.382313
-3.296279
-3.297923
-2.378764
-2.374024
-3.297923
-2.377578
-2.376391
-3.294631
-3.297923
-2.374024
-3.288050
-3.297923
-2.369287
-2.377578
-2.376391
-2.372840
-2.577394
-3.302859
-2.377578
-3.289694
-3.299570
-3.299570
-2.570969
-3.289694
-2.376391
-2.374024
-1.648918
-3.289694
-2.371657
-3.296279
-2.379945
-2.377578
-2.377578
-3.292986
-3.296279
-3.304507
-3.301215
-3.296279
-2.574823
-2.377578
-2.372840
-2.568399
-3.292986
-2.371657
-2.375208
-2.374024
-2.379945
-2.377578
-2.377578
-2.370473
-1.648918
-3.304507
-3.289694
-3.286402
-2.375208
-2.382313
-2.376391
-3.292986
-3.307797
-3.288050
-3.296279
-2.370473
-2.377578
-3.302859
-2.372840
-2.375208
-3.296279
-3.296279
-2.368106
-3.302859
-3.307797
-2.372840
-2.375208
-3.296279
-2.374024
-2.375208
-2.567115
-2.374024
-2.369287
-2.381131
-2.372840
-2.375208
-2.375208
-3.294631
